$GPGGA,160000.00,3330.0000,N,11600.0000,W,1,12,0.80,305.0,M,-33.0,M,,*6C
$GPGSA,A,3,05,07,13,15,18,20,24,30,02,12,25,29,1.5,0.8,1.2*3A
$GPGSV,3,1,12,05,55,120,44,07,34,210,38,13,21,300,35,15,60,045,44*71
$GPGSV,3,2,12,18,12,090,30,20,48,270,41,24,08,180,28,30,29,330,37*74
$GPGSV,3,3,12,02,41,150,33,12,17,060,31,25,72,015,45,29,45,240,39*79
$GPRMC,160000.00,A,3330.0000,N,11600.0000,W,6.55,90.0,080726,,,A*4A
$GPGGA,160001.00,3330.0000,N,11559.9978,W,1,12,0.80,305.0,M,-33.0,M,,*6D
$GPGSA,A,3,05,07,13,15,18,20,24,30,02,12,25,29,1.5,0.8,1.2*3A
$GPGSV,3,1,12,05,55,120,44,07,34,210,38,13,21,300,35,15,60,045,44*71
$GPGSV,3,2,12,18,12,090,30,20,48,270,41,24,08,180,28,30,29,330,37*74
$GPGSV,3,3,12,02,41,150,33,12,17,060,31,25,72,015,45,29,45,240,39*79
$GPRMC,160001.00,A,3330.0000,N,11559.9978,W,6.56,90.1,080726,,,A*49
$GPGGA,160002.00,3330.0000,N,11559.9956,W,1,12,0.80,305.0,M,-33.0,M,,*62
$GPGSA,A,3,05,07,13,15,18,20,24,30,02,12,25,29,1.5,0.8,1.2*3A
$GPGSV,3,1,12,05,55,120,44,07,34,210,38,13,21,300,35,15,60,045,44*71
$GPGSV,3,2,12,18,12,090,30,20,48,270,41,24,08,180,28,30,29,330,37*74
$GPGSV,3,3,12,02,41,150,33,12,17,060,31,25,72,015,45,29,45,240,39*79
$GPRMC,160002.00,A,3330.0000,N,11559.9956,W,6.57,90.1,080726,,,A*47
$GPGGA,160003.00,3330.0000,N,11559.9935,W,1,12,0.80,305.0,M,-33.0,M,,*66
$GPGSA,A,3,05,07,13,15,18,20,24,30,02,12,25,29,1.5,0.8,1.2*3A
$GPGSV,3,1,12,05,55,120,44,07,34,210,38,13,21,300,35,15,60,045,44*71
$GPGSV,3,2,12,18,12,090,30,20,48,270,41,24,08,180,28,30,29,330,37*74
$GPGSV,3,3,12,02,41,150,33,12,17,060,31,25,72,015,45,29,45,240,39*79
$GPRMC,160003.00,A,3330.0000,N,11559.9935,W,6.58,90.2,080726,,,A*4F
$GPGGA,160004.00,3330.0000,N,11559.9913,W,1,12,0.80,305.0,M,-33.0,M,,*65
$GPGSA,A,3,05,07,13,15,18,20,24,30,02,12,25,29,1.5,0.8,1.2*3A
$GPGSV,3,1,12,05,55,120,44,07,34,210,38,13,21,300,35,15,60,045,44*71
$GPGSV,3,2,12,18,12,090,30,20,48,270,41,24,08,180,28,30,29,330,37*74
$GPGSV,3,3,12,02,41,150,33,12,17,060,31,25,72,015,45,29,45,240,39*79
$GPRMC,160004.00,A,3330.0000,N,11559.9913,W,6.58,90.2,080726,,,A*4C
$GPGGA,160005.00,3330.0000,N,11559.9891,W,1,12,0.80,305.0,M,-33.0,M,,*6F
$GPGSA,A,3,05,07,13,15,18,20,24,30,02,12,25,29,1.5,0.8,1.2*3A
$GPGSV,3,1,12,05,55,120,44,07,34,210,38,13,21,300,35,15,60,045,44*71
$GPGSV,3,2,12,18,12,090,30,20,48,270,41,24,08,180,28,30,29,330,37*74
$GPGSV,3,3,12,02,41,150,33,12,17,060,31,25,72,015,45,29,45,240,39*79
$GPRMC,160005.00,A,3330.0000,N,11559.9891,W,6.59,90.3,080726,,,A*46
$GPGGA,160006.00,3330.0000,N,11559.9869,W,1,12,0.80,305.0,M,-33.0,M,,*6B
$GPGSA,A,3,05,07,13,15,18,20,24,30,02,12,25,29,1.5,0.8,1.2*3A
$GPGSV,3,1,12,05,55,120,44,07,34,210,38,13,21,300,35,15,60,045,44*71
$GPGSV,3,2,12,18,12,090,30,20,48,270,41,24,08,180,28,30,29,330,37*74
$GPGSV,3,3,12,02,41,150,33,12,17,060,31,25,72,015,45,29,45,240,39*79
$GPRMC,160006.00,A,3330.0000,N,11559.9869,W,6.60,90.4,080726,,,A*4F
$GPGGA,160007.00,3330.0000,N,11559.9847,W,1,12,0.80,305.1,M,-33.0,M,,*67
$GPGSA,A,3,05,07,13,15,18,20,24,30,02,12,25,29,1.5,0.8,1.2*3A
$GPGSV,3,1,12,05,55,120,44,07,34,210,38,13,21,300,35,15,60,045,44*71
$GPGSV,3,2,12,18,12,090,30,20,48,270,41,24,08,180,28,30,29,330,37*74
$GPGSV,3,3,12,02,41,150,33,12,17,060,31,25,72,015,45,29,45,240,39*79
$GPRMC,160007.00,A,3330.0000,N,11559.9847,W,6.61,90.4,080726,,,A*43
$GPGGA,160008.00,3329.9999,N,11559.9825,W,1,12,0.80,305.1,M,-33.0,M,,*64
$GPGSA,A,3,05,07,13,15,18,20,24,30,02,12,25,29,1.5,0.8,1.2*3A
$GPGSV,3,1,12,05,55,120,44,07,34,210,38,13,21,300,35,15,60,045,44*71
$GPGSV,3,2,12,18,12,090,30,20,48,270,41,24,08,180,28,30,29,330,37*74
$GPGSV,3,3,12,02,41,150,33,12,17,060,31,25,72,015,45,29,45,240,39*79
$GPRMC,160008.00,A,3329.9999,N,11559.9825,W,6.62,90.5,080726,,,A*42
$GPGGA,160009.00,3329.9999,N,11559.9803,W,1,12,0.80,305.1,M,-33.0,M,,*61
$GPGSA,A,3,05,07,13,15,18,20,24,30,02,12,25,29,1.5,0.8,1.2*3A
$GPGSV,3,1,12,05,55,120,44,07,34,210,38,13,21,300,35,15,60,045,44*71
$GPGSV,3,2,12,18,12,090,30,20,48,270,41,24,08,180,28,30,29,330,37*74
$GPGSV,3,3,12,02,41,150,33,12,17,060,31,25,72,015,45,29,45,240,39*79
$GPRMC,160009.00,A,3329.9999,N,11559.9803,W,6.63,90.6,080726,,,A*45
$GPGGA,160010.00,3329.9999,N,11559.9781,W,1,12,0.80,305.1,M,-33.0,M,,*6C
$GPGSA,A,3,05,07,13,15,18,20,24,30,02,12,25,29,1.5,0.8,1.2*3A
$GPGSV,3,1,12,05,55,120,44,07,34,210,38,13,21,300,35,15,60,045,44*71
$GPGSV,3,2,12,18,12,090,30,20,48,270,41,24,08,180,28,30,29,330,37*74
$GPGSV,3,3,12,02,41,150,33,12,17,060,31,25,72,015,45,29,45,240,39*79
$GPRMC,160010.00,A,3329.9999,N,11559.9781,W,6.63,90.6,080726,,,A*48
$GPGGA,160011.00,3329.9999,N,11559.9759,W,1,12,0.80,305.1,M,-33.0,M,,*68
$GPGSA,A,3,05,07,13,15,18,20,24,30,02,12,25,29,1.5,0.8,1.2*3A
$GPGSV,3,1,12,05,55,120,44,07,34,210,38,13,21,300,35,15,60,045,44*71
$GPGSV,3,2,12,18,12,090,30,20,48,270,41,24,08,180,28,30,29,330,37*74
$GPGSV,3,3,12,02,41,150,33,12,17,060,31,25,72,015,45,29,45,240,39*79
$GPRMC,160011.00,A,3329.9999,N,11559.9759,W,6.64,90.7,080726,,,A*4A
$GPGGA,160012.00,3329.9999,N,11559.9737,W,1,12,0.80,305.1,M,-33.0,M,,*63
$GPGSA,A,3,05,07,13,15,18,20,24,30,02,12,25,29,1.5,0.8,1.2*3A
$GPGSV,3,1,12,05,55,120,44,07,34,210,38,13,21,300,35,15,60,045,44*71
$GPGSV,3,2,12,18,12,090,30,20,48,270,41,24,08,180,28,30,29,330,37*74
$GPGSV,3,3,12,02,41,150,33,12,17,060,31,25,72,015,45,29,45,240,39*79
$GPRMC,160012.00,A,3329.9999,N,11559.9737,W,6.65,90.7,080726,,,A*40
$GPGGA,160013.00,3329.9998,N,11559.9715,W,1,12,0.80,305.1,M,-33.0,M,,*63
$GPGSA,A,3,05,07,13,15,18,20,24,30,02,12,25,29,1.5,0.8,1.2*3A
$GPGSV,3,1,12,05,55,120,44,07,34,210,38,13,21,300,35,15,60,045,44*71
$GPGSV,3,2,12,18,12,090,30,20,48,270,41,24,08,180,28,30,29,330,37*74
$GPGSV,3,3,12,02,41,150,33,12,17,060,31,25,72,015,45,29,45,240,39*79
$GPRMC,160013.00,A,3329.9998,N,11559.9715,W,6.66,90.8,080726,,,A*4C
$GPGGA,160014.00,3329.9998,N,11559.9693,W,1,12,0.80,305.1,M,-33.0,M,,*6B
$GPGSA,A,3,05,07,13,15,18,20,24,30,02,12,25,29,1.5,0.8,1.2*3A
$GPGSV,3,1,12,05,55,120,44,07,34,210,38,13,21,300,35,15,60,045,44*71
$GPGSV,3,2,12,18,12,090,30,20,48,270,41,24,08,180,28,30,29,330,37*74
$GPGSV,3,3,12,02,41,150,33,12,17,060,31,25,72,015,45,29,45,240,39*79
$GPRMC,160014.00,A,3329.9998,N,11559.9693,W,6.67,90.9,080726,,,A*44
$GPGGA,160015.00,3329.9998,N,11559.9670,W,1,12,0.80,305.1,M,-33.0,M,,*67
$GPGSA,A,3,05,07,13,15,18,20,24,30,02,12,25,29,1.5,0.8,1.2*3A
$GPGSV,3,1,12,05,55,120,44,07,34,210,38,13,21,300,35,15,60,045,44*71
$GPGSV,3,2,12,18,12,090,30,20,48,270,41,24,08,180,28,30,29,330,37*74
$GPGSV,3,3,12,02,41,150,33,12,17,060,31,25,72,015,45,29,45,240,39*79
$GPRMC,160015.00,A,3329.9998,N,11559.9670,W,6.67,90.9,080726,,,A*48
$GPGGA,160016.00,3329.9998,N,11559.9648,W,1,12,0.80,305.1,M,-33.0,M,,*6F
$GPGSA,A,3,05,07,13,15,18,20,24,30,02,12,25,29,1.5,0.8,1.2*3A
$GPGSV,3,1,12,05,55,120,44,07,34,210,38,13,21,300,35,15,60,045,44*71
$GPGSV,3,2,12,18,12,090,30,20,48,270,41,24,08,180,28,30,29,330,37*74
$GPGSV,3,3,12,02,41,150,33,12,17,060,31,25,72,015,45,29,45,240,39*79
$GPRMC,160016.00,A,3329.9998,N,11559.9648,W,6.68,91.0,080726,,,A*47
$GPGGA,160017.00,3329.9997,N,11559.9626,W,1,12,0.80,305.1,M,-33.0,M,,*69
$GPGSA,A,3,05,07,13,15,18,20,24,30,02,12,25,29,1.5,0.8,1.2*3A
$GPGSV,3,1,12,05,55,120,44,07,34,210,38,13,21,300,35,15,60,045,44*71
$GPGSV,3,2,12,18,12,090,30,20,48,270,41,24,08,180,28,30,29,330,37*74
$GPGSV,3,3,12,02,41,150,33,12,17,060,31,25,72,015,45,29,45,240,39*79
$GPRMC,160017.00,A,3329.9997,N,11559.9626,W,6.69,91.0,080726,,,A*40
$GPGGA,160018.00,3329.9997,N,11559.9604,W,1,12,0.80,305.1,M,-33.0,M,,*66
$GPGSA,A,3,05,07,13,15,18,20,24,30,02,12,25,29,1.5,0.8,1.2*3A
$GPGSV,3,1,12,05,55,120,44,07,34,210,38,13,21,300,35,15,60,045,44*71
$GPGSV,3,2,12,18,12,090,30,20,48,270,41,24,08,180,28,30,29,330,37*74
$GPGSV,3,3,12,02,41,150,33,12,17,060,31,25,72,015,45,29,45,240,39*79
$GPRMC,160018.00,A,3329.9997,N,11559.9604,W,6.70,91.1,080726,,,A*46
$GPGGA,160019.00,3329.9997,N,11559.9581,W,1,12,0.80,305.1,M,-33.0,M,,*69
$GPGSA,A,3,05,07,13,15,18,20,24,30,02,12,25,29,1.5,0.8,1.2*3A
$GPGSV,3,1,12,05,55,120,44,07,34,210,38,13,21,300,35,15,60,045,44*71
$GPGSV,3,2,12,18,12,090,30,20,48,270,41,24,08,180,28,30,29,330,37*74
$GPGSV,3,3,12,02,41,150,33,12,17,060,31,25,72,015,45,29,45,240,39*79
$GPRMC,160019.00,A,3329.9997,N,11559.9581,W,6.71,91.2,080726,,,A*4B
$GPGGA,160020.00,3329.9996,N,11559.9559,W,1,12,0.80,305.1,M,-33.0,M,,*67
$GPGSA,A,3,05,07,13,15,18,20,24,30,02,12,25,29,1.5,0.8,1.2*3A
$GPGSV,3,1,12,05,55,120,44,07,34,210,38,13,21,300,35,15,60,045,44*71
$GPGSV,3,2,12,18,12,090,30,20,48,270,41,24,08,180,28,30,29,330,37*74
$GPGSV,3,3,12,02,41,150,33,12,17,060,31,25,72,015,45,29,45,240,39*79
$GPRMC,160020.00,A,3329.9996,N,11559.9559,W,6.72,91.2,080726,,,A*46
$GPGGA,160021.00,3329.9996,N,11559.9537,W,1,12,0.80,305.2,M,-33.0,M,,*6D
$GPGSA,A,3,05,07,13,15,18,20,24,30,02,12,25,29,1.5,0.8,1.2*3A
$GPGSV,3,1,12,05,55,120,44,07,34,210,38,13,21,300,35,15,60,045,44*71
$GPGSV,3,2,12,18,12,090,30,20,48,270,41,24,08,180,28,30,29,330,37*74
$GPGSV,3,3,12,02,41,150,33,12,17,060,31,25,72,015,45,29,45,240,39*79
$GPRMC,160021.00,A,3329.9996,N,11559.9537,W,6.72,91.3,080726,,,A*4E
$GPGGA,160022.00,3329.9995,N,11559.9514,W,1,12,0.80,305.2,M,-33.0,M,,*6C
$GPGSA,A,3,05,07,13,15,18,20,24,30,02,12,25,29,1.5,0.8,1.2*3A
$GPGSV,3,1,12,05,55,120,44,07,34,210,38,13,21,300,35,15,60,045,44*71
$GPGSV,3,2,12,18,12,090,30,20,48,270,41,24,08,180,28,30,29,330,37*74
$GPGSV,3,3,12,02,41,150,33,12,17,060,31,25,72,015,45,29,45,240,39*79
$GPRMC,160022.00,A,3329.9995,N,11559.9514,W,6.73,91.3,080726,,,A*4E
$GPGGA,160023.00,3329.9995,N,11559.9492,W,1,12,0.80,305.2,M,-33.0,M,,*62
$GPGSA,A,3,05,07,13,15,18,20,24,30,02,12,25,29,1.5,0.8,1.2*3A
$GPGSV,3,1,12,05,55,120,44,07,34,210,38,13,21,300,35,15,60,045,44*71
$GPGSV,3,2,12,18,12,090,30,20,48,270,41,24,08,180,28,30,29,330,37*74
$GPGSV,3,3,12,02,41,150,33,12,17,060,31,25,72,015,45,29,45,240,39*79
$GPRMC,160023.00,A,3329.9995,N,11559.9492,W,6.74,91.4,080726,,,A*40
$GPGGA,160024.00,3329.9995,N,11559.9470,W,1,12,0.80,305.2,M,-33.0,M,,*69
$GPGSA,A,3,05,07,13,15,18,20,24,30,02,12,25,29,1.5,0.8,1.2*3A
$GPGSV,3,1,12,05,55,120,44,07,34,210,38,13,21,300,35,15,60,045,44*71
$GPGSV,3,2,12,18,12,090,30,20,48,270,41,24,08,180,28,30,29,330,37*74
$GPGSV,3,3,12,02,41,150,33,12,17,060,31,25,72,015,45,29,45,240,39*79
$GPRMC,160024.00,A,3329.9995,N,11559.9470,W,6.75,91.5,080726,,,A*4B
$GPGGA,160025.00,3329.9994,N,11559.9447,W,1,12,0.80,305.2,M,-33.0,M,,*6D
$GPGSA,A,3,05,07,13,15,18,20,24,30,02,12,25,29,1.5,0.8,1.2*3A
$GPGSV,3,1,12,05,55,120,44,07,34,210,38,13,21,300,35,15,60,045,44*71
$GPGSV,3,2,12,18,12,090,30,20,48,270,41,24,08,180,28,30,29,330,37*74
$GPGSV,3,3,12,02,41,150,33,12,17,060,31,25,72,015,45,29,45,240,39*79
$GPRMC,160025.00,A,3329.9994,N,11559.9447,W,6.75,91.5,080726,,,A*4F
$GPGGA,160026.00,3329.9994,N,11559.9425,W,1,12,0.80,305.2,M,-33.0,M,,*6A
$GPGSA,A,3,05,07,13,15,18,20,24,30,02,12,25,29,1.5,0.8,1.2*3A
$GPGSV,3,1,12,05,55,120,44,07,34,210,38,13,21,300,35,15,60,045,44*71
$GPGSV,3,2,12,18,12,090,30,20,48,270,41,24,08,180,28,30,29,330,37*74
$GPGSV,3,3,12,02,41,150,33,12,17,060,31,25,72,015,45,29,45,240,39*79
$GPRMC,160026.00,A,3329.9994,N,11559.9425,W,6.76,91.6,080726,,,A*48
$GPGGA,160027.00,3329.9993,N,11559.9402,W,1,12,0.80,305.2,M,-33.0,M,,*69
$GPGSA,A,3,05,07,13,15,18,20,24,30,02,12,25,29,1.5,0.8,1.2*3A
$GPGSV,3,1,12,05,55,120,44,07,34,210,38,13,21,300,35,15,60,045,44*71
$GPGSV,3,2,12,18,12,090,30,20,48,270,41,24,08,180,28,30,29,330,37*74
$GPGSV,3,3,12,02,41,150,33,12,17,060,31,25,72,015,45,29,45,240,39*79
$GPRMC,160027.00,A,3329.9993,N,11559.9402,W,6.77,91.6,080726,,,A*4A
$GPGGA,160028.00,3329.9992,N,11559.9380,W,1,12,0.80,305.2,M,-33.0,M,,*6A
$GPGSA,A,3,05,07,13,15,18,20,24,30,02,12,25,29,1.5,0.8,1.2*3A
$GPGSV,3,1,12,05,55,120,44,07,34,210,38,13,21,300,35,15,60,045,44*71
$GPGSV,3,2,12,18,12,090,30,20,48,270,41,24,08,180,28,30,29,330,37*74
$GPGSV,3,3,12,02,41,150,33,12,17,060,31,25,72,015,45,29,45,240,39*79
$GPRMC,160028.00,A,3329.9992,N,11559.9380,W,6.78,91.7,080726,,,A*47
$GPGGA,160029.00,3329.9992,N,11559.9357,W,1,12,0.80,305.2,M,-33.0,M,,*61
$GPGSA,A,3,05,07,13,15,18,20,24,30,02,12,25,29,1.5,0.8,1.2*3A
$GPGSV,3,1,12,05,55,120,44,07,34,210,38,13,21,300,35,15,60,045,44*71
$GPGSV,3,2,12,18,12,090,30,20,48,270,41,24,08,180,28,30,29,330,37*74
$GPGSV,3,3,12,02,41,150,33,12,17,060,31,25,72,015,45,29,45,240,39*79
$GPRMC,160029.00,A,3329.9992,N,11559.9357,W,6.79,91.8,080726,,,A*42
$GPGGA,160030.00,3329.9991,N,11559.9335,W,1,12,0.80,305.2,M,-33.0,M,,*6E
$GPGSA,A,3,05,07,13,15,18,20,24,30,02,12,25,29,1.5,0.8,1.2*3A
$GPGSV,3,1,12,05,55,120,44,07,34,210,38,13,21,300,35,15,60,045,44*71
$GPGSV,3,2,12,18,12,090,30,20,48,270,41,24,08,180,28,30,29,330,37*74
$GPGSV,3,3,12,02,41,150,33,12,17,060,31,25,72,015,45,29,45,240,39*79
$GPRMC,160030.00,A,3329.9991,N,11559.9335,W,6.79,91.8,080726,,,A*4D
$GPGGA,160031.00,3329.9991,N,11559.9312,W,1,12,0.80,305.2,M,-33.0,M,,*6A
$GPGSA,A,3,05,07,13,15,18,20,24,30,02,12,25,29,1.5,0.8,1.2*3A
$GPGSV,3,1,12,05,55,120,44,07,34,210,38,13,21,300,35,15,60,045,44*71
$GPGSV,3,2,12,18,12,090,30,20,48,270,41,24,08,180,28,30,29,330,37*74
$GPGSV,3,3,12,02,41,150,33,12,17,060,31,25,72,015,45,29,45,240,39*79
$GPRMC,160031.00,A,3329.9991,N,11559.9312,W,6.80,91.9,080726,,,A*4E
$GPGGA,160032.00,3329.9990,N,11559.9290,W,1,12,0.80,305.2,M,-33.0,M,,*63
$GPGSA,A,3,05,07,13,15,18,20,24,30,02,12,25,29,1.5,0.8,1.2*3A
$GPGSV,3,1,12,05,55,120,44,07,34,210,38,13,21,300,35,15,60,045,44*71
$GPGSV,3,2,12,18,12,090,30,20,48,270,41,24,08,180,28,30,29,330,37*74
$GPGSV,3,3,12,02,41,150,33,12,17,060,31,25,72,015,45,29,45,240,39*79
$GPRMC,160032.00,A,3329.9990,N,11559.9290,W,6.81,91.9,080726,,,A*46
$GPGGA,160033.00,3329.9989,N,11559.9267,W,1,12,0.80,305.2,M,-33.0,M,,*62
$GPGSA,A,3,05,07,13,15,18,20,24,30,02,12,25,29,1.5,0.8,1.2*3A
$GPGSV,3,1,12,05,55,120,44,07,34,210,38,13,21,300,35,15,60,045,44*71
$GPGSV,3,2,12,18,12,090,30,20,48,270,41,24,08,180,28,30,29,330,37*74
$GPGSV,3,3,12,02,41,150,33,12,17,060,31,25,72,015,45,29,45,240,39*79
$GPRMC,160033.00,A,3329.9989,N,11559.9267,W,6.82,92.0,080726,,,A*4E
$GPGGA,160034.00,3329.9989,N,11559.9244,W,1,12,0.80,305.2,M,-33.0,M,,*64
$GPGSA,A,3,05,07,13,15,18,20,24,30,02,12,25,29,1.5,0.8,1.2*3A
$GPGSV,3,1,12,05,55,120,44,07,34,210,38,13,21,300,35,15,60,045,44*71
$GPGSV,3,2,12,18,12,090,30,20,48,270,41,24,08,180,28,30,29,330,37*74
$GPGSV,3,3,12,02,41,150,33,12,17,060,31,25,72,015,45,29,45,240,39*79
$GPRMC,160034.00,A,3329.9989,N,11559.9244,W,6.82,92.1,080726,,,A*49
$GPGGA,160035.00,3329.9988,N,11559.9222,W,1,12,0.80,305.2,M,-33.0,M,,*64
$GPGSA,A,3,05,07,13,15,18,20,24,30,02,12,25,29,1.5,0.8,1.2*3A
$GPGSV,3,1,12,05,55,120,44,07,34,210,38,13,21,300,35,15,60,045,44*71
$GPGSV,3,2,12,18,12,090,30,20,48,270,41,24,08,180,28,30,29,330,37*74
$GPGSV,3,3,12,02,41,150,33,12,17,060,31,25,72,015,45,29,45,240,39*79
$GPRMC,160035.00,A,3329.9988,N,11559.9222,W,6.83,92.1,080726,,,A*48
$GPGGA,160036.00,3329.9987,N,11559.9199,W,1,12,0.80,305.2,M,-33.0,M,,*6B
$GPGSA,A,3,05,07,13,15,18,20,24,30,02,12,25,29,1.5,0.8,1.2*3A
$GPGSV,3,1,12,05,55,120,44,07,34,210,38,13,21,300,35,15,60,045,44*71
$GPGSV,3,2,12,18,12,090,30,20,48,270,41,24,08,180,28,30,29,330,37*74
$GPGSV,3,3,12,02,41,150,33,12,17,060,31,25,72,015,45,29,45,240,39*79
$GPRMC,160036.00,A,3329.9987,N,11559.9199,W,6.84,92.2,080726,,,A*43
$GPGGA,160037.00,3329.9987,N,11559.9176,W,1,12,0.80,305.2,M,-33.0,M,,*6B
$GPGSA,A,3,05,07,13,15,18,20,24,30,02,12,25,29,1.5,0.8,1.2*3A
$GPGSV,3,1,12,05,55,120,44,07,34,210,38,13,21,300,35,15,60,045,44*71
$GPGSV,3,2,12,18,12,090,30,20,48,270,41,24,08,180,28,30,29,330,37*74
$GPGSV,3,3,12,02,41,150,33,12,17,060,31,25,72,015,45,29,45,240,39*79
$GPRMC,160037.00,A,3329.9987,N,11559.9176,W,6.84,92.2,080726,,,A*43
$GPGGA,160038.00,3329.9986,N,11559.9153,W,1,12,0.80,305.2,M,-33.0,M,,*62
$GPGSA,A,3,05,07,13,15,18,20,24,30,02,12,25,29,1.5,0.8,1.2*3A
$GPGSV,3,1,12,05,55,120,44,07,34,210,38,13,21,300,35,15,60,045,44*71
$GPGSV,3,2,12,18,12,090,30,20,48,270,41,24,08,180,28,30,29,330,37*74
$GPGSV,3,3,12,02,41,150,33,12,17,060,31,25,72,015,45,29,45,240,39*79
$GPRMC,160038.00,A,3329.9986,N,11559.9153,W,6.85,92.3,080726,,,A*4A
$GPGGA,160039.00,3329.9985,N,11559.9131,W,1,12,0.80,305.2,M,-33.0,M,,*64
$GPGSA,A,3,05,07,13,15,18,20,24,30,02,12,25,29,1.5,0.8,1.2*3A
$GPGSV,3,1,12,05,55,120,44,07,34,210,38,13,21,300,35,15,60,045,44*71
$GPGSV,3,2,12,18,12,090,30,20,48,270,41,24,08,180,28,30,29,330,37*74
$GPGSV,3,3,12,02,41,150,33,12,17,060,31,25,72,015,45,29,45,240,39*79
$GPRMC,160039.00,A,3329.9985,N,11559.9131,W,6.86,92.4,080726,,,A*48
$GPGGA,160040.00,3329.9984,N,11559.9108,W,1,12,0.80,305.3,M,-33.0,M,,*60
$GPGSA,A,3,05,07,13,15,18,20,24,30,02,12,25,29,1.5,0.8,1.2*3A
$GPGSV,3,1,12,05,55,120,44,07,34,210,38,13,21,300,35,15,60,045,44*71
$GPGSV,3,2,12,18,12,090,30,20,48,270,41,24,08,180,28,30,29,330,37*74
$GPGSV,3,3,12,02,41,150,33,12,17,060,31,25,72,015,45,29,45,240,39*79
$GPRMC,160040.00,A,3329.9984,N,11559.9108,W,6.87,92.4,080726,,,A*4C
$GPGGA,160041.00,3329.9984,N,11559.9085,W,1,12,0.80,305.3,M,-33.0,M,,*65
$GPGSA,A,3,05,07,13,15,18,20,24,30,02,12,25,29,1.5,0.8,1.2*3A
$GPGSV,3,1,12,05,55,120,44,07,34,210,38,13,21,300,35,15,60,045,44*71
$GPGSV,3,2,12,18,12,090,30,20,48,270,41,24,08,180,28,30,29,330,37*74
$GPGSV,3,3,12,02,41,150,33,12,17,060,31,25,72,015,45,29,45,240,39*79
$GPRMC,160041.00,A,3329.9984,N,11559.9085,W,6.87,92.5,080726,,,A*48
$GPGGA,160042.00,3329.9983,N,11559.9062,W,1,12,0.80,305.3,M,-33.0,M,,*68
$GPGSA,A,3,05,07,13,15,18,20,24,30,02,12,25,29,1.5,0.8,1.2*3A
$GPGSV,3,1,12,05,55,120,44,07,34,210,38,13,21,300,35,15,60,045,44*71
$GPGSV,3,2,12,18,12,090,30,20,48,270,41,24,08,180,28,30,29,330,37*74
$GPGSV,3,3,12,02,41,150,33,12,17,060,31,25,72,015,45,29,45,240,39*79
$GPRMC,160042.00,A,3329.9983,N,11559.9062,W,6.88,92.5,080726,,,A*4A
$GPGGA,160043.00,3329.9982,N,11559.9039,W,1,12,0.80,305.3,M,-33.0,M,,*66
$GPGSA,A,3,05,07,13,15,18,20,24,30,02,12,25,29,1.5,0.8,1.2*3A
$GPGSV,3,1,12,05,55,120,44,07,34,210,38,13,21,300,35,15,60,045,44*71
$GPGSV,3,2,12,18,12,090,30,20,48,270,41,24,08,180,28,30,29,330,37*74
$GPGSV,3,3,12,02,41,150,33,12,17,060,31,25,72,015,45,29,45,240,39*79
$GPRMC,160043.00,A,3329.9982,N,11559.9039,W,6.89,92.6,080726,,,A*46
$GPGGA,160044.00,3329.9981,N,11559.9017,W,1,12,0.80,305.3,M,-33.0,M,,*6E
$GPGSA,A,3,05,07,13,15,18,20,24,30,02,12,25,29,1.5,0.8,1.2*3A
$GPGSV,3,1,12,05,55,120,44,07,34,210,38,13,21,300,35,15,60,045,44*71
$GPGSV,3,2,12,18,12,090,30,20,48,270,41,24,08,180,28,30,29,330,37*74
$GPGSV,3,3,12,02,41,150,33,12,17,060,31,25,72,015,45,29,45,240,39*79
$GPRMC,160044.00,A,3329.9981,N,11559.9017,W,6.89,92.7,080726,,,A*4F
$GPGGA,160045.00,3329.9980,N,11559.8994,W,1,11,0.80,305.3,M,-33.0,M,,*6E
$GPGSA,A,3,05,07,13,15,18,20,24,30,02,12,25,,1.5,0.8,1.2*31
$GPGSV,3,1,11,05,55,120,44,07,34,210,38,13,21,300,35,15,60,045,44*72
$GPGSV,3,2,11,18,12,090,30,20,48,270,41,24,08,180,28,30,29,330,37*77
$GPGSV,3,3,11,02,41,150,33,12,17,060,31,25,72,015,45*4C
$GPRMC,160045.00,A,3329.9980,N,11559.8994,W,6.90,92.7,080726,,,A*44
$GPGGA,160046.00,3329.9979,N,11559.8971,W,1,11,0.80,305.3,M,-33.0,M,,*60
$GPGSA,A,3,05,07,13,15,18,20,24,30,02,12,25,,1.5,0.8,1.2*31
$GPGSV,3,1,11,05,55,120,44,07,34,210,38,13,21,300,35,15,60,045,44*72
$GPGSV,3,2,11,18,12,090,30,20,48,270,41,24,08,180,28,30,29,330,37*77
$GPGSV,3,3,11,02,41,150,33,12,17,060,31,25,72,015,45*4C
$GPRMC,160046.00,A,3329.9979,N,11559.8971,W,6.91,92.8,080726,,,A*44
$GPGGA,160047.00,3329.9978,N,11559.8948,W,1,11,0.80,305.3,M,-33.0,M,,*6A
$GPGSA,A,3,05,07,13,15,18,20,24,30,02,12,25,,1.5,0.8,1.2*31
$GPGSV,3,1,11,05,55,120,44,07,34,210,38,13,21,300,35,15,60,045,44*72
$GPGSV,3,2,11,18,12,090,30,20,48,270,41,24,08,180,28,30,29,330,37*77
$GPGSV,3,3,11,02,41,150,33,12,17,060,31,25,72,015,45*4C
$GPRMC,160047.00,A,3329.9978,N,11559.8948,W,6.91,92.8,080726,,,A*4E
$GPGGA,160048.00,3329.9977,N,11559.8925,W,1,11,0.80,305.3,M,-33.0,M,,*61
$GPGSA,A,3,05,07,13,15,18,20,24,30,02,12,25,,1.5,0.8,1.2*31
$GPGSV,3,1,11,05,55,120,44,07,34,210,38,13,21,300,35,15,60,045,44*72
$GPGSV,3,2,11,18,12,090,30,20,48,270,41,24,08,180,28,30,29,330,37*77
$GPGSV,3,3,11,02,41,150,33,12,17,060,31,25,72,015,45*4C
$GPRMC,160048.00,A,3329.9977,N,11559.8925,W,6.92,92.9,080726,,,A*47
$GPGGA,160049.00,3329.9976,N,11559.8902,W,1,11,0.80,305.3,M,-33.0,M,,*64
$GPGSA,A,3,05,07,13,15,18,20,24,30,02,12,25,,1.5,0.8,1.2*31
$GPGSV,3,1,11,05,55,120,44,07,34,210,38,13,21,300,35,15,60,045,44*72
$GPGSV,3,2,11,18,12,090,30,20,48,270,41,24,08,180,28,30,29,330,37*77
$GPGSV,3,3,11,02,41,150,33,12,17,060,31,25,72,015,45*4C
$GPRMC,160049.00,A,3329.9976,N,11559.8902,W,6.93,92.9,080726,,,A*43
$GPGGA,160050.00,3329.9975,N,11559.8879,W,1,11,0.80,305.3,M,-33.0,M,,*62
$GPGSA,A,3,05,07,13,15,18,20,24,30,02,12,25,,1.5,0.8,1.2*31
$GPGSV,3,1,11,05,55,120,44,07,34,210,38,13,21,300,35,15,60,045,44*72
$GPGSV,3,2,11,18,12,090,30,20,48,270,41,24,08,180,28,30,29,330,37*77
$GPGSV,3,3,11,02,41,150,33,12,17,060,31,25,72,015,45*4C
$GPRMC,160050.00,A,3329.9975,N,11559.8879,W,6.93,93.0,080726,,,A*4D
$GPGGA,160051.00,3329.9974,N,11559.8856,W,1,11,0.80,305.3,M,-33.0,M,,*6F
$GPGSA,A,3,05,07,13,15,18,20,24,30,02,12,25,,1.5,0.8,1.2*31
$GPGSV,3,1,11,05,55,120,44,07,34,210,38,13,21,300,35,15,60,045,44*72
$GPGSV,3,2,11,18,12,090,30,20,48,270,41,24,08,180,28,30,29,330,37*77
$GPGSV,3,3,11,02,41,150,33,12,17,060,31,25,72,015,45*4C
$GPRMC,160051.00,A,3329.9974,N,11559.8856,W,6.94,93.1,080726,,,A*46
$GPGGA,160052.00,3329.9973,N,11559.8833,W,1,11,0.80,305.3,M,-33.0,M,,*68
$GPGSA,A,3,05,07,13,15,18,20,24,30,02,12,25,,1.5,0.8,1.2*31
$GPGSV,3,1,11,05,55,120,44,07,34,210,38,13,21,300,35,15,60,045,44*72
$GPGSV,3,2,11,18,12,090,30,20,48,270,41,24,08,180,28,30,29,330,37*77
$GPGSV,3,3,11,02,41,150,33,12,17,060,31,25,72,015,45*4C
$GPRMC,160052.00,A,3329.9973,N,11559.8833,W,6.95,93.1,080726,,,A*40
$GPGGA,160053.00,3329.9972,N,11559.8810,W,1,11,0.80,305.3,M,-33.0,M,,*69
$GPGSA,A,3,05,07,13,15,18,20,24,30,02,12,25,,1.5,0.8,1.2*31
$GPGSV,3,1,11,05,55,120,44,07,34,210,38,13,21,300,35,15,60,045,44*72
$GPGSV,3,2,11,18,12,090,30,20,48,270,41,24,08,180,28,30,29,330,37*77
$GPGSV,3,3,11,02,41,150,33,12,17,060,31,25,72,015,45*4C
$GPRMC,160053.00,A,3329.9972,N,11559.8810,W,6.95,93.2,080726,,,A*42
$GPGGA,160054.00,3329.9971,N,11559.8787,W,1,11,0.80,305.3,M,-33.0,M,,*6C
$GPGSA,A,3,05,07,13,15,18,20,24,30,02,12,25,,1.5,0.8,1.2*31
$GPGSV,3,1,11,05,55,120,44,07,34,210,38,13,21,300,35,15,60,045,44*72
$GPGSV,3,2,11,18,12,090,30,20,48,270,41,24,08,180,28,30,29,330,37*77
$GPGSV,3,3,11,02,41,150,33,12,17,060,31,25,72,015,45*4C
$GPRMC,160054.00,A,3329.9971,N,11559.8787,W,6.96,93.2,080726,,,A*44
$GPGGA,160055.00,3329.9970,N,11559.8764,W,1,11,0.80,305.3,M,-33.0,M,,*61
$GPGSA,A,3,05,07,13,15,18,20,24,30,02,12,25,,1.5,0.8,1.2*31
$GPGSV,3,1,11,05,55,120,44,07,34,210,38,13,21,300,35,15,60,045,44*72
$GPGSV,3,2,11,18,12,090,30,20,48,270,41,24,08,180,28,30,29,330,37*77
$GPGSV,3,3,11,02,41,150,33,12,17,060,31,25,72,015,45*4C
$GPRMC,160055.00,A,3329.9970,N,11559.8764,W,6.96,93.3,080726,,,A*48
$GPGGA,160056.00,3329.9969,N,11559.8740,W,1,11,0.80,305.3,M,-33.0,M,,*6C
$GPGSA,A,3,05,07,13,15,18,20,24,30,02,12,25,,1.5,0.8,1.2*31
$GPGSV,3,1,11,05,55,120,44,07,34,210,38,13,21,300,35,15,60,045,44*72
$GPGSV,3,2,11,18,12,090,30,20,48,270,41,24,08,180,28,30,29,330,37*77
$GPGSV,3,3,11,02,41,150,33,12,17,060,31,25,72,015,45*4C
$GPRMC,160056.00,A,3329.9969,N,11559.8740,W,6.97,93.3,080726,,,A*44
$GPGGA,160057.00,3329.9968,N,11559.8717,W,1,11,0.80,305.3,M,-33.0,M,,*6E
$GPGSA,A,3,05,07,13,15,18,20,24,30,02,12,25,,1.5,0.8,1.2*31
$GPGSV,3,1,11,05,55,120,44,07,34,210,38,13,21,300,35,15,60,045,44*72
$GPGSV,3,2,11,18,12,090,30,20,48,270,41,24,08,180,28,30,29,330,37*77
$GPGSV,3,3,11,02,41,150,33,12,17,060,31,25,72,015,45*4C
$GPRMC,160057.00,A,3329.9968,N,11559.8717,W,6.97,93.4,080726,,,A*41
$GPGGA,160058.00,3329.9967,N,11559.8694,W,1,11,0.80,305.3,M,-33.0,M,,*64
$GPGSA,A,3,05,07,13,15,18,20,24,30,02,12,25,,1.5,0.8,1.2*31
$GPGSV,3,1,11,05,55,120,44,07,34,210,38,13,21,300,35,15,60,045,44*72
$GPGSV,3,2,11,18,12,090,30,20,48,270,41,24,08,180,28,30,29,330,37*77
$GPGSV,3,3,11,02,41,150,33,12,17,060,31,25,72,015,45*4C
$GPRMC,160058.00,A,3329.9967,N,11559.8694,W,6.98,93.5,080726,,,A*45
$GPGGA,160059.00,3329.9966,N,11559.8671,W,1,11,0.80,305.3,M,-33.0,M,,*6F
$GPGSA,A,3,05,07,13,15,18,20,24,30,02,12,25,,1.5,0.8,1.2*31
$GPGSV,3,1,11,05,55,120,44,07,34,210,38,13,21,300,35,15,60,045,44*72
$GPGSV,3,2,11,18,12,090,30,20,48,270,41,24,08,180,28,30,29,330,37*77
$GPGSV,3,3,11,02,41,150,33,12,17,060,31,25,72,015,45*4C
$GPRMC,160059.00,A,3329.9966,N,11559.8671,W,6.99,93.5,080726,,,A*4F
$GPGGA,160100.00,3329.9964,N,11559.8648,W,1,11,0.80,305.3,M,-33.0,M,,*6A
$GPGSA,A,3,05,07,13,15,18,20,24,30,02,12,25,,1.5,0.8,1.2*31
$GPGSV,3,1,11,05,55,120,44,07,34,210,38,13,21,300,35,15,60,045,44*72
$GPGSV,3,2,11,18,12,090,30,20,48,270,41,24,08,180,28,30,29,330,37*77
$GPGSV,3,3,11,02,41,150,33,12,17,060,31,25,72,015,45*4C
$GPRMC,160100.00,A,3329.9964,N,11559.8648,W,6.99,93.6,080726,,,A*49
$GPGGA,160101.00,3329.9963,N,11559.8625,W,1,11,0.80,305.3,M,-33.0,M,,*67
$GPGSA,A,3,05,07,13,15,18,20,24,30,02,12,25,,1.5,0.8,1.2*31
$GPGSV,3,1,11,05,55,120,44,07,34,210,38,13,21,300,35,15,60,045,44*72
$GPGSV,3,2,11,18,12,090,30,20,48,270,41,24,08,180,28,30,29,330,37*77
$GPGSV,3,3,11,02,41,150,33,12,17,060,31,25,72,015,45*4C
$GPRMC,160101.00,A,3329.9963,N,11559.8625,W,7.00,93.6,080726,,,A*45
$GPGGA,160102.00,3329.9962,N,11559.8601,W,1,11,0.80,305.3,M,-33.0,M,,*63
$GPGSA,A,3,05,07,13,15,18,20,24,30,02,12,25,,1.5,0.8,1.2*31
$GPGSV,3,1,11,05,55,120,44,07,34,210,38,13,21,300,35,15,60,045,44*72
$GPGSV,3,2,11,18,12,090,30,20,48,270,41,24,08,180,28,30,29,330,37*77
$GPGSV,3,3,11,02,41,150,33,12,17,060,31,25,72,015,45*4C
$GPRMC,160102.00,A,3329.9962,N,11559.8601,W,7.00,93.7,080726,,,A*40
$GPGGA,160103.00,3329.9961,N,11559.8578,W,1,11,0.80,305.3,M,-33.0,M,,*6C
$GPGSA,A,3,05,07,13,15,18,20,24,30,02,12,25,,1.5,0.8,1.2*31
$GPGSV,3,1,11,05,55,120,44,07,34,210,38,13,21,300,35,15,60,045,44*72
$GPGSV,3,2,11,18,12,090,30,20,48,270,41,24,08,180,28,30,29,330,37*77
$GPGSV,3,3,11,02,41,150,33,12,17,060,31,25,72,015,45*4C
$GPRMC,160103.00,A,3329.9961,N,11559.8578,W,7.01,93.7,080726,,,A*4E
$GPGGA,160104.00,3329.9960,N,11559.8555,W,1,11,0.80,305.3,M,-33.0,M,,*65
$GPGSA,A,3,05,07,13,15,18,20,24,30,02,12,25,,1.5,0.8,1.2*31
$GPGSV,3,1,11,05,55,120,44,07,34,210,38,13,21,300,35,15,60,045,44*72
$GPGSV,3,2,11,18,12,090,30,20,48,270,41,24,08,180,28,30,29,330,37*77
$GPGSV,3,3,11,02,41,150,33,12,17,060,31,25,72,015,45*4C
$GPRMC,160104.00,A,3329.9960,N,11559.8555,W,7.01,93.8,080726,,,A*48
$GPGGA,160105.00,3329.9958,N,11559.8532,W,1,11,0.80,305.3,M,-33.0,M,,*6E
$GPGSA,A,3,05,07,13,15,18,20,24,30,02,12,25,,1.5,0.8,1.2*31
$GPGSV,3,1,11,05,55,120,44,07,34,210,38,13,21,300,35,15,60,045,44*72
$GPGSV,3,2,11,18,12,090,30,20,48,270,41,24,08,180,28,30,29,330,37*77
$GPGSV,3,3,11,02,41,150,33,12,17,060,31,25,72,015,45*4C
$GPRMC,160105.00,A,3329.9958,N,11559.8532,W,7.02,93.8,080726,,,A*40
$GPGGA,160106.00,3329.9957,N,11559.8508,W,1,11,0.80,305.3,M,-33.0,M,,*6B
$GPGSA,A,3,05,07,13,15,18,20,24,30,02,12,25,,1.5,0.8,1.2*31
$GPGSV,3,1,11,05,55,120,44,07,34,210,38,13,21,300,35,15,60,045,44*72
$GPGSV,3,2,11,18,12,090,30,20,48,270,41,24,08,180,28,30,29,330,37*77
$GPGSV,3,3,11,02,41,150,33,12,17,060,31,25,72,015,45*4C
$GPRMC,160106.00,A,3329.9957,N,11559.8508,W,7.02,93.9,080726,,,A*44
$GPGGA,160107.00,3329.9956,N,11559.8485,W,1,11,0.80,305.3,M,-33.0,M,,*6F
$GPGSA,A,3,05,07,13,15,18,20,24,30,02,12,25,,1.5,0.8,1.2*31
$GPGSV,3,1,11,05,55,120,44,07,34,210,38,13,21,300,35,15,60,045,44*72
$GPGSV,3,2,11,18,12,090,30,20,48,270,41,24,08,180,28,30,29,330,37*77
$GPGSV,3,3,11,02,41,150,33,12,17,060,31,25,72,015,45*4C
$GPRMC,160107.00,A,3329.9956,N,11559.8485,W,7.03,93.9,080726,,,A*41
$GPGGA,160108.00,3329.9954,N,11559.8462,W,1,11,0.80,305.3,M,-33.0,M,,*6B
$GPGSA,A,3,05,07,13,15,18,20,24,30,02,12,25,,1.5,0.8,1.2*31
$GPGSV,3,1,11,05,55,120,44,07,34,210,38,13,21,300,35,15,60,045,44*72
$GPGSV,3,2,11,18,12,090,30,20,48,270,41,24,08,180,28,30,29,330,37*77
$GPGSV,3,3,11,02,41,150,33,12,17,060,31,25,72,015,45*4C
$GPRMC,160108.00,A,3329.9954,N,11559.8462,W,7.03,94.0,080726,,,A*4B
$GPGGA,160109.00,3329.9953,N,11559.8438,W,1,11,0.80,305.3,M,-33.0,M,,*62
$GPGSA,A,3,05,07,13,15,18,20,24,30,02,12,25,,1.5,0.8,1.2*31
$GPGSV,3,1,11,05,55,120,44,07,34,210,38,13,21,300,35,15,60,045,44*72
$GPGSV,3,2,11,18,12,090,30,20,48,270,41,24,08,180,28,30,29,330,37*77
$GPGSV,3,3,11,02,41,150,33,12,17,060,31,25,72,015,45*4C
$GPRMC,160109.00,A,3329.9953,N,11559.8438,W,7.04,94.0,080726,,,A*45
$GPGGA,160110.00,3329.9952,N,11559.8415,W,1,11,0.80,305.3,M,-33.0,M,,*64
$GPGSA,A,3,05,07,13,15,18,20,24,30,02,12,25,,1.5,0.8,1.2*31
$GPGSV,3,1,11,05,55,120,44,07,34,210,38,13,21,300,35,15,60,045,44*72
$GPGSV,3,2,11,18,12,090,30,20,48,270,41,24,08,180,28,30,29,330,37*77
$GPGSV,3,3,11,02,41,150,33,12,17,060,31,25,72,015,45*4C
$GPRMC,160110.00,A,3329.9952,N,11559.8415,W,7.04,94.1,080726,,,A*42
$GPGGA,160111.00,3329.9950,N,11559.8392,W,1,11,0.80,305.3,M,-33.0,M,,*6F
$GPGSA,A,3,05,07,13,15,18,20,24,30,02,12,25,,1.5,0.8,1.2*31
$GPGSV,3,1,11,05,55,120,44,07,34,210,38,13,21,300,35,15,60,045,44*72
$GPGSV,3,2,11,18,12,090,30,20,48,270,41,24,08,180,28,30,29,330,37*77
$GPGSV,3,3,11,02,41,150,33,12,17,060,31,25,72,015,45*4C
$GPRMC,160111.00,A,3329.9950,N,11559.8392,W,7.05,94.2,080726,,,A*4B
$GPGGA,160112.00,3329.9949,N,11559.8368,W,1,11,0.80,305.3,M,-33.0,M,,*61
$GPGSA,A,3,05,07,13,15,18,20,24,30,02,12,25,,1.5,0.8,1.2*31
$GPGSV,3,1,11,05,55,120,44,07,34,210,38,13,21,300,35,15,60,045,44*72
$GPGSV,3,2,11,18,12,090,30,20,48,270,41,24,08,180,28,30,29,330,37*77
$GPGSV,3,3,11,02,41,150,33,12,17,060,31,25,72,015,45*4C
$GPRMC,160112.00,A,3329.9949,N,11559.8368,W,7.05,94.2,080726,,,A*45
$GPGGA,160113.00,3329.9947,N,11559.8345,W,1,11,0.80,305.3,M,-33.0,M,,*61
$GPGSA,A,3,05,07,13,15,18,20,24,30,02,12,25,,1.5,0.8,1.2*31
$GPGSV,3,1,11,05,55,120,44,07,34,210,38,13,21,300,35,15,60,045,44*72
$GPGSV,3,2,11,18,12,090,30,20,48,270,41,24,08,180,28,30,29,330,37*77
$GPGSV,3,3,11,02,41,150,33,12,17,060,31,25,72,015,45*4C
$GPRMC,160113.00,A,3329.9947,N,11559.8345,W,7.05,94.3,080726,,,A*44
$GPGGA,160114.00,3329.9946,N,11559.8322,W,1,11,0.80,305.3,M,-33.0,M,,*66
$GPGSA,A,3,05,07,13,15,18,20,24,30,02,12,25,,1.5,0.8,1.2*31
$GPGSV,3,1,11,05,55,120,44,07,34,210,38,13,21,300,35,15,60,045,44*72
$GPGSV,3,2,11,18,12,090,30,20,48,270,41,24,08,180,28,30,29,330,37*77
$GPGSV,3,3,11,02,41,150,33,12,17,060,31,25,72,015,45*4C
$GPRMC,160114.00,A,3329.9946,N,11559.8322,W,7.06,94.3,080726,,,A*40
$GPGGA,160115.00,3329.9944,N,11559.8298,W,1,11,0.80,305.3,M,-33.0,M,,*65
$GPGSA,A,3,05,07,13,15,18,20,24,30,02,12,25,,1.5,0.8,1.2*31
$GPGSV,3,1,11,05,55,120,44,07,34,210,38,13,21,300,35,15,60,045,44*72
$GPGSV,3,2,11,18,12,090,30,20,48,270,41,24,08,180,28,30,29,330,37*77
$GPGSV,3,3,11,02,41,150,33,12,17,060,31,25,72,015,45*4C
$GPRMC,160115.00,A,3329.9944,N,11559.8298,W,7.06,94.4,080726,,,A*44
$GPGGA,160116.00,3329.9943,N,11559.8275,W,1,11,0.80,305.3,M,-33.0,M,,*62
$GPGSA,A,3,05,07,13,15,18,20,24,30,02,12,25,,1.5,0.8,1.2*31
$GPGSV,3,1,11,05,55,120,44,07,34,210,38,13,21,300,35,15,60,045,44*72
$GPGSV,3,2,11,18,12,090,30,20,48,270,41,24,08,180,28,30,29,330,37*77
$GPGSV,3,3,11,02,41,150,33,12,17,060,31,25,72,015,45*4C
$GPRMC,160116.00,A,3329.9943,N,11559.8275,W,7.07,94.4,080726,,,A*42
$GPGGA,160117.00,3329.9941,N,11559.8251,W,1,11,0.80,305.3,M,-33.0,M,,*67
$GPGSA,A,3,05,07,13,15,18,20,24,30,02,12,25,,1.5,0.8,1.2*31
$GPGSV,3,1,11,05,55,120,44,07,34,210,38,13,21,300,35,15,60,045,44*72
$GPGSV,3,2,11,18,12,090,30,20,48,270,41,24,08,180,28,30,29,330,37*77
$GPGSV,3,3,11,02,41,150,33,12,17,060,31,25,72,015,45*4C
$GPRMC,160117.00,A,3329.9941,N,11559.8251,W,7.07,94.5,080726,,,A*46
$GPGGA,160118.00,3329.9940,N,11559.8228,W,1,11,0.80,305.3,M,-33.0,M,,*67
$GPGSA,A,3,05,07,13,15,18,20,24,30,02,12,25,,1.5,0.8,1.2*31
$GPGSV,3,1,11,05,55,120,44,07,34,210,38,13,21,300,35,15,60,045,44*72
$GPGSV,3,2,11,18,12,090,30,20,48,270,41,24,08,180,28,30,29,330,37*77
$GPGSV,3,3,11,02,41,150,33,12,17,060,31,25,72,015,45*4C
$GPRMC,160118.00,A,3329.9940,N,11559.8228,W,7.07,94.5,080726,,,A*46
$GPGGA,160119.00,3329.9938,N,11559.8204,W,1,11,0.80,305.3,M,-33.0,M,,*67
$GPGSA,A,3,05,07,13,15,18,20,24,30,02,12,25,,1.5,0.8,1.2*31
$GPGSV,3,1,11,05,55,120,44,07,34,210,38,13,21,300,35,15,60,045,44*72
$GPGSV,3,2,11,18,12,090,30,20,48,270,41,24,08,180,28,30,29,330,37*77
$GPGSV,3,3,11,02,41,150,33,12,17,060,31,25,72,015,45*4C
$GPRMC,160119.00,A,3329.9938,N,11559.8204,W,7.08,94.6,080726,,,A*4A
$GPGGA,160120.00,3329.9937,N,11559.8181,W,1,11,0.80,305.3,M,-33.0,M,,*6C
$GPGSA,A,3,05,07,13,15,18,20,24,30,02,12,25,,1.5,0.8,1.2*31
$GPGSV,3,1,11,05,55,120,44,07,34,210,38,13,21,300,35,15,60,045,44*72
$GPGSV,3,2,11,18,12,090,30,20,48,270,41,24,08,180,28,30,29,330,37*77
$GPGSV,3,3,11,02,41,150,33,12,17,060,31,25,72,015,45*4C
$GPRMC,160120.00,A,3329.9937,N,11559.8181,W,7.08,94.6,080726,,,A*41
$GPGGA,160121.00,3329.9935,N,11559.8158,W,1,11,0.80,305.3,M,-33.0,M,,*6B
$GPGSA,A,3,05,07,13,15,18,20,24,30,02,12,25,,1.5,0.8,1.2*31
$GPGSV,3,1,11,05,55,120,44,07,34,210,38,13,21,300,35,15,60,045,44*72
$GPGSV,3,2,11,18,12,090,30,20,48,270,41,24,08,180,28,30,29,330,37*77
$GPGSV,3,3,11,02,41,150,33,12,17,060,31,25,72,015,45*4C
$GPRMC,160121.00,A,3329.9935,N,11559.8158,W,7.08,94.7,080726,,,A*47
$GPGGA,160122.00,3329.9934,N,11559.8134,W,1,11,0.80,305.3,M,-33.0,M,,*63
$GPGSA,A,3,05,07,13,15,18,20,24,30,02,12,25,,1.5,0.8,1.2*31
$GPGSV,3,1,11,05,55,120,44,07,34,210,38,13,21,300,35,15,60,045,44*72
$GPGSV,3,2,11,18,12,090,30,20,48,270,41,24,08,180,28,30,29,330,37*77
$GPGSV,3,3,11,02,41,150,33,12,17,060,31,25,72,015,45*4C
$GPRMC,160122.00,A,3329.9934,N,11559.8134,W,7.09,94.7,080726,,,A*4E
$GPGGA,160123.00,3329.9932,N,11559.8111,W,1,11,0.80,305.3,M,-33.0,M,,*63
$GPGSA,A,3,05,07,13,15,18,20,24,30,02,12,25,,1.5,0.8,1.2*31
$GPGSV,3,1,11,05,55,120,44,07,34,210,38,13,21,300,35,15,60,045,44*72
$GPGSV,3,2,11,18,12,090,30,20,48,270,41,24,08,180,28,30,29,330,37*77
$GPGSV,3,3,11,02,41,150,33,12,17,060,31,25,72,015,45*4C
$GPRMC,160123.00,A,3329.9932,N,11559.8111,W,7.09,94.8,080726,,,A*41
$GPGGA,160124.00,3329.9930,N,11559.8087,W,1,11,0.80,305.3,M,-33.0,M,,*68
$GPGSA,A,3,05,07,13,15,18,20,24,30,02,12,25,,1.5,0.8,1.2*31
$GPGSV,3,1,11,05,55,120,44,07,34,210,38,13,21,300,35,15,60,045,44*72
$GPGSV,3,2,11,18,12,090,30,20,48,270,41,24,08,180,28,30,29,330,37*77
$GPGSV,3,3,11,02,41,150,33,12,17,060,31,25,72,015,45*4C
$GPRMC,160124.00,A,3329.9930,N,11559.8087,W,7.09,94.8,080726,,,A*4A
$GPGGA,160125.00,3329.9929,N,11559.8064,W,1,11,0.80,305.3,M,-33.0,M,,*6C
$GPGSA,A,3,05,07,13,15,18,20,24,30,02,12,25,,1.5,0.8,1.2*31
$GPGSV,3,1,11,05,55,120,44,07,34,210,38,13,21,300,35,15,60,045,44*72
$GPGSV,3,2,11,18,12,090,30,20,48,270,41,24,08,180,28,30,29,330,37*77
$GPGSV,3,3,11,02,41,150,33,12,17,060,31,25,72,015,45*4C
$GPRMC,160125.00,A,3329.9929,N,11559.8064,W,7.10,94.9,080726,,,A*47
$GPGGA,160126.00,3329.9927,N,11559.8040,W,1,11,0.80,305.3,M,-33.0,M,,*67
$GPGSA,A,3,05,07,13,15,18,20,24,30,02,12,25,,1.5,0.8,1.2*31
$GPGSV,3,1,11,05,55,120,44,07,34,210,38,13,21,300,35,15,60,045,44*72
$GPGSV,3,2,11,18,12,090,30,20,48,270,41,24,08,180,28,30,29,330,37*77
$GPGSV,3,3,11,02,41,150,33,12,17,060,31,25,72,015,45*4C
$GPRMC,160126.00,A,3329.9927,N,11559.8040,W,7.10,94.9,080726,,,A*4C
$GPGGA,160127.00,3329.9925,N,11559.8017,W,1,11,0.80,305.2,M,-33.0,M,,*67
$GPGSA,A,3,05,07,13,15,18,20,24,30,02,12,25,,1.5,0.8,1.2*31
$GPGSV,3,1,11,05,55,120,44,07,34,210,38,13,21,300,35,15,60,045,44*72
$GPGSV,3,2,11,18,12,090,30,20,48,270,41,24,08,180,28,30,29,330,37*77
$GPGSV,3,3,11,02,41,150,33,12,17,060,31,25,72,015,45*4C
$GPRMC,160127.00,A,3329.9925,N,11559.8017,W,7.10,95.0,080726,,,A*45
$GPGGA,160128.00,3329.9924,N,11559.7993,W,1,11,0.80,305.2,M,-33.0,M,,*63
$GPGSA,A,3,05,07,13,15,18,20,24,30,02,12,25,,1.5,0.8,1.2*31
$GPGSV,3,1,11,05,55,120,44,07,34,210,38,13,21,300,35,15,60,045,44*72
$GPGSV,3,2,11,18,12,090,30,20,48,270,41,24,08,180,28,30,29,330,37*77
$GPGSV,3,3,11,02,41,150,33,12,17,060,31,25,72,015,45*4C
$GPRMC,160128.00,A,3329.9924,N,11559.7993,W,7.11,95.0,080726,,,A*40
$GPGGA,160129.00,3329.9922,N,11559.7969,W,1,11,0.80,305.2,M,-33.0,M,,*61
$GPGSA,A,3,05,07,13,15,18,20,24,30,02,12,25,,1.5,0.8,1.2*31
$GPGSV,3,1,11,05,55,120,44,07,34,210,38,13,21,300,35,15,60,045,44*72
$GPGSV,3,2,11,18,12,090,30,20,48,270,41,24,08,180,28,30,29,330,37*77
$GPGSV,3,3,11,02,41,150,33,12,17,060,31,25,72,015,45*4C
$GPRMC,160129.00,A,3329.9922,N,11559.7969,W,7.11,95.1,080726,,,A*43
$GPGGA,160130.00,3329.9920,N,11559.7946,W,1,12,0.80,305.2,M,-33.0,M,,*65
$GPGSA,A,3,05,07,13,15,18,20,24,30,02,12,25,29,1.5,0.8,1.2*3A
$GPGSV,3,1,12,05,55,120,44,07,34,210,38,13,21,300,35,15,60,045,44*71
$GPGSV,3,2,12,18,12,090,30,20,48,270,41,24,08,180,28,30,29,330,37*74
$GPGSV,3,3,12,02,41,150,33,12,17,060,31,25,72,015,45,29,45,240,39*79
$GPRMC,160130.00,A,3329.9920,N,11559.7946,W,7.11,95.1,080726,,,A*44
$GPGGA,160131.00,3329.9918,N,11559.7922,W,1,12,0.80,305.2,M,-33.0,M,,*6D
$GPGSA,A,3,05,07,13,15,18,20,24,30,02,12,25,29,1.5,0.8,1.2*3A
$GPGSV,3,1,12,05,55,120,44,07,34,210,38,13,21,300,35,15,60,045,44*71
$GPGSV,3,2,12,18,12,090,30,20,48,270,41,24,08,180,28,30,29,330,37*74
$GPGSV,3,3,12,02,41,150,33,12,17,060,31,25,72,015,45,29,45,240,39*79
$GPRMC,160131.00,A,3329.9918,N,11559.7922,W,7.11,95.2,080726,,,A*4F
$GPGGA,160132.00,3329.9917,N,11559.7899,W,1,12,0.80,305.2,M,-33.0,M,,*60
$GPGSA,A,3,05,07,13,15,18,20,24,30,02,12,25,29,1.5,0.8,1.2*3A
$GPGSV,3,1,12,05,55,120,44,07,34,210,38,13,21,300,35,15,60,045,44*71
$GPGSV,3,2,12,18,12,090,30,20,48,270,41,24,08,180,28,30,29,330,37*74
$GPGSV,3,3,12,02,41,150,33,12,17,060,31,25,72,015,45,29,45,240,39*79
$GPRMC,160132.00,A,3329.9917,N,11559.7899,W,7.11,95.2,080726,,,A*42
$GPGGA,160133.00,3329.9915,N,11559.7875,W,1,12,0.80,305.2,M,-33.0,M,,*61
$GPGSA,A,3,05,07,13,15,18,20,24,30,02,12,25,29,1.5,0.8,1.2*3A
$GPGSV,3,1,12,05,55,120,44,07,34,210,38,13,21,300,35,15,60,045,44*71
$GPGSV,3,2,12,18,12,090,30,20,48,270,41,24,08,180,28,30,29,330,37*74
$GPGSV,3,3,12,02,41,150,33,12,17,060,31,25,72,015,45,29,45,240,39*79
$GPRMC,160133.00,A,3329.9915,N,11559.7875,W,7.12,95.2,080726,,,A*40
$GPGGA,160134.00,3329.9913,N,11559.7852,W,1,12,0.80,305.2,M,-33.0,M,,*65
$GPGSA,A,3,05,07,13,15,18,20,24,30,02,12,25,29,1.5,0.8,1.2*3A
$GPGSV,3,1,12,05,55,120,44,07,34,210,38,13,21,300,35,15,60,045,44*71
$GPGSV,3,2,12,18,12,090,30,20,48,270,41,24,08,180,28,30,29,330,37*74
$GPGSV,3,3,12,02,41,150,33,12,17,060,31,25,72,015,45,29,45,240,39*79
$GPRMC,160134.00,A,3329.9913,N,11559.7852,W,7.12,95.3,080726,,,A*45
$GPGGA,160135.00,3329.9911,N,11559.7828,W,1,12,0.80,305.2,M,-33.0,M,,*6B
$GPGSA,A,3,05,07,13,15,18,20,24,30,02,12,25,29,1.5,0.8,1.2*3A
$GPGSV,3,1,12,05,55,120,44,07,34,210,38,13,21,300,35,15,60,045,44*71
$GPGSV,3,2,12,18,12,090,30,20,48,270,41,24,08,180,28,30,29,330,37*74
$GPGSV,3,3,12,02,41,150,33,12,17,060,31,25,72,015,45,29,45,240,39*79
$GPRMC,160135.00,A,3329.9911,N,11559.7828,W,7.12,95.3,080726,,,A*4B
$GPGGA,160136.00,3329.9909,N,11559.7805,W,1,12,0.80,305.2,M,-33.0,M,,*6E
$GPGSA,A,3,05,07,13,15,18,20,24,30,02,12,25,29,1.5,0.8,1.2*3A
$GPGSV,3,1,12,05,55,120,44,07,34,210,38,13,21,300,35,15,60,045,44*71
$GPGSV,3,2,12,18,12,090,30,20,48,270,41,24,08,180,28,30,29,330,37*74
$GPGSV,3,3,12,02,41,150,33,12,17,060,31,25,72,015,45,29,45,240,39*79
$GPRMC,160136.00,A,3329.9909,N,11559.7805,W,7.12,95.4,080726,,,A*49
$GPGGA,160137.00,3329.9908,N,11559.7781,W,1,12,0.80,305.2,M,-33.0,M,,*6D
$GPGSA,A,3,05,07,13,15,18,20,24,30,02,12,25,29,1.5,0.8,1.2*3A
$GPGSV,3,1,12,05,55,120,44,07,34,210,38,13,21,300,35,15,60,045,44*71
$GPGSV,3,2,12,18,12,090,30,20,48,270,41,24,08,180,28,30,29,330,37*74
$GPGSV,3,3,12,02,41,150,33,12,17,060,31,25,72,015,45,29,45,240,39*79
$GPRMC,160137.00,A,3329.9908,N,11559.7781,W,7.12,95.4,080726,,,A*4A
$GPGGA,160138.00,3329.9906,N,11559.7757,W,1,12,0.80,305.2,M,-33.0,M,,*67
$GPGSA,A,3,05,07,13,15,18,20,24,30,02,12,25,29,1.5,0.8,1.2*3A
$GPGSV,3,1,12,05,55,120,44,07,34,210,38,13,21,300,35,15,60,045,44*71
$GPGSV,3,2,12,18,12,090,30,20,48,270,41,24,08,180,28,30,29,330,37*74
$GPGSV,3,3,12,02,41,150,33,12,17,060,31,25,72,015,45,29,45,240,39*79
$GPRMC,160138.00,A,3329.9906,N,11559.7757,W,7.13,95.5,080726,,,A*40
$GPGGA,160139.00,3329.9904,N,11559.7734,W,1,12,0.80,305.2,M,-33.0,M,,*61
$GPGSA,A,3,05,07,13,15,18,20,24,30,02,12,25,29,1.5,0.8,1.2*3A
$GPGSV,3,1,12,05,55,120,44,07,34,210,38,13,21,300,35,15,60,045,44*71
$GPGSV,3,2,12,18,12,090,30,20,48,270,41,24,08,180,28,30,29,330,37*74
$GPGSV,3,3,12,02,41,150,33,12,17,060,31,25,72,015,45,29,45,240,39*79
$GPRMC,160139.00,A,3329.9904,N,11559.7734,W,7.13,95.5,080726,,,A*46
$GPGGA,160140.00,3329.9902,N,11559.7710,W,1,12,0.80,305.2,M,-33.0,M,,*6F
$GPGSA,A,3,05,07,13,15,18,20,24,30,02,12,25,29,1.5,0.8,1.2*3A
$GPGSV,3,1,12,05,55,120,44,07,34,210,38,13,21,300,35,15,60,045,44*71
$GPGSV,3,2,12,18,12,090,30,20,48,270,41,24,08,180,28,30,29,330,37*74
$GPGSV,3,3,12,02,41,150,33,12,17,060,31,25,72,015,45,29,45,240,39*79
$GPRMC,160140.00,A,3329.9902,N,11559.7710,W,7.13,95.6,080726,,,A*4B
$GPGGA,160141.00,3329.9900,N,11559.7687,W,1,12,0.80,305.2,M,-33.0,M,,*63
$GPGSA,A,3,05,07,13,15,18,20,24,30,02,12,25,29,1.5,0.8,1.2*3A
$GPGSV,3,1,12,05,55,120,44,07,34,210,38,13,21,300,35,15,60,045,44*71
$GPGSV,3,2,12,18,12,090,30,20,48,270,41,24,08,180,28,30,29,330,37*74
$GPGSV,3,3,12,02,41,150,33,12,17,060,31,25,72,015,45,29,45,240,39*79
$GPRMC,160141.00,A,3329.9900,N,11559.7687,W,7.13,95.6,080726,,,A*47
$GPGGA,160142.00,3329.9898,N,11559.7663,W,1,12,0.80,305.2,M,-33.0,M,,*6A
$GPGSA,A,3,05,07,13,15,18,20,24,30,02,12,25,29,1.5,0.8,1.2*3A
$GPGSV,3,1,12,05,55,120,44,07,34,210,38,13,21,300,35,15,60,045,44*71
$GPGSV,3,2,12,18,12,090,30,20,48,270,41,24,08,180,28,30,29,330,37*74
$GPGSV,3,3,12,02,41,150,33,12,17,060,31,25,72,015,45,29,45,240,39*79
$GPRMC,160142.00,A,3329.9898,N,11559.7663,W,7.13,95.7,080726,,,A*4F
$GPGGA,160143.00,3329.9896,N,11559.7639,W,1,12,0.80,305.2,M,-33.0,M,,*6A
$GPGSA,A,3,05,07,13,15,18,20,24,30,02,12,25,29,1.5,0.8,1.2*3A
$GPGSV,3,1,12,05,55,120,44,07,34,210,38,13,21,300,35,15,60,045,44*71
$GPGSV,3,2,12,18,12,090,30,20,48,270,41,24,08,180,28,30,29,330,37*74
$GPGSV,3,3,12,02,41,150,33,12,17,060,31,25,72,015,45,29,45,240,39*79
$GPRMC,160143.00,A,3329.9896,N,11559.7639,W,7.13,95.7,080726,,,A*4F
$GPGGA,160144.00,3329.9894,N,11559.7616,W,1,12,0.80,305.2,M,-33.0,M,,*62
$GPGSA,A,3,05,07,13,15,18,20,24,30,02,12,25,29,1.5,0.8,1.2*3A
$GPGSV,3,1,12,05,55,120,44,07,34,210,38,13,21,300,35,15,60,045,44*71
$GPGSV,3,2,12,18,12,090,30,20,48,270,41,24,08,180,28,30,29,330,37*74
$GPGSV,3,3,12,02,41,150,33,12,17,060,31,25,72,015,45,29,45,240,39*79
$GPRMC,160144.00,A,3329.9894,N,11559.7616,W,7.13,95.7,080726,,,A*47
$GPGGA,160145.00,3329.9892,N,11559.7592,W,1,12,0.80,305.1,M,-33.0,M,,*69
$GPGSA,A,3,05,07,13,15,18,20,24,30,02,12,25,29,1.5,0.8,1.2*3A
$GPGSV,3,1,12,05,55,120,44,07,34,210,38,13,21,300,35,15,60,045,44*71
$GPGSV,3,2,12,18,12,090,30,20,48,270,41,24,08,180,28,30,29,330,37*74
$GPGSV,3,3,12,02,41,150,33,12,17,060,31,25,72,015,45,29,45,240,39*79
$GPRMC,160145.00,A,3329.9892,N,11559.7592,W,7.13,95.8,080726,,,A*40
$GPGGA,160146.00,3329.9890,N,11559.7569,W,1,12,0.80,305.1,M,-33.0,M,,*6C
$GPGSA,A,3,05,07,13,15,18,20,24,30,02,12,25,29,1.5,0.8,1.2*3A
$GPGSV,3,1,12,05,55,120,44,07,34,210,38,13,21,300,35,15,60,045,44*71
$GPGSV,3,2,12,18,12,090,30,20,48,270,41,24,08,180,28,30,29,330,37*74
$GPGSV,3,3,12,02,41,150,33,12,17,060,31,25,72,015,45,29,45,240,39*79
$GPRMC,160146.00,A,3329.9890,N,11559.7569,W,7.13,95.8,080726,,,A*45
$GPGGA,160147.00,3329.9888,N,11559.7545,W,1,12,0.80,305.1,M,-33.0,M,,*6A
$GPGSA,A,3,05,07,13,15,18,20,24,30,02,12,25,29,1.5,0.8,1.2*3A
$GPGSV,3,1,12,05,55,120,44,07,34,210,38,13,21,300,35,15,60,045,44*71
$GPGSV,3,2,12,18,12,090,30,20,48,270,41,24,08,180,28,30,29,330,37*74
$GPGSV,3,3,12,02,41,150,33,12,17,060,31,25,72,015,45,29,45,240,39*79
$GPRMC,160147.00,A,3329.9888,N,11559.7545,W,7.13,95.9,080726,,,A*42
$GPGGA,160148.00,3329.9886,N,11559.7521,W,1,12,0.80,305.1,M,-33.0,M,,*69
$GPGSA,A,3,05,07,13,15,18,20,24,30,02,12,25,29,1.5,0.8,1.2*3A
$GPGSV,3,1,12,05,55,120,44,07,34,210,38,13,21,300,35,15,60,045,44*71
$GPGSV,3,2,12,18,12,090,30,20,48,270,41,24,08,180,28,30,29,330,37*74
$GPGSV,3,3,12,02,41,150,33,12,17,060,31,25,72,015,45,29,45,240,39*79
$GPRMC,160148.00,A,3329.9886,N,11559.7521,W,7.13,95.9,080726,,,A*41
$GPGGA,160149.00,3329.9884,N,11559.7498,W,1,12,0.80,305.1,M,-33.0,M,,*69
$GPGSA,A,3,05,07,13,15,18,20,24,30,02,12,25,29,1.5,0.8,1.2*3A
$GPGSV,3,1,12,05,55,120,44,07,34,210,38,13,21,300,35,15,60,045,44*71
$GPGSV,3,2,12,18,12,090,30,20,48,270,41,24,08,180,28,30,29,330,37*74
$GPGSV,3,3,12,02,41,150,33,12,17,060,31,25,72,015,45,29,45,240,39*79
$GPRMC,160149.00,A,3329.9884,N,11559.7498,W,7.13,95.9,080726,,,A*41
$GPGGA,160150.00,3329.9882,N,11559.7474,W,1,12,0.80,305.1,M,-33.0,M,,*65
$GPGSA,A,3,05,07,13,15,18,20,24,30,02,12,25,29,1.5,0.8,1.2*3A
$GPGSV,3,1,12,05,55,120,44,07,34,210,38,13,21,300,35,15,60,045,44*71
$GPGSV,3,2,12,18,12,090,30,20,48,270,41,24,08,180,28,30,29,330,37*74
$GPGSV,3,3,12,02,41,150,33,12,17,060,31,25,72,015,45,29,45,240,39*79
$GPRMC,160150.00,A,3329.9882,N,11559.7474,W,7.13,96.0,080726,,,A*47
$GPGGA,160151.00,3329.9880,N,11559.7451,W,1,12,0.80,305.1,M,-33.0,M,,*61
$GPGSA,A,3,05,07,13,15,18,20,24,30,02,12,25,29,1.5,0.8,1.2*3A
$GPGSV,3,1,12,05,55,120,44,07,34,210,38,13,21,300,35,15,60,045,44*71
$GPGSV,3,2,12,18,12,090,30,20,48,270,41,24,08,180,28,30,29,330,37*74
$GPGSV,3,3,12,02,41,150,33,12,17,060,31,25,72,015,45,29,45,240,39*79
$GPRMC,160151.00,A,3329.9880,N,11559.7451,W,7.13,96.0,080726,,,A*43
$GPGGA,160152.00,3329.9878,N,11559.7427,W,1,12,0.80,305.1,M,-33.0,M,,*64
$GPGSA,A,3,05,07,13,15,18,20,24,30,02,12,25,29,1.5,0.8,1.2*3A
$GPGSV,3,1,12,05,55,120,44,07,34,210,38,13,21,300,35,15,60,045,44*71
$GPGSV,3,2,12,18,12,090,30,20,48,270,41,24,08,180,28,30,29,330,37*74
$GPGSV,3,3,12,02,41,150,33,12,17,060,31,25,72,015,45,29,45,240,39*79
$GPRMC,160152.00,A,3329.9878,N,11559.7427,W,7.13,96.1,080726,,,A*47
$GPGGA,160153.00,3329.9876,N,11559.7403,W,1,12,0.80,305.1,M,-33.0,M,,*6D
$GPGSA,A,3,05,07,13,15,18,20,24,30,02,12,25,29,1.5,0.8,1.2*3A
$GPGSV,3,1,12,05,55,120,44,07,34,210,38,13,21,300,35,15,60,045,44*71
$GPGSV,3,2,12,18,12,090,30,20,48,270,41,24,08,180,28,30,29,330,37*74
$GPGSV,3,3,12,02,41,150,33,12,17,060,31,25,72,015,45,29,45,240,39*79
$GPRMC,160153.00,A,3329.9876,N,11559.7403,W,7.13,96.1,080726,,,A*4E
$GPGGA,160154.00,3329.9874,N,11559.7380,W,1,12,0.80,305.1,M,-33.0,M,,*64
$GPGSA,A,3,05,07,13,15,18,20,24,30,02,12,25,29,1.5,0.8,1.2*3A
$GPGSV,3,1,12,05,55,120,44,07,34,210,38,13,21,300,35,15,60,045,44*71
$GPGSV,3,2,12,18,12,090,30,20,48,270,41,24,08,180,28,30,29,330,37*74
$GPGSV,3,3,12,02,41,150,33,12,17,060,31,25,72,015,45,29,45,240,39*79
$GPRMC,160154.00,A,3329.9874,N,11559.7380,W,7.13,96.2,080726,,,A*44
$GPGGA,160155.00,3329.9872,N,11559.7356,W,1,12,0.80,305.1,M,-33.0,M,,*68
$GPGSA,A,3,05,07,13,15,18,20,24,30,02,12,25,29,1.5,0.8,1.2*3A
$GPGSV,3,1,12,05,55,120,44,07,34,210,38,13,21,300,35,15,60,045,44*71
$GPGSV,3,2,12,18,12,090,30,20,48,270,41,24,08,180,28,30,29,330,37*74
$GPGSV,3,3,12,02,41,150,33,12,17,060,31,25,72,015,45,29,45,240,39*79
$GPRMC,160155.00,A,3329.9872,N,11559.7356,W,7.13,96.2,080726,,,A*48
$GPGGA,160156.00,3329.9869,N,11559.7333,W,1,12,0.80,305.1,M,-33.0,M,,*62
$GPGSA,A,3,05,07,13,15,18,20,24,30,02,12,25,29,1.5,0.8,1.2*3A
$GPGSV,3,1,12,05,55,120,44,07,34,210,38,13,21,300,35,15,60,045,44*71
$GPGSV,3,2,12,18,12,090,30,20,48,270,41,24,08,180,28,30,29,330,37*74
$GPGSV,3,3,12,02,41,150,33,12,17,060,31,25,72,015,45,29,45,240,39*79
$GPRMC,160156.00,A,3329.9869,N,11559.7333,W,7.13,96.2,080726,,,A*42
$GPGGA,160157.00,3329.9867,N,11559.7309,W,1,12,0.80,305.1,M,-33.0,M,,*64
$GPGSA,A,3,05,07,13,15,18,20,24,30,02,12,25,29,1.5,0.8,1.2*3A
$GPGSV,3,1,12,05,55,120,44,07,34,210,38,13,21,300,35,15,60,045,44*71
$GPGSV,3,2,12,18,12,090,30,20,48,270,41,24,08,180,28,30,29,330,37*74
$GPGSV,3,3,12,02,41,150,33,12,17,060,31,25,72,015,45,29,45,240,39*79
$GPRMC,160157.00,A,3329.9867,N,11559.7309,W,7.13,96.3,080726,,,A*45
$GPGGA,160158.00,3329.9865,N,11559.7286,W,1,12,0.80,305.1,M,-33.0,M,,*6F
$GPGSA,A,3,05,07,13,15,18,20,24,30,02,12,25,29,1.5,0.8,1.2*3A
$GPGSV,3,1,12,05,55,120,44,07,34,210,38,13,21,300,35,15,60,045,44*71
$GPGSV,3,2,12,18,12,090,30,20,48,270,41,24,08,180,28,30,29,330,37*74
$GPGSV,3,3,12,02,41,150,33,12,17,060,31,25,72,015,45,29,45,240,39*79
$GPRMC,160158.00,A,3329.9865,N,11559.7286,W,7.13,96.3,080726,,,A*4E
$GPGGA,160159.00,3329.9863,N,11559.7262,W,1,12,0.80,305.0,M,-33.0,M,,*63
$GPGSA,A,3,05,07,13,15,18,20,24,30,02,12,25,29,1.5,0.8,1.2*3A
$GPGSV,3,1,12,05,55,120,44,07,34,210,38,13,21,300,35,15,60,045,44*71
$GPGSV,3,2,12,18,12,090,30,20,48,270,41,24,08,180,28,30,29,330,37*74
$GPGSV,3,3,12,02,41,150,33,12,17,060,31,25,72,015,45,29,45,240,39*79
$GPRMC,160159.00,A,3329.9863,N,11559.7262,W,7.13,96.3,080726,,,A*43
$GPGGA,160200.00,3329.9861,N,11559.7238,W,1,12,0.80,305.0,M,-33.0,M,,*61
$GPGSA,A,3,05,07,13,15,18,20,24,30,02,12,25,29,1.5,0.8,1.2*3A
$GPGSV,3,1,12,05,55,120,44,07,34,210,38,13,21,300,35,15,60,045,44*71
$GPGSV,3,2,12,18,12,090,30,20,48,270,41,24,08,180,28,30,29,330,37*74
$GPGSV,3,3,12,02,41,150,33,12,17,060,31,25,72,015,45,29,45,240,39*79
$GPRMC,160200.00,A,3329.9861,N,11559.7238,W,7.13,96.4,080726,,,A*46
$GPGGA,160201.00,3329.9859,N,11559.7215,W,1,12,0.80,305.0,M,-33.0,M,,*64
$GPGSA,A,3,05,07,13,15,18,20,24,30,02,12,25,29,1.5,0.8,1.2*3A
$GPGSV,3,1,12,05,55,120,44,07,34,210,38,13,21,300,35,15,60,045,44*71
$GPGSV,3,2,12,18,12,090,30,20,48,270,41,24,08,180,28,30,29,330,37*74
$GPGSV,3,3,12,02,41,150,33,12,17,060,31,25,72,015,45,29,45,240,39*79
$GPRMC,160201.00,A,3329.9859,N,11559.7215,W,7.13,96.4,080726,,,A*43
$GPGGA,160202.00,3329.9856,N,11559.7191,W,1,12,0.80,305.0,M,-33.0,M,,*67
$GPGSA,A,3,05,07,13,15,18,20,24,30,02,12,25,29,1.5,0.8,1.2*3A
$GPGSV,3,1,12,05,55,120,44,07,34,210,38,13,21,300,35,15,60,045,44*71
$GPGSV,3,2,12,18,12,090,30,20,48,270,41,24,08,180,28,30,29,330,37*74
$GPGSV,3,3,12,02,41,150,33,12,17,060,31,25,72,015,45,29,45,240,39*79
$GPRMC,160202.00,A,3329.9856,N,11559.7191,W,7.13,96.5,080726,,,A*41
$GPGGA,160203.00,3329.9854,N,11559.7168,W,1,12,0.80,305.0,M,-33.0,M,,*62
$GPGSA,A,3,05,07,13,15,18,20,24,30,02,12,25,29,1.5,0.8,1.2*3A
$GPGSV,3,1,12,05,55,120,44,07,34,210,38,13,21,300,35,15,60,045,44*71
$GPGSV,3,2,12,18,12,090,30,20,48,270,41,24,08,180,28,30,29,330,37*74
$GPGSV,3,3,12,02,41,150,33,12,17,060,31,25,72,015,45,29,45,240,39*79
$GPRMC,160203.00,A,3329.9854,N,11559.7168,W,7.12,96.5,080726,,,A*45
$GPGGA,160204.00,3329.9852,N,11559.7144,W,1,12,0.80,305.0,M,-33.0,M,,*6D
$GPGSA,A,3,05,07,13,15,18,20,24,30,02,12,25,29,1.5,0.8,1.2*3A
$GPGSV,3,1,12,05,55,120,44,07,34,210,38,13,21,300,35,15,60,045,44*71
$GPGSV,3,2,12,18,12,090,30,20,48,270,41,24,08,180,28,30,29,330,37*74
$GPGSV,3,3,12,02,41,150,33,12,17,060,31,25,72,015,45,29,45,240,39*79
$GPRMC,160204.00,A,3329.9852,N,11559.7144,W,7.12,96.5,080726,,,A*4A
$GPGGA,160205.00,3329.9850,N,11559.7121,W,1,12,0.80,305.0,M,-33.0,M,,*6D
$GPGSA,A,3,05,07,13,15,18,20,24,30,02,12,25,29,1.5,0.8,1.2*3A
$GPGSV,3,1,12,05,55,120,44,07,34,210,38,13,21,300,35,15,60,045,44*71
$GPGSV,3,2,12,18,12,090,30,20,48,270,41,24,08,180,28,30,29,330,37*74
$GPGSV,3,3,12,02,41,150,33,12,17,060,31,25,72,015,45,29,45,240,39*79
$GPRMC,160205.00,A,3329.9850,N,11559.7121,W,7.12,96.6,080726,,,A*49
$GPGGA,160206.00,3329.9847,N,11559.7097,W,1,12,0.80,305.0,M,-33.0,M,,*64
$GPGSA,A,3,05,07,13,15,18,20,24,30,02,12,25,29,1.5,0.8,1.2*3A
$GPGSV,3,1,12,05,55,120,44,07,34,210,38,13,21,300,35,15,60,045,44*71
$GPGSV,3,2,12,18,12,090,30,20,48,270,41,24,08,180,28,30,29,330,37*74
$GPGSV,3,3,12,02,41,150,33,12,17,060,31,25,72,015,45,29,45,240,39*79
$GPRMC,160206.00,A,3329.9847,N,11559.7097,W,7.12,96.6,080726,,,A*40
$GPGGA,160207.00,3329.9845,N,11559.7074,W,1,12,0.80,305.0,M,-33.0,M,,*6A
$GPGSA,A,3,05,07,13,15,18,20,24,30,02,12,25,29,1.5,0.8,1.2*3A
$GPGSV,3,1,12,05,55,120,44,07,34,210,38,13,21,300,35,15,60,045,44*71
$GPGSV,3,2,12,18,12,090,30,20,48,270,41,24,08,180,28,30,29,330,37*74
$GPGSV,3,3,12,02,41,150,33,12,17,060,31,25,72,015,45,29,45,240,39*79
$GPRMC,160207.00,A,3329.9845,N,11559.7074,W,7.12,96.6,080726,,,A*4E
$GPGGA,160208.00,3329.9843,N,11559.7050,W,1,12,0.80,305.0,M,-33.0,M,,*65
$GPGSA,A,3,05,07,13,15,18,20,24,30,02,12,25,29,1.5,0.8,1.2*3A
$GPGSV,3,1,12,05,55,120,44,07,34,210,38,13,21,300,35,15,60,045,44*71
$GPGSV,3,2,12,18,12,090,30,20,48,270,41,24,08,180,28,30,29,330,37*74
$GPGSV,3,3,12,02,41,150,33,12,17,060,31,25,72,015,45,29,45,240,39*79
$GPRMC,160208.00,A,3329.9843,N,11559.7050,W,7.11,96.7,080726,,,A*43
$GPGGA,160209.00,3329.9841,N,11559.7027,W,1,12,0.80,305.0,M,-33.0,M,,*66
$GPGSA,A,3,05,07,13,15,18,20,24,30,02,12,25,29,1.5,0.8,1.2*3A
$GPGSV,3,1,12,05,55,120,44,07,34,210,38,13,21,300,35,15,60,045,44*71
$GPGSV,3,2,12,18,12,090,30,20,48,270,41,24,08,180,28,30,29,330,37*74
$GPGSV,3,3,12,02,41,150,33,12,17,060,31,25,72,015,45,29,45,240,39*79
$GPRMC,160209.00,A,3329.9841,N,11559.7027,W,7.11,96.7,080726,,,A*40
$GPGGA,160210.00,3329.9838,N,11559.7003,W,1,12,0.80,305.0,M,-33.0,M,,*66
$GPGSA,A,3,05,07,13,15,18,20,24,30,02,12,25,29,1.5,0.8,1.2*3A
$GPGSV,3,1,12,05,55,120,44,07,34,210,38,13,21,300,35,15,60,045,44*71
$GPGSV,3,2,12,18,12,090,30,20,48,270,41,24,08,180,28,30,29,330,37*74
$GPGSV,3,3,12,02,41,150,33,12,17,060,31,25,72,015,45,29,45,240,39*79
$GPRMC,160210.00,A,3329.9838,N,11559.7003,W,7.11,96.7,080726,,,A*40
$GPGGA,160211.00,3329.9836,N,11559.6980,W,1,12,0.80,305.0,M,-33.0,M,,*6A
$GPGSA,A,3,05,07,13,15,18,20,24,30,02,12,25,29,1.5,0.8,1.2*3A
$GPGSV,3,1,12,05,55,120,44,07,34,210,38,13,21,300,35,15,60,045,44*71
$GPGSV,3,2,12,18,12,090,30,20,48,270,41,24,08,180,28,30,29,330,37*74
$GPGSV,3,3,12,02,41,150,33,12,17,060,31,25,72,015,45,29,45,240,39*79
$GPRMC,160211.00,A,3329.9836,N,11559.6980,W,7.11,96.8,080726,,,A*43
$GPGGA,160212.00,3329.9834,N,11559.6956,W,1,12,0.80,305.0,M,-33.0,M,,*60
$GPGSA,A,3,05,07,13,15,18,20,24,30,02,12,25,29,1.5,0.8,1.2*3A
$GPGSV,3,1,12,05,55,120,44,07,34,210,38,13,21,300,35,15,60,045,44*71
$GPGSV,3,2,12,18,12,090,30,20,48,270,41,24,08,180,28,30,29,330,37*74
$GPGSV,3,3,12,02,41,150,33,12,17,060,31,25,72,015,45,29,45,240,39*79
$GPRMC,160212.00,A,3329.9834,N,11559.6956,W,7.11,96.8,080726,,,A*49
$GPGGA,160213.00,3329.9831,N,11559.6933,W,1,12,0.80,304.9,M,-33.0,M,,*6F
$GPGSA,A,3,05,07,13,15,18,20,24,30,02,12,25,29,1.5,0.8,1.2*3A
$GPGSV,3,1,12,05,55,120,44,07,34,210,38,13,21,300,35,15,60,045,44*71
$GPGSV,3,2,12,18,12,090,30,20,48,270,41,24,08,180,28,30,29,330,37*74
$GPGSV,3,3,12,02,41,150,33,12,17,060,31,25,72,015,45,29,45,240,39*79
$GPRMC,160213.00,A,3329.9831,N,11559.6933,W,7.10,96.8,080726,,,A*4F
$GPGGA,160214.00,3329.9829,N,11559.6909,W,1,12,0.80,304.9,M,-33.0,M,,*68
$GPGSA,A,3,05,07,13,15,18,20,24,30,02,12,25,29,1.5,0.8,1.2*3A
$GPGSV,3,1,12,05,55,120,44,07,34,210,38,13,21,300,35,15,60,045,44*71
$GPGSV,3,2,12,18,12,090,30,20,48,270,41,24,08,180,28,30,29,330,37*74
$GPGSV,3,3,12,02,41,150,33,12,17,060,31,25,72,015,45,29,45,240,39*79
$GPRMC,160214.00,A,3329.9829,N,11559.6909,W,7.10,96.9,080726,,,A*49
$GPGGA,160215.00,3329.9827,N,11559.6886,W,1,11,0.80,304.9,M,-33.0,M,,*62
$GPGSA,A,3,05,07,13,15,18,20,24,30,02,12,25,,1.5,0.8,1.2*31
$GPGSV,3,1,11,05,55,120,44,07,34,210,38,13,21,300,35,15,60,045,44*72
$GPGSV,3,2,11,18,12,090,30,20,48,270,41,24,08,180,28,30,29,330,37*77
$GPGSV,3,3,11,02,41,150,33,12,17,060,31,25,72,015,45*4C
$GPRMC,160215.00,A,3329.9827,N,11559.6886,W,7.10,96.9,080726,,,A*40
$GPGGA,160216.00,3329.9824,N,11559.6863,W,1,11,0.80,304.9,M,-33.0,M,,*69
$GPGSA,A,3,05,07,13,15,18,20,24,30,02,12,25,,1.5,0.8,1.2*31
$GPGSV,3,1,11,05,55,120,44,07,34,210,38,13,21,300,35,15,60,045,44*72
$GPGSV,3,2,11,18,12,090,30,20,48,270,41,24,08,180,28,30,29,330,37*77
$GPGSV,3,3,11,02,41,150,33,12,17,060,31,25,72,015,45*4C
$GPRMC,160216.00,A,3329.9824,N,11559.6863,W,7.09,96.9,080726,,,A*43
$GPGGA,160217.00,3329.9822,N,11559.6839,W,1,11,0.80,304.9,M,-33.0,M,,*61
$GPGSA,A,3,05,07,13,15,18,20,24,30,02,12,25,,1.5,0.8,1.2*31
$GPGSV,3,1,11,05,55,120,44,07,34,210,38,13,21,300,35,15,60,045,44*72
$GPGSV,3,2,11,18,12,090,30,20,48,270,41,24,08,180,28,30,29,330,37*77
$GPGSV,3,3,11,02,41,150,33,12,17,060,31,25,72,015,45*4C
$GPRMC,160217.00,A,3329.9822,N,11559.6839,W,7.09,97.0,080726,,,A*43
$GPGGA,160218.00,3329.9820,N,11559.6816,W,1,11,0.80,304.9,M,-33.0,M,,*61
$GPGSA,A,3,05,07,13,15,18,20,24,30,02,12,25,,1.5,0.8,1.2*31
$GPGSV,3,1,11,05,55,120,44,07,34,210,38,13,21,300,35,15,60,045,44*72
$GPGSV,3,2,11,18,12,090,30,20,48,270,41,24,08,180,28,30,29,330,37*77
$GPGSV,3,3,11,02,41,150,33,12,17,060,31,25,72,015,45*4C
$GPRMC,160218.00,A,3329.9820,N,11559.6816,W,7.09,97.0,080726,,,A*43
$GPGGA,160219.00,3329.9817,N,11559.6792,W,1,11,0.80,304.9,M,-33.0,M,,*67
$GPGSA,A,3,05,07,13,15,18,20,24,30,02,12,25,,1.5,0.8,1.2*31
$GPGSV,3,1,11,05,55,120,44,07,34,210,38,13,21,300,35,15,60,045,44*72
$GPGSV,3,2,11,18,12,090,30,20,48,270,41,24,08,180,28,30,29,330,37*77
$GPGSV,3,3,11,02,41,150,33,12,17,060,31,25,72,015,45*4C
$GPRMC,160219.00,A,3329.9817,N,11559.6792,W,7.08,97.0,080726,,,A*44
$GPGGA,160220.00,3329.9815,N,11559.6769,W,1,11,0.80,304.9,M,-33.0,M,,*6B
$GPGSA,A,3,05,07,13,15,18,20,24,30,02,12,25,,1.5,0.8,1.2*31
$GPGSV,3,1,11,05,55,120,44,07,34,210,38,13,21,300,35,15,60,045,44*72
$GPGSV,3,2,11,18,12,090,30,20,48,270,41,24,08,180,28,30,29,330,37*77
$GPGSV,3,3,11,02,41,150,33,12,17,060,31,25,72,015,45*4C
$GPRMC,160220.00,A,3329.9815,N,11559.6769,W,7.08,97.0,080726,,,A*48
$GPGGA,160221.00,3329.9812,N,11559.6746,W,1,11,0.80,304.9,M,-33.0,M,,*60
$GPGSA,A,3,05,07,13,15,18,20,24,30,02,12,25,,1.5,0.8,1.2*31
$GPGSV,3,1,11,05,55,120,44,07,34,210,38,13,21,300,35,15,60,045,44*72
$GPGSV,3,2,11,18,12,090,30,20,48,270,41,24,08,180,28,30,29,330,37*77
$GPGSV,3,3,11,02,41,150,33,12,17,060,31,25,72,015,45*4C
$GPRMC,160221.00,A,3329.9812,N,11559.6746,W,7.08,97.1,080726,,,A*42
$GPGGA,160222.00,3329.9810,N,11559.6722,W,1,11,0.80,304.9,M,-33.0,M,,*63
$GPGSA,A,3,05,07,13,15,18,20,24,30,02,12,25,,1.5,0.8,1.2*31
$GPGSV,3,1,11,05,55,120,44,07,34,210,38,13,21,300,35,15,60,045,44*72
$GPGSV,3,2,11,18,12,090,30,20,48,270,41,24,08,180,28,30,29,330,37*77
$GPGSV,3,3,11,02,41,150,33,12,17,060,31,25,72,015,45*4C
$GPRMC,160222.00,A,3329.9810,N,11559.6722,W,7.07,97.1,080726,,,A*4E
$GPGGA,160223.00,3329.9807,N,11559.6699,W,1,11,0.80,304.9,M,-33.0,M,,*65
$GPGSA,A,3,05,07,13,15,18,20,24,30,02,12,25,,1.5,0.8,1.2*31
$GPGSV,3,1,11,05,55,120,44,07,34,210,38,13,21,300,35,15,60,045,44*72
$GPGSV,3,2,11,18,12,090,30,20,48,270,41,24,08,180,28,30,29,330,37*77
$GPGSV,3,3,11,02,41,150,33,12,17,060,31,25,72,015,45*4C
$GPRMC,160223.00,A,3329.9807,N,11559.6699,W,7.07,97.1,080726,,,A*48
$GPGGA,160224.00,3329.9805,N,11559.6676,W,1,11,0.80,304.9,M,-33.0,M,,*61
$GPGSA,A,3,05,07,13,15,18,20,24,30,02,12,25,,1.5,0.8,1.2*31
$GPGSV,3,1,11,05,55,120,44,07,34,210,38,13,21,300,35,15,60,045,44*72
$GPGSV,3,2,11,18,12,090,30,20,48,270,41,24,08,180,28,30,29,330,37*77
$GPGSV,3,3,11,02,41,150,33,12,17,060,31,25,72,015,45*4C
$GPRMC,160224.00,A,3329.9805,N,11559.6676,W,7.07,97.2,080726,,,A*4F
$GPGGA,160225.00,3329.9803,N,11559.6652,W,1,11,0.80,304.9,M,-33.0,M,,*60
$GPGSA,A,3,05,07,13,15,18,20,24,30,02,12,25,,1.5,0.8,1.2*31
$GPGSV,3,1,11,05,55,120,44,07,34,210,38,13,21,300,35,15,60,045,44*72
$GPGSV,3,2,11,18,12,090,30,20,48,270,41,24,08,180,28,30,29,330,37*77
$GPGSV,3,3,11,02,41,150,33,12,17,060,31,25,72,015,45*4C
$GPRMC,160225.00,A,3329.9803,N,11559.6652,W,7.06,97.2,080726,,,A*4F
$GPGGA,160226.00,3329.9800,N,11559.6629,W,1,11,0.80,304.9,M,-33.0,M,,*6C
$GPGSA,A,3,05,07,13,15,18,20,24,30,02,12,25,,1.5,0.8,1.2*31
$GPGSV,3,1,11,05,55,120,44,07,34,210,38,13,21,300,35,15,60,045,44*72
$GPGSV,3,2,11,18,12,090,30,20,48,270,41,24,08,180,28,30,29,330,37*77
$GPGSV,3,3,11,02,41,150,33,12,17,060,31,25,72,015,45*4C
$GPRMC,160226.00,A,3329.9800,N,11559.6629,W,7.06,97.2,080726,,,A*43
$GPGGA,160227.00,3329.9798,N,11559.6606,W,1,11,0.80,304.8,M,-33.0,M,,*6F
$GPGSA,A,3,05,07,13,15,18,20,24,30,02,12,25,,1.5,0.8,1.2*31
$GPGSV,3,1,11,05,55,120,44,07,34,210,38,13,21,300,35,15,60,045,44*72
$GPGSV,3,2,11,18,12,090,30,20,48,270,41,24,08,180,28,30,29,330,37*77
$GPGSV,3,3,11,02,41,150,33,12,17,060,31,25,72,015,45*4C
$GPRMC,160227.00,A,3329.9798,N,11559.6606,W,7.05,97.2,080726,,,A*42
$GPGGA,160228.00,3329.9795,N,11559.6582,W,1,11,0.80,304.8,M,-33.0,M,,*62
$GPGSA,A,3,05,07,13,15,18,20,24,30,02,12,25,,1.5,0.8,1.2*31
$GPGSV,3,1,11,05,55,120,44,07,34,210,38,13,21,300,35,15,60,045,44*72
$GPGSV,3,2,11,18,12,090,30,20,48,270,41,24,08,180,28,30,29,330,37*77
$GPGSV,3,3,11,02,41,150,33,12,17,060,31,25,72,015,45*4C
$GPRMC,160228.00,A,3329.9795,N,11559.6582,W,7.05,97.3,080726,,,A*4E
$GPGGA,160229.00,3329.9793,N,11559.6559,W,1,11,0.80,304.8,M,-33.0,M,,*63
$GPGSA,A,3,05,07,13,15,18,20,24,30,02,12,25,,1.5,0.8,1.2*31
$GPGSV,3,1,11,05,55,120,44,07,34,210,38,13,21,300,35,15,60,045,44*72
$GPGSV,3,2,11,18,12,090,30,20,48,270,41,24,08,180,28,30,29,330,37*77
$GPGSV,3,3,11,02,41,150,33,12,17,060,31,25,72,015,45*4C
$GPRMC,160229.00,A,3329.9793,N,11559.6559,W,7.05,97.3,080726,,,A*4F
$GPGGA,160230.00,3329.9790,N,11559.6536,W,1,11,0.80,304.8,M,-33.0,M,,*61
$GPGSA,A,3,05,07,13,15,18,20,24,30,02,12,25,,1.5,0.8,1.2*31
$GPGSV,3,1,11,05,55,120,44,07,34,210,38,13,21,300,35,15,60,045,44*72
$GPGSV,3,2,11,18,12,090,30,20,48,270,41,24,08,180,28,30,29,330,37*77
$GPGSV,3,3,11,02,41,150,33,12,17,060,31,25,72,015,45*4C
$GPRMC,160230.00,A,3329.9790,N,11559.6536,W,7.04,97.3,080726,,,A*4C
$GPGGA,160231.00,3329.9788,N,11559.6513,W,1,11,0.80,304.8,M,-33.0,M,,*6E
$GPGSA,A,3,05,07,13,15,18,20,24,30,02,12,25,,1.5,0.8,1.2*31
$GPGSV,3,1,11,05,55,120,44,07,34,210,38,13,21,300,35,15,60,045,44*72
$GPGSV,3,2,11,18,12,090,30,20,48,270,41,24,08,180,28,30,29,330,37*77
$GPGSV,3,3,11,02,41,150,33,12,17,060,31,25,72,015,45*4C
$GPRMC,160231.00,A,3329.9788,N,11559.6513,W,7.04,97.3,080726,,,A*43
$GPGGA,160232.00,3329.9785,N,11559.6489,W,1,11,0.80,304.8,M,-33.0,M,,*62
$GPGSA,A,3,05,07,13,15,18,20,24,30,02,12,25,,1.5,0.8,1.2*31
$GPGSV,3,1,11,05,55,120,44,07,34,210,38,13,21,300,35,15,60,045,44*72
$GPGSV,3,2,11,18,12,090,30,20,48,270,41,24,08,180,28,30,29,330,37*77
$GPGSV,3,3,11,02,41,150,33,12,17,060,31,25,72,015,45*4C
$GPRMC,160232.00,A,3329.9785,N,11559.6489,W,7.03,97.4,080726,,,A*4F
$GPGGA,160233.00,3329.9783,N,11559.6466,W,1,11,0.80,304.8,M,-33.0,M,,*64
$GPGSA,A,3,05,07,13,15,18,20,24,30,02,12,25,,1.5,0.8,1.2*31
$GPGSV,3,1,11,05,55,120,44,07,34,210,38,13,21,300,35,15,60,045,44*72
$GPGSV,3,2,11,18,12,090,30,20,48,270,41,24,08,180,28,30,29,330,37*77
$GPGSV,3,3,11,02,41,150,33,12,17,060,31,25,72,015,45*4C
$GPRMC,160233.00,A,3329.9783,N,11559.6466,W,7.03,97.4,080726,,,A*49
$GPGGA,160234.00,3329.9780,N,11559.6443,W,1,11,0.80,304.8,M,-33.0,M,,*67
$GPGSA,A,3,05,07,13,15,18,20,24,30,02,12,25,,1.5,0.8,1.2*31
$GPGSV,3,1,11,05,55,120,44,07,34,210,38,13,21,300,35,15,60,045,44*72
$GPGSV,3,2,11,18,12,090,30,20,48,270,41,24,08,180,28,30,29,330,37*77
$GPGSV,3,3,11,02,41,150,33,12,17,060,31,25,72,015,45*4C
$GPRMC,160234.00,A,3329.9780,N,11559.6443,W,7.02,97.4,080726,,,A*4B
$GPGGA,160235.00,3329.9778,N,11559.6420,W,1,11,0.80,304.8,M,-33.0,M,,*64
$GPGSA,A,3,05,07,13,15,18,20,24,30,02,12,25,,1.5,0.8,1.2*31
$GPGSV,3,1,11,05,55,120,44,07,34,210,38,13,21,300,35,15,60,045,44*72
$GPGSV,3,2,11,18,12,090,30,20,48,270,41,24,08,180,28,30,29,330,37*77
$GPGSV,3,3,11,02,41,150,33,12,17,060,31,25,72,015,45*4C
$GPRMC,160235.00,A,3329.9778,N,11559.6420,W,7.02,97.4,080726,,,A*48
$GPGGA,160236.00,3329.9775,N,11559.6397,W,1,11,0.80,304.8,M,-33.0,M,,*61
$GPGSA,A,3,05,07,13,15,18,20,24,30,02,12,25,,1.5,0.8,1.2*31
$GPGSV,3,1,11,05,55,120,44,07,34,210,38,13,21,300,35,15,60,045,44*72
$GPGSV,3,2,11,18,12,090,30,20,48,270,41,24,08,180,28,30,29,330,37*77
$GPGSV,3,3,11,02,41,150,33,12,17,060,31,25,72,015,45*4C
$GPRMC,160236.00,A,3329.9775,N,11559.6397,W,7.01,97.5,080726,,,A*4F
$GPGGA,160237.00,3329.9773,N,11559.6374,W,1,11,0.80,304.8,M,-33.0,M,,*6B
$GPGSA,A,3,05,07,13,15,18,20,24,30,02,12,25,,1.5,0.8,1.2*31
$GPGSV,3,1,11,05,55,120,44,07,34,210,38,13,21,300,35,15,60,045,44*72
$GPGSV,3,2,11,18,12,090,30,20,48,270,41,24,08,180,28,30,29,330,37*77
$GPGSV,3,3,11,02,41,150,33,12,17,060,31,25,72,015,45*4C
$GPRMC,160237.00,A,3329.9773,N,11559.6374,W,7.01,97.5,080726,,,A*45
$GPGGA,160238.00,3329.9770,N,11559.6351,W,1,11,0.80,304.8,M,-33.0,M,,*60
$GPGSA,A,3,05,07,13,15,18,20,24,30,02,12,25,,1.5,0.8,1.2*31
$GPGSV,3,1,11,05,55,120,44,07,34,210,38,13,21,300,35,15,60,045,44*72
$GPGSV,3,2,11,18,12,090,30,20,48,270,41,24,08,180,28,30,29,330,37*77
$GPGSV,3,3,11,02,41,150,33,12,17,060,31,25,72,015,45*4C
$GPRMC,160238.00,A,3329.9770,N,11559.6351,W,7.00,97.5,080726,,,A*4F
$GPGGA,160239.00,3329.9768,N,11559.6327,W,1,11,0.80,304.8,M,-33.0,M,,*69
$GPGSA,A,3,05,07,13,15,18,20,24,30,02,12,25,,1.5,0.8,1.2*31
$GPGSV,3,1,11,05,55,120,44,07,34,210,38,13,21,300,35,15,60,045,44*72
$GPGSV,3,2,11,18,12,090,30,20,48,270,41,24,08,180,28,30,29,330,37*77
$GPGSV,3,3,11,02,41,150,33,12,17,060,31,25,72,015,45*4C
$GPRMC,160239.00,A,3329.9768,N,11559.6327,W,7.00,97.5,080726,,,A*46
$GPGGA,160240.00,3329.9765,N,11559.6304,W,1,11,0.80,304.8,M,-33.0,M,,*6B
$GPGSA,A,3,05,07,13,15,18,20,24,30,02,12,25,,1.5,0.8,1.2*31
$GPGSV,3,1,11,05,55,120,44,07,34,210,38,13,21,300,35,15,60,045,44*72
$GPGSV,3,2,11,18,12,090,30,20,48,270,41,24,08,180,28,30,29,330,37*77
$GPGSV,3,3,11,02,41,150,33,12,17,060,31,25,72,015,45*4C
$GPRMC,160240.00,A,3329.9765,N,11559.6304,W,6.99,97.5,080726,,,A*45
$GPGGA,160241.00,3329.9763,N,11559.6281,W,1,11,0.80,304.8,M,-33.0,M,,*60
$GPGSA,A,3,05,07,13,15,18,20,24,30,02,12,25,,1.5,0.8,1.2*31
$GPGSV,3,1,11,05,55,120,44,07,34,210,38,13,21,300,35,15,60,045,44*72
$GPGSV,3,2,11,18,12,090,30,20,48,270,41,24,08,180,28,30,29,330,37*77
$GPGSV,3,3,11,02,41,150,33,12,17,060,31,25,72,015,45*4C
$GPRMC,160241.00,A,3329.9763,N,11559.6281,W,6.99,97.6,080726,,,A*4D
$GPGGA,160242.00,3329.9760,N,11559.6258,W,1,11,0.80,304.8,M,-33.0,M,,*64
$GPGSA,A,3,05,07,13,15,18,20,24,30,02,12,25,,1.5,0.8,1.2*31
$GPGSV,3,1,11,05,55,120,44,07,34,210,38,13,21,300,35,15,60,045,44*72
$GPGSV,3,2,11,18,12,090,30,20,48,270,41,24,08,180,28,30,29,330,37*77
$GPGSV,3,3,11,02,41,150,33,12,17,060,31,25,72,015,45*4C
$GPRMC,160242.00,A,3329.9760,N,11559.6258,W,6.98,97.6,080726,,,A*48
$GPGGA,160243.00,3329.9758,N,11559.6235,W,1,11,0.80,304.8,M,-33.0,M,,*65
$GPGSA,A,3,05,07,13,15,18,20,24,30,02,12,25,,1.5,0.8,1.2*31
$GPGSV,3,1,11,05,55,120,44,07,34,210,38,13,21,300,35,15,60,045,44*72
$GPGSV,3,2,11,18,12,090,30,20,48,270,41,24,08,180,28,30,29,330,37*77
$GPGSV,3,3,11,02,41,150,33,12,17,060,31,25,72,015,45*4C
$GPRMC,160243.00,A,3329.9758,N,11559.6235,W,6.97,97.6,080726,,,A*46
$GPGGA,160244.00,3329.9755,N,11559.6212,W,1,11,0.80,304.8,M,-33.0,M,,*6A
$GPGSA,A,3,05,07,13,15,18,20,24,30,02,12,25,,1.5,0.8,1.2*31
$GPGSV,3,1,11,05,55,120,44,07,34,210,38,13,21,300,35,15,60,045,44*72
$GPGSV,3,2,11,18,12,090,30,20,48,270,41,24,08,180,28,30,29,330,37*77
$GPGSV,3,3,11,02,41,150,33,12,17,060,31,25,72,015,45*4C
$GPRMC,160244.00,A,3329.9755,N,11559.6212,W,6.97,97.6,080726,,,A*49
$GPGGA,160245.00,3329.9752,N,11559.6189,W,1,11,0.80,304.8,M,-33.0,M,,*6D
$GPGSA,A,3,05,07,13,15,18,20,24,30,02,12,25,,1.5,0.8,1.2*31
$GPGSV,3,1,11,05,55,120,44,07,34,210,38,13,21,300,35,15,60,045,44*72
$GPGSV,3,2,11,18,12,090,30,20,48,270,41,24,08,180,28,30,29,330,37*77
$GPGSV,3,3,11,02,41,150,33,12,17,060,31,25,72,015,45*4C
$GPRMC,160245.00,A,3329.9752,N,11559.6189,W,6.96,97.6,080726,,,A*4F
$GPGGA,160246.00,3329.9750,N,11559.6166,W,1,11,0.80,304.7,M,-33.0,M,,*62
$GPGSA,A,3,05,07,13,15,18,20,24,30,02,12,25,,1.5,0.8,1.2*31
$GPGSV,3,1,11,05,55,120,44,07,34,210,38,13,21,300,35,15,60,045,44*72
$GPGSV,3,2,11,18,12,090,30,20,48,270,41,24,08,180,28,30,29,330,37*77
$GPGSV,3,3,11,02,41,150,33,12,17,060,31,25,72,015,45*4C
$GPRMC,160246.00,A,3329.9750,N,11559.6166,W,6.96,97.7,080726,,,A*4E
$GPGGA,160247.00,3329.9747,N,11559.6144,W,1,11,0.80,304.7,M,-33.0,M,,*65
$GPGSA,A,3,05,07,13,15,18,20,24,30,02,12,25,,1.5,0.8,1.2*31
$GPGSV,3,1,11,05,55,120,44,07,34,210,38,13,21,300,35,15,60,045,44*72
$GPGSV,3,2,11,18,12,090,30,20,48,270,41,24,08,180,28,30,29,330,37*77
$GPGSV,3,3,11,02,41,150,33,12,17,060,31,25,72,015,45*4C
$GPRMC,160247.00,A,3329.9747,N,11559.6144,W,6.95,97.7,080726,,,A*4A
$GPGGA,160248.00,3329.9745,N,11559.6121,W,1,11,0.80,304.7,M,-33.0,M,,*6B
$GPGSA,A,3,05,07,13,15,18,20,24,30,02,12,25,,1.5,0.8,1.2*31
$GPGSV,3,1,11,05,55,120,44,07,34,210,38,13,21,300,35,15,60,045,44*72
$GPGSV,3,2,11,18,12,090,30,20,48,270,41,24,08,180,28,30,29,330,37*77
$GPGSV,3,3,11,02,41,150,33,12,17,060,31,25,72,015,45*4C
$GPRMC,160248.00,A,3329.9745,N,11559.6121,W,6.94,97.7,080726,,,A*45
$GPGGA,160249.00,3329.9742,N,11559.6098,W,1,11,0.80,304.7,M,-33.0,M,,*6E
$GPGSA,A,3,05,07,13,15,18,20,24,30,02,12,25,,1.5,0.8,1.2*31
$GPGSV,3,1,11,05,55,120,44,07,34,210,38,13,21,300,35,15,60,045,44*72
$GPGSV,3,2,11,18,12,090,30,20,48,270,41,24,08,180,28,30,29,330,37*77
$GPGSV,3,3,11,02,41,150,33,12,17,060,31,25,72,015,45*4C
$GPRMC,160249.00,A,3329.9742,N,11559.6098,W,6.94,97.7,080726,,,A*40
$GPGGA,160250.00,3329.9740,N,11559.6075,W,1,11,0.80,304.7,M,-33.0,M,,*67
$GPGSA,A,3,05,07,13,15,18,20,24,30,02,12,25,,1.5,0.8,1.2*31
$GPGSV,3,1,11,05,55,120,44,07,34,210,38,13,21,300,35,15,60,045,44*72
$GPGSV,3,2,11,18,12,090,30,20,48,270,41,24,08,180,28,30,29,330,37*77
$GPGSV,3,3,11,02,41,150,33,12,17,060,31,25,72,015,45*4C
$GPRMC,160250.00,A,3329.9740,N,11559.6075,W,6.93,97.7,080726,,,A*4E
$GPGGA,160251.00,3329.9737,N,11559.6052,W,1,11,0.80,304.7,M,-33.0,M,,*63
$GPGSA,A,3,05,07,13,15,18,20,24,30,02,12,25,,1.5,0.8,1.2*31
$GPGSV,3,1,11,05,55,120,44,07,34,210,38,13,21,300,35,15,60,045,44*72
$GPGSV,3,2,11,18,12,090,30,20,48,270,41,24,08,180,28,30,29,330,37*77
$GPGSV,3,3,11,02,41,150,33,12,17,060,31,25,72,015,45*4C
$GPRMC,160251.00,A,3329.9737,N,11559.6052,W,6.93,97.7,080726,,,A*4A
$GPGGA,160252.00,3329.9734,N,11559.6029,W,1,11,0.80,304.7,M,-33.0,M,,*6F
$GPGSA,A,3,05,07,13,15,18,20,24,30,02,12,25,,1.5,0.8,1.2*31
$GPGSV,3,1,11,05,55,120,44,07,34,210,38,13,21,300,35,15,60,045,44*72
$GPGSV,3,2,11,18,12,090,30,20,48,270,41,24,08,180,28,30,29,330,37*77
$GPGSV,3,3,11,02,41,150,33,12,17,060,31,25,72,015,45*4C
$GPRMC,160252.00,A,3329.9734,N,11559.6029,W,6.92,97.8,080726,,,A*48
$GPGGA,160253.00,3329.9732,N,11559.6006,W,1,11,0.80,304.7,M,-33.0,M,,*65
$GPGSA,A,3,05,07,13,15,18,20,24,30,02,12,25,,1.5,0.8,1.2*31
$GPGSV,3,1,11,05,55,120,44,07,34,210,38,13,21,300,35,15,60,045,44*72
$GPGSV,3,2,11,18,12,090,30,20,48,270,41,24,08,180,28,30,29,330,37*77
$GPGSV,3,3,11,02,41,150,33,12,17,060,31,25,72,015,45*4C
$GPRMC,160253.00,A,3329.9732,N,11559.6006,W,6.91,97.8,080726,,,A*41
$GPGGA,160254.00,3329.9729,N,11559.5984,W,1,11,0.80,304.7,M,-33.0,M,,*68
$GPGSA,A,3,05,07,13,15,18,20,24,30,02,12,25,,1.5,0.8,1.2*31
$GPGSV,3,1,11,05,55,120,44,07,34,210,38,13,21,300,35,15,60,045,44*72
$GPGSV,3,2,11,18,12,090,30,20,48,270,41,24,08,180,28,30,29,330,37*77
$GPGSV,3,3,11,02,41,150,33,12,17,060,31,25,72,015,45*4C
$GPRMC,160254.00,A,3329.9729,N,11559.5984,W,6.91,97.8,080726,,,A*4C
$GPGGA,160255.00,3329.9727,N,11559.5961,W,1,11,0.80,304.7,M,-33.0,M,,*6C
$GPGSA,A,3,05,07,13,15,18,20,24,30,02,12,25,,1.5,0.8,1.2*31
$GPGSV,3,1,11,05,55,120,44,07,34,210,38,13,21,300,35,15,60,045,44*72
$GPGSV,3,2,11,18,12,090,30,20,48,270,41,24,08,180,28,30,29,330,37*77
$GPGSV,3,3,11,02,41,150,33,12,17,060,31,25,72,015,45*4C
$GPRMC,160255.00,A,3329.9727,N,11559.5961,W,6.90,97.8,080726,,,A*49
$GPGGA,160256.00,3329.9724,N,11559.5938,W,1,11,0.80,304.7,M,-33.0,M,,*60
$GPGSA,A,3,05,07,13,15,18,20,24,30,02,12,25,,1.5,0.8,1.2*31
$GPGSV,3,1,11,05,55,120,44,07,34,210,38,13,21,300,35,15,60,045,44*72
$GPGSV,3,2,11,18,12,090,30,20,48,270,41,24,08,180,28,30,29,330,37*77
$GPGSV,3,3,11,02,41,150,33,12,17,060,31,25,72,015,45*4C
$GPRMC,160256.00,A,3329.9724,N,11559.5938,W,6.89,97.8,080726,,,A*4D
$GPGGA,160257.00,3329.9721,N,11559.5915,W,1,11,0.80,304.7,M,-33.0,M,,*6B
$GPGSA,A,3,05,07,13,15,18,20,24,30,02,12,25,,1.5,0.8,1.2*31
$GPGSV,3,1,11,05,55,120,44,07,34,210,38,13,21,300,35,15,60,045,44*72
$GPGSV,3,2,11,18,12,090,30,20,48,270,41,24,08,180,28,30,29,330,37*77
$GPGSV,3,3,11,02,41,150,33,12,17,060,31,25,72,015,45*4C
$GPRMC,160257.00,A,3329.9721,N,11559.5915,W,6.89,97.8,080726,,,A*46
$GPGGA,160258.00,3329.9719,N,11559.5893,W,1,11,0.80,304.7,M,-33.0,M,,*60
$GPGSA,A,3,05,07,13,15,18,20,24,30,02,12,25,,1.5,0.8,1.2*31
$GPGSV,3,1,11,05,55,120,44,07,34,210,38,13,21,300,35,15,60,045,44*72
$GPGSV,3,2,11,18,12,090,30,20,48,270,41,24,08,180,28,30,29,330,37*77
$GPGSV,3,3,11,02,41,150,33,12,17,060,31,25,72,015,45*4C
$GPRMC,160258.00,A,3329.9719,N,11559.5893,W,6.88,97.8,080726,,,A*4C
$GPGGA,160259.00,3329.9716,N,11559.5870,W,1,11,0.80,304.7,M,-33.0,M,,*63
$GPGSA,A,3,05,07,13,15,18,20,24,30,02,12,25,,1.5,0.8,1.2*31
$GPGSV,3,1,11,05,55,120,44,07,34,210,38,13,21,300,35,15,60,045,44*72
$GPGSV,3,2,11,18,12,090,30,20,48,270,41,24,08,180,28,30,29,330,37*77
$GPGSV,3,3,11,02,41,150,33,12,17,060,31,25,72,015,45*4C
$GPRMC,160259.00,A,3329.9716,N,11559.5870,W,6.87,97.9,080726,,,A*41
$GPGGA,160300.00,3329.9714,N,11559.5847,W,1,12,0.80,304.7,M,-33.0,M,,*6B
$GPGSA,A,3,05,07,13,15,18,20,24,30,02,12,25,29,1.5,0.8,1.2*3A
$GPGSV,3,1,12,05,55,120,44,07,34,210,38,13,21,300,35,15,60,045,44*71
$GPGSV,3,2,12,18,12,090,30,20,48,270,41,24,08,180,28,30,29,330,37*74
$GPGSV,3,3,12,02,41,150,33,12,17,060,31,25,72,015,45,29,45,240,39*79
$GPRMC,160300.00,A,3329.9714,N,11559.5847,W,6.87,97.9,080726,,,A*4A
$GPGGA,160301.00,3329.9711,N,11559.5825,W,1,12,0.80,304.7,M,-33.0,M,,*6B
$GPGSA,A,3,05,07,13,15,18,20,24,30,02,12,25,29,1.5,0.8,1.2*3A
$GPGSV,3,1,12,05,55,120,44,07,34,210,38,13,21,300,35,15,60,045,44*71
$GPGSV,3,2,12,18,12,090,30,20,48,270,41,24,08,180,28,30,29,330,37*74
$GPGSV,3,3,12,02,41,150,33,12,17,060,31,25,72,015,45,29,45,240,39*79
$GPRMC,160301.00,A,3329.9711,N,11559.5825,W,6.86,97.9,080726,,,A*4B
$GPGGA,160302.00,3329.9708,N,11559.5802,W,1,12,0.80,304.7,M,-33.0,M,,*65
$GPGSA,A,3,05,07,13,15,18,20,24,30,02,12,25,29,1.5,0.8,1.2*3A
$GPGSV,3,1,12,05,55,120,44,07,34,210,38,13,21,300,35,15,60,045,44*71
$GPGSV,3,2,12,18,12,090,30,20,48,270,41,24,08,180,28,30,29,330,37*74
$GPGSV,3,3,12,02,41,150,33,12,17,060,31,25,72,015,45,29,45,240,39*79
$GPRMC,160302.00,A,3329.9708,N,11559.5802,W,6.85,97.9,080726,,,A*46
$GPGGA,160303.00,3329.9706,N,11559.5780,W,1,12,0.80,304.7,M,-33.0,M,,*6F
$GPGSA,A,3,05,07,13,15,18,20,24,30,02,12,25,29,1.5,0.8,1.2*3A
$GPGSV,3,1,12,05,55,120,44,07,34,210,38,13,21,300,35,15,60,045,44*71
$GPGSV,3,2,12,18,12,090,30,20,48,270,41,24,08,180,28,30,29,330,37*74
$GPGSV,3,3,12,02,41,150,33,12,17,060,31,25,72,015,45,29,45,240,39*79
$GPRMC,160303.00,A,3329.9706,N,11559.5780,W,6.84,97.9,080726,,,A*4D
$GPGGA,160304.00,3329.9703,N,11559.5757,W,1,12,0.80,304.7,M,-33.0,M,,*67
$GPGSA,A,3,05,07,13,15,18,20,24,30,02,12,25,29,1.5,0.8,1.2*3A
$GPGSV,3,1,12,05,55,120,44,07,34,210,38,13,21,300,35,15,60,045,44*71
$GPGSV,3,2,12,18,12,090,30,20,48,270,41,24,08,180,28,30,29,330,37*74
$GPGSV,3,3,12,02,41,150,33,12,17,060,31,25,72,015,45,29,45,240,39*79
$GPRMC,160304.00,A,3329.9703,N,11559.5757,W,6.84,97.9,080726,,,A*45
$GPGGA,160305.00,3329.9701,N,11559.5735,W,1,12,0.80,304.7,M,-33.0,M,,*60
$GPGSA,A,3,05,07,13,15,18,20,24,30,02,12,25,29,1.5,0.8,1.2*3A
$GPGSV,3,1,12,05,55,120,44,07,34,210,38,13,21,300,35,15,60,045,44*71
$GPGSV,3,2,12,18,12,090,30,20,48,270,41,24,08,180,28,30,29,330,37*74
$GPGSV,3,3,12,02,41,150,33,12,17,060,31,25,72,015,45,29,45,240,39*79
$GPRMC,160305.00,A,3329.9701,N,11559.5735,W,6.83,97.9,080726,,,A*45
$GPGGA,160306.00,3329.9698,N,11559.5712,W,1,12,0.80,304.7,M,-33.0,M,,*67
$GPGSA,A,3,05,07,13,15,18,20,24,30,02,12,25,29,1.5,0.8,1.2*3A
$GPGSV,3,1,12,05,55,120,44,07,34,210,38,13,21,300,35,15,60,045,44*71
$GPGSV,3,2,12,18,12,090,30,20,48,270,41,24,08,180,28,30,29,330,37*74
$GPGSV,3,3,12,02,41,150,33,12,17,060,31,25,72,015,45,29,45,240,39*79
$GPRMC,160306.00,A,3329.9698,N,11559.5712,W,6.82,97.9,080726,,,A*43
$GPGGA,160307.00,3329.9695,N,11559.5690,W,1,12,0.80,304.7,M,-33.0,M,,*60
$GPGSA,A,3,05,07,13,15,18,20,24,30,02,12,25,29,1.5,0.8,1.2*3A
$GPGSV,3,1,12,05,55,120,44,07,34,210,38,13,21,300,35,15,60,045,44*71
$GPGSV,3,2,12,18,12,090,30,20,48,270,41,24,08,180,28,30,29,330,37*74
$GPGSV,3,3,12,02,41,150,33,12,17,060,31,25,72,015,45,29,45,240,39*79
$GPRMC,160307.00,A,3329.9695,N,11559.5690,W,6.81,97.9,080726,,,A*47
$GPGGA,160308.00,3329.9693,N,11559.5667,W,1,12,0.80,304.7,M,-33.0,M,,*61
$GPGSA,A,3,05,07,13,15,18,20,24,30,02,12,25,29,1.5,0.8,1.2*3A
$GPGSV,3,1,12,05,55,120,44,07,34,210,38,13,21,300,35,15,60,045,44*71
$GPGSV,3,2,12,18,12,090,30,20,48,270,41,24,08,180,28,30,29,330,37*74
$GPGSV,3,3,12,02,41,150,33,12,17,060,31,25,72,015,45,29,45,240,39*79
$GPRMC,160308.00,A,3329.9693,N,11559.5667,W,6.81,97.9,080726,,,A*46
$GPGGA,160309.00,3329.9690,N,11559.5645,W,1,12,0.80,304.7,M,-33.0,M,,*63
$GPGSA,A,3,05,07,13,15,18,20,24,30,02,12,25,29,1.5,0.8,1.2*3A
$GPGSV,3,1,12,05,55,120,44,07,34,210,38,13,21,300,35,15,60,045,44*71
$GPGSV,3,2,12,18,12,090,30,20,48,270,41,24,08,180,28,30,29,330,37*74
$GPGSV,3,3,12,02,41,150,33,12,17,060,31,25,72,015,45,29,45,240,39*79
$GPRMC,160309.00,A,3329.9690,N,11559.5645,W,6.80,97.9,080726,,,A*45
$GPGGA,160310.00,3329.9688,N,11559.5622,W,1,12,0.80,304.7,M,-33.0,M,,*63
$GPGSA,A,3,05,07,13,15,18,20,24,30,02,12,25,29,1.5,0.8,1.2*3A
$GPGSV,3,1,12,05,55,120,44,07,34,210,38,13,21,300,35,15,60,045,44*71
$GPGSV,3,2,12,18,12,090,30,20,48,270,41,24,08,180,28,30,29,330,37*74
$GPGSV,3,3,12,02,41,150,33,12,17,060,31,25,72,015,45,29,45,240,39*79
$GPRMC,160310.00,A,3329.9688,N,11559.5622,W,6.79,98.0,080726,,,A*45
$GPGGA,160311.00,3329.9685,N,11559.5600,W,1,12,0.80,304.7,M,-33.0,M,,*6F
$GPGSA,A,3,05,07,13,15,18,20,24,30,02,12,25,29,1.5,0.8,1.2*3A
$GPGSV,3,1,12,05,55,120,44,07,34,210,38,13,21,300,35,15,60,045,44*71
$GPGSV,3,2,12,18,12,090,30,20,48,270,41,24,08,180,28,30,29,330,37*74
$GPGSV,3,3,12,02,41,150,33,12,17,060,31,25,72,015,45,29,45,240,39*79
$GPRMC,160311.00,A,3329.9685,N,11559.5600,W,6.78,98.0,080726,,,A*48
$GPGGA,160312.00,3329.9682,N,11559.5578,W,1,12,0.80,304.7,M,-33.0,M,,*67
$GPGSA,A,3,05,07,13,15,18,20,24,30,02,12,25,29,1.5,0.8,1.2*3A
$GPGSV,3,1,12,05,55,120,44,07,34,210,38,13,21,300,35,15,60,045,44*71
$GPGSV,3,2,12,18,12,090,30,20,48,270,41,24,08,180,28,30,29,330,37*74
$GPGSV,3,3,12,02,41,150,33,12,17,060,31,25,72,015,45,29,45,240,39*79
$GPRMC,160312.00,A,3329.9682,N,11559.5578,W,6.78,98.0,080726,,,A*40
$GPGGA,160313.00,3329.9680,N,11559.5555,W,1,12,0.80,304.7,M,-33.0,M,,*6B
$GPGSA,A,3,05,07,13,15,18,20,24,30,02,12,25,29,1.5,0.8,1.2*3A
$GPGSV,3,1,12,05,55,120,44,07,34,210,38,13,21,300,35,15,60,045,44*71
$GPGSV,3,2,12,18,12,090,30,20,48,270,41,24,08,180,28,30,29,330,37*74
$GPGSV,3,3,12,02,41,150,33,12,17,060,31,25,72,015,45,29,45,240,39*79
$GPRMC,160313.00,A,3329.9680,N,11559.5555,W,6.77,98.0,080726,,,A*43
$GPGGA,160314.00,3329.9677,N,11559.5533,W,1,12,0.80,304.7,M,-33.0,M,,*64
$GPGSA,A,3,05,07,13,15,18,20,24,30,02,12,25,29,1.5,0.8,1.2*3A
$GPGSV,3,1,12,05,55,120,44,07,34,210,38,13,21,300,35,15,60,045,44*71
$GPGSV,3,2,12,18,12,090,30,20,48,270,41,24,08,180,28,30,29,330,37*74
$GPGSV,3,3,12,02,41,150,33,12,17,060,31,25,72,015,45,29,45,240,39*79
$GPRMC,160314.00,A,3329.9677,N,11559.5533,W,6.76,98.0,080726,,,A*4D
$GPGGA,160315.00,3329.9674,N,11559.5511,W,1,12,0.80,304.7,M,-33.0,M,,*66
$GPGSA,A,3,05,07,13,15,18,20,24,30,02,12,25,29,1.5,0.8,1.2*3A
$GPGSV,3,1,12,05,55,120,44,07,34,210,38,13,21,300,35,15,60,045,44*71
$GPGSV,3,2,12,18,12,090,30,20,48,270,41,24,08,180,28,30,29,330,37*74
$GPGSV,3,3,12,02,41,150,33,12,17,060,31,25,72,015,45,29,45,240,39*79
$GPRMC,160315.00,A,3329.9674,N,11559.5511,W,6.75,98.0,080726,,,A*4C
$GPGGA,160316.00,3329.9672,N,11559.5489,W,1,12,0.80,304.7,M,-33.0,M,,*63
$GPGSA,A,3,05,07,13,15,18,20,24,30,02,12,25,29,1.5,0.8,1.2*3A
$GPGSV,3,1,12,05,55,120,44,07,34,210,38,13,21,300,35,15,60,045,44*71
$GPGSV,3,2,12,18,12,090,30,20,48,270,41,24,08,180,28,30,29,330,37*74
$GPGSV,3,3,12,02,41,150,33,12,17,060,31,25,72,015,45,29,45,240,39*79
$GPRMC,160316.00,A,3329.9672,N,11559.5489,W,6.75,98.0,080726,,,A*49
$GPGGA,160317.00,3329.9669,N,11559.5466,W,1,12,0.80,304.7,M,-33.0,M,,*69
$GPGSA,A,3,05,07,13,15,18,20,24,30,02,12,25,29,1.5,0.8,1.2*3A
$GPGSV,3,1,12,05,55,120,44,07,34,210,38,13,21,300,35,15,60,045,44*71
$GPGSV,3,2,12,18,12,090,30,20,48,270,41,24,08,180,28,30,29,330,37*74
$GPGSV,3,3,12,02,41,150,33,12,17,060,31,25,72,015,45,29,45,240,39*79
$GPRMC,160317.00,A,3329.9669,N,11559.5466,W,6.74,98.0,080726,,,A*42
$GPGGA,160318.00,3329.9667,N,11559.5444,W,1,12,0.80,304.7,M,-33.0,M,,*68
$GPGSA,A,3,05,07,13,15,18,20,24,30,02,12,25,29,1.5,0.8,1.2*3A
$GPGSV,3,1,12,05,55,120,44,07,34,210,38,13,21,300,35,15,60,045,44*71
$GPGSV,3,2,12,18,12,090,30,20,48,270,41,24,08,180,28,30,29,330,37*74
$GPGSV,3,3,12,02,41,150,33,12,17,060,31,25,72,015,45,29,45,240,39*79
$GPRMC,160318.00,A,3329.9667,N,11559.5444,W,6.73,98.0,080726,,,A*44
$GPGGA,160319.00,3329.9664,N,11559.5422,W,1,12,0.80,304.7,M,-33.0,M,,*6A
$GPGSA,A,3,05,07,13,15,18,20,24,30,02,12,25,29,1.5,0.8,1.2*3A
$GPGSV,3,1,12,05,55,120,44,07,34,210,38,13,21,300,35,15,60,045,44*71
$GPGSV,3,2,12,18,12,090,30,20,48,270,41,24,08,180,28,30,29,330,37*74
$GPGSV,3,3,12,02,41,150,33,12,17,060,31,25,72,015,45,29,45,240,39*79
$GPRMC,160319.00,A,3329.9664,N,11559.5422,W,6.72,98.0,080726,,,A*47
$GPGGA,160320.00,3329.9662,N,11559.5400,W,1,12,0.80,304.7,M,-33.0,M,,*66
$GPGSA,A,3,05,07,13,15,18,20,24,30,02,12,25,29,1.5,0.8,1.2*3A
$GPGSV,3,1,12,05,55,120,44,07,34,210,38,13,21,300,35,15,60,045,44*71
$GPGSV,3,2,12,18,12,090,30,20,48,270,41,24,08,180,28,30,29,330,37*74
$GPGSV,3,3,12,02,41,150,33,12,17,060,31,25,72,015,45,29,45,240,39*79
$GPRMC,160320.00,A,3329.9662,N,11559.5400,W,6.71,98.0,080726,,,A*48
$GPGGA,160321.00,3329.9659,N,11559.5378,W,1,12,0.80,304.7,M,-33.0,M,,*67
$GPGSA,A,3,05,07,13,15,18,20,24,30,02,12,25,29,1.5,0.8,1.2*3A
$GPGSV,3,1,12,05,55,120,44,07,34,210,38,13,21,300,35,15,60,045,44*71
$GPGSV,3,2,12,18,12,090,30,20,48,270,41,24,08,180,28,30,29,330,37*74
$GPGSV,3,3,12,02,41,150,33,12,17,060,31,25,72,015,45,29,45,240,39*79
$GPRMC,160321.00,A,3329.9659,N,11559.5378,W,6.71,98.0,080726,,,A*49
$GPGGA,160322.00,3329.9656,N,11559.5356,W,1,12,0.80,304.7,M,-33.0,M,,*67
$GPGSA,A,3,05,07,13,15,18,20,24,30,02,12,25,29,1.5,0.8,1.2*3A
$GPGSV,3,1,12,05,55,120,44,07,34,210,38,13,21,300,35,15,60,045,44*71
$GPGSV,3,2,12,18,12,090,30,20,48,270,41,24,08,180,28,30,29,330,37*74
$GPGSV,3,3,12,02,41,150,33,12,17,060,31,25,72,015,45,29,45,240,39*79
$GPRMC,160322.00,A,3329.9656,N,11559.5356,W,6.70,98.0,080726,,,A*48
$GPGGA,160323.00,3329.9654,N,11559.5334,W,1,12,0.80,304.7,M,-33.0,M,,*60
$GPGSA,A,3,05,07,13,15,18,20,24,30,02,12,25,29,1.5,0.8,1.2*3A
$GPGSV,3,1,12,05,55,120,44,07,34,210,38,13,21,300,35,15,60,045,44*71
$GPGSV,3,2,12,18,12,090,30,20,48,270,41,24,08,180,28,30,29,330,37*74
$GPGSV,3,3,12,02,41,150,33,12,17,060,31,25,72,015,45,29,45,240,39*79
$GPRMC,160323.00,A,3329.9654,N,11559.5334,W,6.69,98.0,080726,,,A*47
$GPGGA,160324.00,3329.9651,N,11559.5312,W,1,12,0.80,304.7,M,-33.0,M,,*66
$GPGSA,A,3,05,07,13,15,18,20,24,30,02,12,25,29,1.5,0.8,1.2*3A
$GPGSV,3,1,12,05,55,120,44,07,34,210,38,13,21,300,35,15,60,045,44*71
$GPGSV,3,2,12,18,12,090,30,20,48,270,41,24,08,180,28,30,29,330,37*74
$GPGSV,3,3,12,02,41,150,33,12,17,060,31,25,72,015,45,29,45,240,39*79
$GPRMC,160324.00,A,3329.9651,N,11559.5312,W,6.68,98.0,080726,,,A*40
$GPGGA,160325.00,3329.9649,N,11559.5290,W,1,12,0.80,304.7,M,-33.0,M,,*65
$GPGSA,A,3,05,07,13,15,18,20,24,30,02,12,25,29,1.5,0.8,1.2*3A
$GPGSV,3,1,12,05,55,120,44,07,34,210,38,13,21,300,35,15,60,045,44*71
$GPGSV,3,2,12,18,12,090,30,20,48,270,41,24,08,180,28,30,29,330,37*74
$GPGSV,3,3,12,02,41,150,33,12,17,060,31,25,72,015,45,29,45,240,39*79
$GPRMC,160325.00,A,3329.9649,N,11559.5290,W,6.67,98.0,080726,,,A*4C
$GPGGA,160326.00,3329.9646,N,11559.5268,W,1,12,0.80,304.7,M,-33.0,M,,*6E
$GPGSA,A,3,05,07,13,15,18,20,24,30,02,12,25,29,1.5,0.8,1.2*3A
$GPGSV,3,1,12,05,55,120,44,07,34,210,38,13,21,300,35,15,60,045,44*71
$GPGSV,3,2,12,18,12,090,30,20,48,270,41,24,08,180,28,30,29,330,37*74
$GPGSV,3,3,12,02,41,150,33,12,17,060,31,25,72,015,45,29,45,240,39*79
$GPRMC,160326.00,A,3329.9646,N,11559.5268,W,6.67,98.0,080726,,,A*47
$GPGGA,160327.00,3329.9643,N,11559.5246,W,1,12,0.80,304.7,M,-33.0,M,,*66
$GPGSA,A,3,05,07,13,15,18,20,24,30,02,12,25,29,1.5,0.8,1.2*3A
$GPGSV,3,1,12,05,55,120,44,07,34,210,38,13,21,300,35,15,60,045,44*71
$GPGSV,3,2,12,18,12,090,30,20,48,270,41,24,08,180,28,30,29,330,37*74
$GPGSV,3,3,12,02,41,150,33,12,17,060,31,25,72,015,45,29,45,240,39*79
$GPRMC,160327.00,A,3329.9643,N,11559.5246,W,6.66,98.0,080726,,,A*4E
$GPGGA,160328.00,3329.9641,N,11559.5224,W,1,12,0.80,304.7,M,-33.0,M,,*6F
$GPGSA,A,3,05,07,13,15,18,20,24,30,02,12,25,29,1.5,0.8,1.2*3A
$GPGSV,3,1,12,05,55,120,44,07,34,210,38,13,21,300,35,15,60,045,44*71
$GPGSV,3,2,12,18,12,090,30,20,48,270,41,24,08,180,28,30,29,330,37*74
$GPGSV,3,3,12,02,41,150,33,12,17,060,31,25,72,015,45,29,45,240,39*79
$GPRMC,160328.00,A,3329.9641,N,11559.5224,W,6.65,98.0,080726,,,A*44
$GPGGA,160329.00,3329.9638,N,11559.5202,W,1,12,0.80,304.7,M,-33.0,M,,*64
$GPGSA,A,3,05,07,13,15,18,20,24,30,02,12,25,29,1.5,0.8,1.2*3A
$GPGSV,3,1,12,05,55,120,44,07,34,210,38,13,21,300,35,15,60,045,44*71
$GPGSV,3,2,12,18,12,090,30,20,48,270,41,24,08,180,28,30,29,330,37*74
$GPGSV,3,3,12,02,41,150,33,12,17,060,31,25,72,015,45,29,45,240,39*79
$GPRMC,160329.00,A,3329.9638,N,11559.5202,W,6.64,98.0,080726,,,A*4E
$GPGGA,160330.00,3329.9636,N,11559.5180,W,1,12,0.80,304.7,M,-33.0,M,,*6B
$GPGSA,A,3,05,07,13,15,18,20,24,30,02,12,25,29,1.5,0.8,1.2*3A
$GPGSV,3,1,12,05,55,120,44,07,34,210,38,13,21,300,35,15,60,045,44*71
$GPGSV,3,2,12,18,12,090,30,20,48,270,41,24,08,180,28,30,29,330,37*74
$GPGSV,3,3,12,02,41,150,33,12,17,060,31,25,72,015,45,29,45,240,39*79
$GPRMC,160330.00,A,3329.9636,N,11559.5180,W,6.63,98.0,080726,,,A*46
$GPGGA,160331.00,3329.9633,N,11559.5158,W,1,12,0.80,304.7,M,-33.0,M,,*6A
$GPGSA,A,3,05,07,13,15,18,20,24,30,02,12,25,29,1.5,0.8,1.2*3A
$GPGSV,3,1,12,05,55,120,44,07,34,210,38,13,21,300,35,15,60,045,44*71
$GPGSV,3,2,12,18,12,090,30,20,48,270,41,24,08,180,28,30,29,330,37*74
$GPGSV,3,3,12,02,41,150,33,12,17,060,31,25,72,015,45,29,45,240,39*79
$GPRMC,160331.00,A,3329.9633,N,11559.5158,W,6.62,98.0,080726,,,A*46
$GPGGA,160332.00,3329.9631,N,11559.5136,W,1,12,0.80,304.8,M,-33.0,M,,*6C
$GPGSA,A,3,05,07,13,15,18,20,24,30,02,12,25,29,1.5,0.8,1.2*3A
$GPGSV,3,1,12,05,55,120,44,07,34,210,38,13,21,300,35,15,60,045,44*71
$GPGSV,3,2,12,18,12,090,30,20,48,270,41,24,08,180,28,30,29,330,37*74
$GPGSV,3,3,12,02,41,150,33,12,17,060,31,25,72,015,45,29,45,240,39*79
$GPRMC,160332.00,A,3329.9631,N,11559.5136,W,6.62,98.0,080726,,,A*4F
$GPGGA,160333.00,3329.9628,N,11559.5115,W,1,12,0.80,304.8,M,-33.0,M,,*64
$GPGSA,A,3,05,07,13,15,18,20,24,30,02,12,25,29,1.5,0.8,1.2*3A
$GPGSV,3,1,12,05,55,120,44,07,34,210,38,13,21,300,35,15,60,045,44*71
$GPGSV,3,2,12,18,12,090,30,20,48,270,41,24,08,180,28,30,29,330,37*74
$GPGSV,3,3,12,02,41,150,33,12,17,060,31,25,72,015,45,29,45,240,39*79
$GPRMC,160333.00,A,3329.9628,N,11559.5115,W,6.61,98.0,080726,,,A*44
$GPGGA,160334.00,3329.9626,N,11559.5093,W,1,12,0.80,304.8,M,-33.0,M,,*62
$GPGSA,A,3,05,07,13,15,18,20,24,30,02,12,25,29,1.5,0.8,1.2*3A
$GPGSV,3,1,12,05,55,120,44,07,34,210,38,13,21,300,35,15,60,045,44*71
$GPGSV,3,2,12,18,12,090,30,20,48,270,41,24,08,180,28,30,29,330,37*74
$GPGSV,3,3,12,02,41,150,33,12,17,060,31,25,72,015,45,29,45,240,39*79
$GPRMC,160334.00,A,3329.9626,N,11559.5093,W,6.60,98.0,080726,,,A*43
$GPGGA,160335.00,3329.9623,N,11559.5071,W,1,12,0.80,304.8,M,-33.0,M,,*6A
$GPGSA,A,3,05,07,13,15,18,20,24,30,02,12,25,29,1.5,0.8,1.2*3A
$GPGSV,3,1,12,05,55,120,44,07,34,210,38,13,21,300,35,15,60,045,44*71
$GPGSV,3,2,12,18,12,090,30,20,48,270,41,24,08,180,28,30,29,330,37*74
$GPGSV,3,3,12,02,41,150,33,12,17,060,31,25,72,015,45,29,45,240,39*79
$GPRMC,160335.00,A,3329.9623,N,11559.5071,W,6.59,98.0,080726,,,A*41
$GPGGA,160336.00,3329.9620,N,11559.5049,W,1,12,0.80,304.8,M,-33.0,M,,*61
$GPGSA,A,3,05,07,13,15,18,20,24,30,02,12,25,29,1.5,0.8,1.2*3A
$GPGSV,3,1,12,05,55,120,44,07,34,210,38,13,21,300,35,15,60,045,44*71
$GPGSV,3,2,12,18,12,090,30,20,48,270,41,24,08,180,28,30,29,330,37*74
$GPGSV,3,3,12,02,41,150,33,12,17,060,31,25,72,015,45,29,45,240,39*79
$GPRMC,160336.00,A,3329.9620,N,11559.5049,W,6.58,98.0,080726,,,A*4B
$GPGGA,160337.00,3329.9618,N,11559.5028,W,1,12,0.80,304.8,M,-33.0,M,,*6C
$GPGSA,A,3,05,07,13,15,18,20,24,30,02,12,25,29,1.5,0.8,1.2*3A
$GPGSV,3,1,12,05,55,120,44,07,34,210,38,13,21,300,35,15,60,045,44*71
$GPGSV,3,2,12,18,12,090,30,20,48,270,41,24,08,180,28,30,29,330,37*74
$GPGSV,3,3,12,02,41,150,33,12,17,060,31,25,72,015,45,29,45,240,39*79
$GPRMC,160337.00,A,3329.9618,N,11559.5028,W,6.58,98.0,080726,,,A*46
$GPGGA,160338.00,3329.9615,N,11559.5006,W,1,12,0.80,304.8,M,-33.0,M,,*62
$GPGSA,A,3,05,07,13,15,18,20,24,30,02,12,25,29,1.5,0.8,1.2*3A
$GPGSV,3,1,12,05,55,120,44,07,34,210,38,13,21,300,35,15,60,045,44*71
$GPGSV,3,2,12,18,12,090,30,20,48,270,41,24,08,180,28,30,29,330,37*74
$GPGSV,3,3,12,02,41,150,33,12,17,060,31,25,72,015,45,29,45,240,39*79
$GPRMC,160338.00,A,3329.9615,N,11559.5006,W,6.57,98.0,080726,,,A*47
$GPGGA,160339.00,3329.9613,N,11559.4984,W,1,12,0.80,304.8,M,-33.0,M,,*67
$GPGSA,A,3,05,07,13,15,18,20,24,30,02,12,25,29,1.5,0.8,1.2*3A
$GPGSV,3,1,12,05,55,120,44,07,34,210,38,13,21,300,35,15,60,045,44*71
$GPGSV,3,2,12,18,12,090,30,20,48,270,41,24,08,180,28,30,29,330,37*74
$GPGSV,3,3,12,02,41,150,33,12,17,060,31,25,72,015,45,29,45,240,39*79
$GPRMC,160339.00,A,3329.9613,N,11559.4984,W,6.56,97.9,080726,,,A*45
$GPGGA,160340.00,3329.9610,N,11559.4963,W,1,12,0.80,304.8,M,-33.0,M,,*63
$GPGSA,A,3,05,07,13,15,18,20,24,30,02,12,25,29,1.5,0.8,1.2*3A
$GPGSV,3,1,12,05,55,120,44,07,34,210,38,13,21,300,35,15,60,045,44*71
$GPGSV,3,2,12,18,12,090,30,20,48,270,41,24,08,180,28,30,29,330,37*74
$GPGSV,3,3,12,02,41,150,33,12,17,060,31,25,72,015,45,29,45,240,39*79
$GPRMC,160340.00,A,3329.9610,N,11559.4963,W,6.55,97.9,080726,,,A*42
$GPGGA,160341.00,3329.9608,N,11559.4941,W,1,12,0.80,304.8,M,-33.0,M,,*6B
$GPGSA,A,3,05,07,13,15,18,20,24,30,02,12,25,29,1.5,0.8,1.2*3A
$GPGSV,3,1,12,05,55,120,44,07,34,210,38,13,21,300,35,15,60,045,44*71
$GPGSV,3,2,12,18,12,090,30,20,48,270,41,24,08,180,28,30,29,330,37*74
$GPGSV,3,3,12,02,41,150,33,12,17,060,31,25,72,015,45,29,45,240,39*79
$GPRMC,160341.00,A,3329.9608,N,11559.4941,W,6.54,97.9,080726,,,A*4B
$GPGGA,160342.00,3329.9605,N,11559.4920,W,1,12,0.80,304.8,M,-33.0,M,,*62
$GPGSA,A,3,05,07,13,15,18,20,24,30,02,12,25,29,1.5,0.8,1.2*3A
$GPGSV,3,1,12,05,55,120,44,07,34,210,38,13,21,300,35,15,60,045,44*71
$GPGSV,3,2,12,18,12,090,30,20,48,270,41,24,08,180,28,30,29,330,37*74
$GPGSV,3,3,12,02,41,150,33,12,17,060,31,25,72,015,45,29,45,240,39*79
$GPRMC,160342.00,A,3329.9605,N,11559.4920,W,6.53,97.9,080726,,,A*45
$GPGGA,160343.00,3329.9603,N,11559.4898,W,1,12,0.80,304.8,M,-33.0,M,,*67
$GPGSA,A,3,05,07,13,15,18,20,24,30,02,12,25,29,1.5,0.8,1.2*3A
$GPGSV,3,1,12,05,55,120,44,07,34,210,38,13,21,300,35,15,60,045,44*71
$GPGSV,3,2,12,18,12,090,30,20,48,270,41,24,08,180,28,30,29,330,37*74
$GPGSV,3,3,12,02,41,150,33,12,17,060,31,25,72,015,45,29,45,240,39*79
$GPRMC,160343.00,A,3329.9603,N,11559.4898,W,6.53,97.9,080726,,,A*40
$GPGGA,160344.00,3329.9600,N,11559.4877,W,1,12,0.80,304.8,M,-33.0,M,,*62
$GPGSA,A,3,05,07,13,15,18,20,24,30,02,12,25,29,1.5,0.8,1.2*3A
$GPGSV,3,1,12,05,55,120,44,07,34,210,38,13,21,300,35,15,60,045,44*71
$GPGSV,3,2,12,18,12,090,30,20,48,270,41,24,08,180,28,30,29,330,37*74
$GPGSV,3,3,12,02,41,150,33,12,17,060,31,25,72,015,45,29,45,240,39*79
$GPRMC,160344.00,A,3329.9600,N,11559.4877,W,6.52,97.9,080726,,,A*44
$GPGGA,160345.00,3329.9598,N,11559.4855,W,1,11,0.80,304.8,M,-33.0,M,,*62
$GPGSA,A,3,05,07,13,15,18,20,24,30,02,12,25,,1.5,0.8,1.2*31
$GPGSV,3,1,11,05,55,120,44,07,34,210,38,13,21,300,35,15,60,045,44*72
$GPGSV,3,2,11,18,12,090,30,20,48,270,41,24,08,180,28,30,29,330,37*77
$GPGSV,3,3,11,02,41,150,33,12,17,060,31,25,72,015,45*4C
$GPRMC,160345.00,A,3329.9598,N,11559.4855,W,6.51,97.9,080726,,,A*44
$GPGGA,160346.00,3329.9595,N,11559.4834,W,1,11,0.80,304.8,M,-33.0,M,,*6B
$GPGSA,A,3,05,07,13,15,18,20,24,30,02,12,25,,1.5,0.8,1.2*31
$GPGSV,3,1,11,05,55,120,44,07,34,210,38,13,21,300,35,15,60,045,44*72
$GPGSV,3,2,11,18,12,090,30,20,48,270,41,24,08,180,28,30,29,330,37*77
$GPGSV,3,3,11,02,41,150,33,12,17,060,31,25,72,015,45*4C
$GPRMC,160346.00,A,3329.9595,N,11559.4834,W,6.50,97.9,080726,,,A*4C
$GPGGA,160347.00,3329.9593,N,11559.4812,W,1,11,0.80,304.8,M,-33.0,M,,*68
$GPGSA,A,3,05,07,13,15,18,20,24,30,02,12,25,,1.5,0.8,1.2*31
$GPGSV,3,1,11,05,55,120,44,07,34,210,38,13,21,300,35,15,60,045,44*72
$GPGSV,3,2,11,18,12,090,30,20,48,270,41,24,08,180,28,30,29,330,37*77
$GPGSV,3,3,11,02,41,150,33,12,17,060,31,25,72,015,45*4C
$GPRMC,160347.00,A,3329.9593,N,11559.4812,W,6.49,97.9,080726,,,A*47
$GPGGA,160348.00,3329.9590,N,11559.4791,W,1,11,0.80,304.8,M,-33.0,M,,*60
$GPGSA,A,3,05,07,13,15,18,20,24,30,02,12,25,,1.5,0.8,1.2*31
$GPGSV,3,1,11,05,55,120,44,07,34,210,38,13,21,300,35,15,60,045,44*72
$GPGSV,3,2,11,18,12,090,30,20,48,270,41,24,08,180,28,30,29,330,37*77
$GPGSV,3,3,11,02,41,150,33,12,17,060,31,25,72,015,45*4C
$GPRMC,160348.00,A,3329.9590,N,11559.4791,W,6.48,97.9,080726,,,A*4E
$GPGGA,160349.00,3329.9588,N,11559.4770,W,1,11,0.80,304.8,M,-33.0,M,,*67
$GPGSA,A,3,05,07,13,15,18,20,24,30,02,12,25,,1.5,0.8,1.2*31
$GPGSV,3,1,11,05,55,120,44,07,34,210,38,13,21,300,35,15,60,045,44*72
$GPGSV,3,2,11,18,12,090,30,20,48,270,41,24,08,180,28,30,29,330,37*77
$GPGSV,3,3,11,02,41,150,33,12,17,060,31,25,72,015,45*4C
$GPRMC,160349.00,A,3329.9588,N,11559.4770,W,6.48,97.9,080726,,,A*49
$GPGGA,160350.00,3329.9586,N,11559.4748,W,1,11,0.80,304.8,M,-33.0,M,,*6A
$GPGSA,A,3,05,07,13,15,18,20,24,30,02,12,25,,1.5,0.8,1.2*31
$GPGSV,3,1,11,05,55,120,44,07,34,210,38,13,21,300,35,15,60,045,44*72
$GPGSV,3,2,11,18,12,090,30,20,48,270,41,24,08,180,28,30,29,330,37*77
$GPGSV,3,3,11,02,41,150,33,12,17,060,31,25,72,015,45*4C
$GPRMC,160350.00,A,3329.9586,N,11559.4748,W,6.47,97.8,080726,,,A*4A
$GPGGA,160351.00,3329.9583,N,11559.4727,W,1,11,0.80,304.9,M,-33.0,M,,*66
$GPGSA,A,3,05,07,13,15,18,20,24,30,02,12,25,,1.5,0.8,1.2*31
$GPGSV,3,1,11,05,55,120,44,07,34,210,38,13,21,300,35,15,60,045,44*72
$GPGSV,3,2,11,18,12,090,30,20,48,270,41,24,08,180,28,30,29,330,37*77
$GPGSV,3,3,11,02,41,150,33,12,17,060,31,25,72,015,45*4C
$GPRMC,160351.00,A,3329.9583,N,11559.4727,W,6.46,97.8,080726,,,A*46
$GPGGA,160352.00,3329.9581,N,11559.4706,W,1,11,0.80,304.9,M,-33.0,M,,*64
$GPGSA,A,3,05,07,13,15,18,20,24,30,02,12,25,,1.5,0.8,1.2*31
$GPGSV,3,1,11,05,55,120,44,07,34,210,38,13,21,300,35,15,60,045,44*72
$GPGSV,3,2,11,18,12,090,30,20,48,270,41,24,08,180,28,30,29,330,37*77
$GPGSV,3,3,11,02,41,150,33,12,17,060,31,25,72,015,45*4C
$GPRMC,160352.00,A,3329.9581,N,11559.4706,W,6.45,97.8,080726,,,A*47
$GPGGA,160353.00,3329.9578,N,11559.4684,W,1,11,0.80,304.9,M,-33.0,M,,*68
$GPGSA,A,3,05,07,13,15,18,20,24,30,02,12,25,,1.5,0.8,1.2*31
$GPGSV,3,1,11,05,55,120,44,07,34,210,38,13,21,300,35,15,60,045,44*72
$GPGSV,3,2,11,18,12,090,30,20,48,270,41,24,08,180,28,30,29,330,37*77
$GPGSV,3,3,11,02,41,150,33,12,17,060,31,25,72,015,45*4C
$GPRMC,160353.00,A,3329.9578,N,11559.4684,W,6.44,97.8,080726,,,A*4A
$GPGGA,160354.00,3329.9576,N,11559.4663,W,1,11,0.80,304.9,M,-33.0,M,,*68
$GPGSA,A,3,05,07,13,15,18,20,24,30,02,12,25,,1.5,0.8,1.2*31
$GPGSV,3,1,11,05,55,120,44,07,34,210,38,13,21,300,35,15,60,045,44*72
$GPGSV,3,2,11,18,12,090,30,20,48,270,41,24,08,180,28,30,29,330,37*77
$GPGSV,3,3,11,02,41,150,33,12,17,060,31,25,72,015,45*4C
$GPRMC,160354.00,A,3329.9576,N,11559.4663,W,6.43,97.8,080726,,,A*4D
$GPGGA,160355.00,3329.9573,N,11559.4642,W,1,11,0.80,304.9,M,-33.0,M,,*6F
$GPGSA,A,3,05,07,13,15,18,20,24,30,02,12,25,,1.5,0.8,1.2*31
$GPGSV,3,1,11,05,55,120,44,07,34,210,38,13,21,300,35,15,60,045,44*72
$GPGSV,3,2,11,18,12,090,30,20,48,270,41,24,08,180,28,30,29,330,37*77
$GPGSV,3,3,11,02,41,150,33,12,17,060,31,25,72,015,45*4C
$GPRMC,160355.00,A,3329.9573,N,11559.4642,W,6.43,97.8,080726,,,A*4A
$GPGGA,160356.00,3329.9571,N,11559.4621,W,1,11,0.80,304.9,M,-33.0,M,,*6B
$GPGSA,A,3,05,07,13,15,18,20,24,30,02,12,25,,1.5,0.8,1.2*31
$GPGSV,3,1,11,05,55,120,44,07,34,210,38,13,21,300,35,15,60,045,44*72
$GPGSV,3,2,11,18,12,090,30,20,48,270,41,24,08,180,28,30,29,330,37*77
$GPGSV,3,3,11,02,41,150,33,12,17,060,31,25,72,015,45*4C
$GPRMC,160356.00,A,3329.9571,N,11559.4621,W,6.42,97.8,080726,,,A*4F
$GPGGA,160357.00,3329.9569,N,11559.4600,W,1,11,0.80,304.9,M,-33.0,M,,*60
$GPGSA,A,3,05,07,13,15,18,20,24,30,02,12,25,,1.5,0.8,1.2*31
$GPGSV,3,1,11,05,55,120,44,07,34,210,38,13,21,300,35,15,60,045,44*72
$GPGSV,3,2,11,18,12,090,30,20,48,270,41,24,08,180,28,30,29,330,37*77
$GPGSV,3,3,11,02,41,150,33,12,17,060,31,25,72,015,45*4C
$GPRMC,160357.00,A,3329.9569,N,11559.4600,W,6.41,97.7,080726,,,A*48
$GPGGA,160358.00,3329.9566,N,11559.4579,W,1,11,0.80,304.9,M,-33.0,M,,*6D
$GPGSA,A,3,05,07,13,15,18,20,24,30,02,12,25,,1.5,0.8,1.2*31
$GPGSV,3,1,11,05,55,120,44,07,34,210,38,13,21,300,35,15,60,045,44*72
$GPGSV,3,2,11,18,12,090,30,20,48,270,41,24,08,180,28,30,29,330,37*77
$GPGSV,3,3,11,02,41,150,33,12,17,060,31,25,72,015,45*4C
$GPRMC,160358.00,A,3329.9566,N,11559.4579,W,6.40,97.7,080726,,,A*44
$GPGGA,160359.00,3329.9564,N,11559.4558,W,1,11,0.80,304.9,M,-33.0,M,,*6D
$GPGSA,A,3,05,07,13,15,18,20,24,30,02,12,25,,1.5,0.8,1.2*31
$GPGSV,3,1,11,05,55,120,44,07,34,210,38,13,21,300,35,15,60,045,44*72
$GPGSV,3,2,11,18,12,090,30,20,48,270,41,24,08,180,28,30,29,330,37*77
$GPGSV,3,3,11,02,41,150,33,12,17,060,31,25,72,015,45*4C
$GPRMC,160359.00,A,3329.9564,N,11559.4558,W,6.39,97.7,080726,,,A*4A
$GPGGA,160400.00,3329.9561,N,11559.4536,W,1,11,0.80,304.9,M,-33.0,M,,*6B
$GPGSA,A,3,05,07,13,15,18,20,24,30,02,12,25,,1.5,0.8,1.2*31
$GPGSV,3,1,11,05,55,120,44,07,34,210,38,13,21,300,35,15,60,045,44*72
$GPGSV,3,2,11,18,12,090,30,20,48,270,41,24,08,180,28,30,29,330,37*77
$GPGSV,3,3,11,02,41,150,33,12,17,060,31,25,72,015,45*4C
$GPRMC,160400.00,A,3329.9561,N,11559.4536,W,6.39,97.7,080726,,,A*4C
$GPGGA,160401.00,3329.9559,N,11559.4515,W,1,11,0.80,304.9,M,-33.0,M,,*60
$GPGSA,A,3,05,07,13,15,18,20,24,30,02,12,25,,1.5,0.8,1.2*31
$GPGSV,3,1,11,05,55,120,44,07,34,210,38,13,21,300,35,15,60,045,44*72
$GPGSV,3,2,11,18,12,090,30,20,48,270,41,24,08,180,28,30,29,330,37*77
$GPGSV,3,3,11,02,41,150,33,12,17,060,31,25,72,015,45*4C
$GPRMC,160401.00,A,3329.9559,N,11559.4515,W,6.38,97.7,080726,,,A*46
$GPGGA,160402.00,3329.9557,N,11559.4494,W,1,11,0.80,304.9,M,-33.0,M,,*65
$GPGSA,A,3,05,07,13,15,18,20,24,30,02,12,25,,1.5,0.8,1.2*31
$GPGSV,3,1,11,05,55,120,44,07,34,210,38,13,21,300,35,15,60,045,44*72
$GPGSV,3,2,11,18,12,090,30,20,48,270,41,24,08,180,28,30,29,330,37*77
$GPGSV,3,3,11,02,41,150,33,12,17,060,31,25,72,015,45*4C
$GPRMC,160402.00,A,3329.9557,N,11559.4494,W,6.37,97.7,080726,,,A*4C
$GPGGA,160403.00,3329.9554,N,11559.4473,W,1,11,0.80,304.9,M,-33.0,M,,*6E
$GPGSA,A,3,05,07,13,15,18,20,24,30,02,12,25,,1.5,0.8,1.2*31
$GPGSV,3,1,11,05,55,120,44,07,34,210,38,13,21,300,35,15,60,045,44*72
$GPGSV,3,2,11,18,12,090,30,20,48,270,41,24,08,180,28,30,29,330,37*77
$GPGSV,3,3,11,02,41,150,33,12,17,060,31,25,72,015,45*4C
$GPRMC,160403.00,A,3329.9554,N,11559.4473,W,6.36,97.6,080726,,,A*47
$GPGGA,160404.00,3329.9552,N,11559.4452,W,1,11,0.80,304.9,M,-33.0,M,,*6C
$GPGSA,A,3,05,07,13,15,18,20,24,30,02,12,25,,1.5,0.8,1.2*31
$GPGSV,3,1,11,05,55,120,44,07,34,210,38,13,21,300,35,15,60,045,44*72
$GPGSV,3,2,11,18,12,090,30,20,48,270,41,24,08,180,28,30,29,330,37*77
$GPGSV,3,3,11,02,41,150,33,12,17,060,31,25,72,015,45*4C
$GPRMC,160404.00,A,3329.9552,N,11559.4452,W,6.35,97.6,080726,,,A*46
$GPGGA,160405.00,3329.9550,N,11559.4431,W,1,11,0.80,305.0,M,-33.0,M,,*62
$GPGSA,A,3,05,07,13,15,18,20,24,30,02,12,25,,1.5,0.8,1.2*31
$GPGSV,3,1,11,05,55,120,44,07,34,210,38,13,21,300,35,15,60,045,44*72
$GPGSV,3,2,11,18,12,090,30,20,48,270,41,24,08,180,28,30,29,330,37*77
$GPGSV,3,3,11,02,41,150,33,12,17,060,31,25,72,015,45*4C
$GPRMC,160405.00,A,3329.9550,N,11559.4431,W,6.35,97.6,080726,,,A*40
$GPGGA,160406.00,3329.9547,N,11559.4411,W,1,11,0.80,305.0,M,-33.0,M,,*65
$GPGSA,A,3,05,07,13,15,18,20,24,30,02,12,25,,1.5,0.8,1.2*31
$GPGSV,3,1,11,05,55,120,44,07,34,210,38,13,21,300,35,15,60,045,44*72
$GPGSV,3,2,11,18,12,090,30,20,48,270,41,24,08,180,28,30,29,330,37*77
$GPGSV,3,3,11,02,41,150,33,12,17,060,31,25,72,015,45*4C
$GPRMC,160406.00,A,3329.9547,N,11559.4411,W,6.34,97.6,080726,,,A*46
$GPGGA,160407.00,3329.9545,N,11559.4390,W,1,11,0.80,305.0,M,-33.0,M,,*68
$GPGSA,A,3,05,07,13,15,18,20,24,30,02,12,25,,1.5,0.8,1.2*31
$GPGSV,3,1,11,05,55,120,44,07,34,210,38,13,21,300,35,15,60,045,44*72
$GPGSV,3,2,11,18,12,090,30,20,48,270,41,24,08,180,28,30,29,330,37*77
$GPGSV,3,3,11,02,41,150,33,12,17,060,31,25,72,015,45*4C
$GPRMC,160407.00,A,3329.9545,N,11559.4390,W,6.33,97.6,080726,,,A*4C
$GPGGA,160408.00,3329.9543,N,11559.4369,W,1,11,0.80,305.0,M,-33.0,M,,*67
$GPGSA,A,3,05,07,13,15,18,20,24,30,02,12,25,,1.5,0.8,1.2*31
$GPGSV,3,1,11,05,55,120,44,07,34,210,38,13,21,300,35,15,60,045,44*72
$GPGSV,3,2,11,18,12,090,30,20,48,270,41,24,08,180,28,30,29,330,37*77
$GPGSV,3,3,11,02,41,150,33,12,17,060,31,25,72,015,45*4C
$GPRMC,160408.00,A,3329.9543,N,11559.4369,W,6.32,97.6,080726,,,A*42
$GPGGA,160409.00,3329.9540,N,11559.4348,W,1,11,0.80,305.0,M,-33.0,M,,*66
$GPGSA,A,3,05,07,13,15,18,20,24,30,02,12,25,,1.5,0.8,1.2*31
$GPGSV,3,1,11,05,55,120,44,07,34,210,38,13,21,300,35,15,60,045,44*72
$GPGSV,3,2,11,18,12,090,30,20,48,270,41,24,08,180,28,30,29,330,37*77
$GPGSV,3,3,11,02,41,150,33,12,17,060,31,25,72,015,45*4C
$GPRMC,160409.00,A,3329.9540,N,11559.4348,W,6.32,97.5,080726,,,A*40
$GPGGA,160410.00,3329.9538,N,11559.4327,W,1,11,0.80,305.0,M,-33.0,M,,*68
$GPGSA,A,3,05,07,13,15,18,20,24,30,02,12,25,,1.5,0.8,1.2*31
$GPGSV,3,1,11,05,55,120,44,07,34,210,38,13,21,300,35,15,60,045,44*72
$GPGSV,3,2,11,18,12,090,30,20,48,270,41,24,08,180,28,30,29,330,37*77
$GPGSV,3,3,11,02,41,150,33,12,17,060,31,25,72,015,45*4C
$GPRMC,160410.00,A,3329.9538,N,11559.4327,W,6.31,97.5,080726,,,A*4D
$GPGGA,160411.00,3329.9536,N,11559.4306,W,1,11,0.80,305.0,M,-33.0,M,,*64
$GPGSA,A,3,05,07,13,15,18,20,24,30,02,12,25,,1.5,0.8,1.2*31
$GPGSV,3,1,11,05,55,120,44,07,34,210,38,13,21,300,35,15,60,045,44*72
$GPGSV,3,2,11,18,12,090,30,20,48,270,41,24,08,180,28,30,29,330,37*77
$GPGSV,3,3,11,02,41,150,33,12,17,060,31,25,72,015,45*4C
$GPRMC,160411.00,A,3329.9536,N,11559.4306,W,6.30,97.5,080726,,,A*40
$GPGGA,160412.00,3329.9534,N,11559.4286,W,1,11,0.80,305.0,M,-33.0,M,,*6C
$GPGSA,A,3,05,07,13,15,18,20,24,30,02,12,25,,1.5,0.8,1.2*31
$GPGSV,3,1,11,05,55,120,44,07,34,210,38,13,21,300,35,15,60,045,44*72
$GPGSV,3,2,11,18,12,090,30,20,48,270,41,24,08,180,28,30,29,330,37*77
$GPGSV,3,3,11,02,41,150,33,12,17,060,31,25,72,015,45*4C
$GPRMC,160412.00,A,3329.9534,N,11559.4286,W,6.29,97.5,080726,,,A*40
$GPGGA,160413.00,3329.9531,N,11559.4265,W,1,11,0.80,305.0,M,-33.0,M,,*65
$GPGSA,A,3,05,07,13,15,18,20,24,30,02,12,25,,1.5,0.8,1.2*31
$GPGSV,3,1,11,05,55,120,44,07,34,210,38,13,21,300,35,15,60,045,44*72
$GPGSV,3,2,11,18,12,090,30,20,48,270,41,24,08,180,28,30,29,330,37*77
$GPGSV,3,3,11,02,41,150,33,12,17,060,31,25,72,015,45*4C
$GPRMC,160413.00,A,3329.9531,N,11559.4265,W,6.29,97.4,080726,,,A*48
$GPGGA,160414.00,3329.9529,N,11559.4244,W,1,11,0.80,305.0,M,-33.0,M,,*68
$GPGSA,A,3,05,07,13,15,18,20,24,30,02,12,25,,1.5,0.8,1.2*31
$GPGSV,3,1,11,05,55,120,44,07,34,210,38,13,21,300,35,15,60,045,44*72
$GPGSV,3,2,11,18,12,090,30,20,48,270,41,24,08,180,28,30,29,330,37*77
$GPGSV,3,3,11,02,41,150,33,12,17,060,31,25,72,015,45*4C
$GPRMC,160414.00,A,3329.9529,N,11559.4244,W,6.28,97.4,080726,,,A*44
$GPGGA,160415.00,3329.9527,N,11559.4223,W,1,11,0.80,305.0,M,-33.0,M,,*66
$GPGSA,A,3,05,07,13,15,18,20,24,30,02,12,25,,1.5,0.8,1.2*31
$GPGSV,3,1,11,05,55,120,44,07,34,210,38,13,21,300,35,15,60,045,44*72
$GPGSV,3,2,11,18,12,090,30,20,48,270,41,24,08,180,28,30,29,330,37*77
$GPGSV,3,3,11,02,41,150,33,12,17,060,31,25,72,015,45*4C
$GPRMC,160415.00,A,3329.9527,N,11559.4223,W,6.27,97.4,080726,,,A*45
$GPGGA,160416.00,3329.9525,N,11559.4203,W,1,11,0.80,305.0,M,-33.0,M,,*65
$GPGSA,A,3,05,07,13,15,18,20,24,30,02,12,25,,1.5,0.8,1.2*31
$GPGSV,3,1,11,05,55,120,44,07,34,210,38,13,21,300,35,15,60,045,44*72
$GPGSV,3,2,11,18,12,090,30,20,48,270,41,24,08,180,28,30,29,330,37*77
$GPGSV,3,3,11,02,41,150,33,12,17,060,31,25,72,015,45*4C
$GPRMC,160416.00,A,3329.9525,N,11559.4203,W,6.26,97.4,080726,,,A*47
$GPGGA,160417.00,3329.9522,N,11559.4182,W,1,11,0.80,305.0,M,-33.0,M,,*69
$GPGSA,A,3,05,07,13,15,18,20,24,30,02,12,25,,1.5,0.8,1.2*31
$GPGSV,3,1,11,05,55,120,44,07,34,210,38,13,21,300,35,15,60,045,44*72
$GPGSV,3,2,11,18,12,090,30,20,48,270,41,24,08,180,28,30,29,330,37*77
$GPGSV,3,3,11,02,41,150,33,12,17,060,31,25,72,015,45*4C
$GPRMC,160417.00,A,3329.9522,N,11559.4182,W,6.26,97.3,080726,,,A*4C
$GPGGA,160418.00,3329.9520,N,11559.4161,W,1,11,0.80,305.0,M,-33.0,M,,*69
$GPGSA,A,3,05,07,13,15,18,20,24,30,02,12,25,,1.5,0.8,1.2*31
$GPGSV,3,1,11,05,55,120,44,07,34,210,38,13,21,300,35,15,60,045,44*72
$GPGSV,3,2,11,18,12,090,30,20,48,270,41,24,08,180,28,30,29,330,37*77
$GPGSV,3,3,11,02,41,150,33,12,17,060,31,25,72,015,45*4C
$GPRMC,160418.00,A,3329.9520,N,11559.4161,W,6.25,97.3,080726,,,A*4F
$GPGGA,160419.00,3329.9518,N,11559.4141,W,1,11,0.80,305.1,M,-33.0,M,,*60
$GPGSA,A,3,05,07,13,15,18,20,24,30,02,12,25,,1.5,0.8,1.2*31
$GPGSV,3,1,11,05,55,120,44,07,34,210,38,13,21,300,35,15,60,045,44*72
$GPGSV,3,2,11,18,12,090,30,20,48,270,41,24,08,180,28,30,29,330,37*77
$GPGSV,3,3,11,02,41,150,33,12,17,060,31,25,72,015,45*4C
$GPRMC,160419.00,A,3329.9518,N,11559.4141,W,6.24,97.3,080726,,,A*46
$GPGGA,160420.00,3329.9516,N,11559.4120,W,1,11,0.80,305.1,M,-33.0,M,,*63
$GPGSA,A,3,05,07,13,15,18,20,24,30,02,12,25,,1.5,0.8,1.2*31
$GPGSV,3,1,11,05,55,120,44,07,34,210,38,13,21,300,35,15,60,045,44*72
$GPGSV,3,2,11,18,12,090,30,20,48,270,41,24,08,180,28,30,29,330,37*77
$GPGSV,3,3,11,02,41,150,33,12,17,060,31,25,72,015,45*4C
$GPRMC,160420.00,A,3329.9516,N,11559.4120,W,6.23,97.3,080726,,,A*42
$GPGGA,160421.00,3329.9513,N,11559.4100,W,1,11,0.80,305.1,M,-33.0,M,,*65
$GPGSA,A,3,05,07,13,15,18,20,24,30,02,12,25,,1.5,0.8,1.2*31
$GPGSV,3,1,11,05,55,120,44,07,34,210,38,13,21,300,35,15,60,045,44*72
$GPGSV,3,2,11,18,12,090,30,20,48,270,41,24,08,180,28,30,29,330,37*77
$GPGSV,3,3,11,02,41,150,33,12,17,060,31,25,72,015,45*4C
$GPRMC,160421.00,A,3329.9513,N,11559.4100,W,6.23,97.2,080726,,,A*45
$GPGGA,160422.00,3329.9511,N,11559.4079,W,1,11,0.80,305.1,M,-33.0,M,,*6B
$GPGSA,A,3,05,07,13,15,18,20,24,30,02,12,25,,1.5,0.8,1.2*31
$GPGSV,3,1,11,05,55,120,44,07,34,210,38,13,21,300,35,15,60,045,44*72
$GPGSV,3,2,11,18,12,090,30,20,48,270,41,24,08,180,28,30,29,330,37*77
$GPGSV,3,3,11,02,41,150,33,12,17,060,31,25,72,015,45*4C
$GPRMC,160422.00,A,3329.9511,N,11559.4079,W,6.22,97.2,080726,,,A*4A
$GPGGA,160423.00,3329.9509,N,11559.4059,W,1,11,0.80,305.1,M,-33.0,M,,*61
$GPGSA,A,3,05,07,13,15,18,20,24,30,02,12,25,,1.5,0.8,1.2*31
$GPGSV,3,1,11,05,55,120,44,07,34,210,38,13,21,300,35,15,60,045,44*72
$GPGSV,3,2,11,18,12,090,30,20,48,270,41,24,08,180,28,30,29,330,37*77
$GPGSV,3,3,11,02,41,150,33,12,17,060,31,25,72,015,45*4C
$GPRMC,160423.00,A,3329.9509,N,11559.4059,W,6.21,97.2,080726,,,A*43
$GPGGA,160424.00,3329.9507,N,11559.4038,W,1,11,0.80,305.1,M,-33.0,M,,*6F
$GPGSA,A,3,05,07,13,15,18,20,24,30,02,12,25,,1.5,0.8,1.2*31
$GPGSV,3,1,11,05,55,120,44,07,34,210,38,13,21,300,35,15,60,045,44*72
$GPGSV,3,2,11,18,12,090,30,20,48,270,41,24,08,180,28,30,29,330,37*77
$GPGSV,3,3,11,02,41,150,33,12,17,060,31,25,72,015,45*4C
$GPRMC,160424.00,A,3329.9507,N,11559.4038,W,6.21,97.2,080726,,,A*4D
$GPGGA,160425.00,3329.9505,N,11559.4018,W,1,11,0.80,305.1,M,-33.0,M,,*6E
$GPGSA,A,3,05,07,13,15,18,20,24,30,02,12,25,,1.5,0.8,1.2*31
$GPGSV,3,1,11,05,55,120,44,07,34,210,38,13,21,300,35,15,60,045,44*72
$GPGSV,3,2,11,18,12,090,30,20,48,270,41,24,08,180,28,30,29,330,37*77
$GPGSV,3,3,11,02,41,150,33,12,17,060,31,25,72,015,45*4C
$GPRMC,160425.00,A,3329.9505,N,11559.4018,W,6.20,97.1,080726,,,A*4E
$GPGGA,160426.00,3329.9503,N,11559.3997,W,1,11,0.80,305.1,M,-33.0,M,,*62
$GPGSA,A,3,05,07,13,15,18,20,24,30,02,12,25,,1.5,0.8,1.2*31
$GPGSV,3,1,11,05,55,120,44,07,34,210,38,13,21,300,35,15,60,045,44*72
$GPGSV,3,2,11,18,12,090,30,20,48,270,41,24,08,180,28,30,29,330,37*77
$GPGSV,3,3,11,02,41,150,33,12,17,060,31,25,72,015,45*4C
$GPRMC,160426.00,A,3329.9503,N,11559.3997,W,6.19,97.1,080726,,,A*48
$GPGGA,160427.00,3329.9501,N,11559.3977,W,1,11,0.80,305.1,M,-33.0,M,,*6F
$GPGSA,A,3,05,07,13,15,18,20,24,30,02,12,25,,1.5,0.8,1.2*31
$GPGSV,3,1,11,05,55,120,44,07,34,210,38,13,21,300,35,15,60,045,44*72
$GPGSV,3,2,11,18,12,090,30,20,48,270,41,24,08,180,28,30,29,330,37*77
$GPGSV,3,3,11,02,41,150,33,12,17,060,31,25,72,015,45*4C
$GPRMC,160427.00,A,3329.9501,N,11559.3977,W,6.19,97.1,080726,,,A*45
$GPGGA,160428.00,3329.9498,N,11559.3956,W,1,11,0.80,305.1,M,-33.0,M,,*62
$GPGSA,A,3,05,07,13,15,18,20,24,30,02,12,25,,1.5,0.8,1.2*31
$GPGSV,3,1,11,05,55,120,44,07,34,210,38,13,21,300,35,15,60,045,44*72
$GPGSV,3,2,11,18,12,090,30,20,48,270,41,24,08,180,28,30,29,330,37*77
$GPGSV,3,3,11,02,41,150,33,12,17,060,31,25,72,015,45*4C
$GPRMC,160428.00,A,3329.9498,N,11559.3956,W,6.18,97.1,080726,,,A*49
$GPGGA,160429.00,3329.9496,N,11559.3936,W,1,11,0.80,305.1,M,-33.0,M,,*6B
$GPGSA,A,3,05,07,13,15,18,20,24,30,02,12,25,,1.5,0.8,1.2*31
$GPGSV,3,1,11,05,55,120,44,07,34,210,38,13,21,300,35,15,60,045,44*72
$GPGSV,3,2,11,18,12,090,30,20,48,270,41,24,08,180,28,30,29,330,37*77
$GPGSV,3,3,11,02,41,150,33,12,17,060,31,25,72,015,45*4C
$GPRMC,160429.00,A,3329.9496,N,11559.3936,W,6.17,97.0,080726,,,A*4E
$GPGGA,160430.00,3329.9494,N,11559.3916,W,1,12,0.80,305.1,M,-33.0,M,,*60
$GPGSA,A,3,05,07,13,15,18,20,24,30,02,12,25,29,1.5,0.8,1.2*3A
$GPGSV,3,1,12,05,55,120,44,07,34,210,38,13,21,300,35,15,60,045,44*71
$GPGSV,3,2,12,18,12,090,30,20,48,270,41,24,08,180,28,30,29,330,37*74
$GPGSV,3,3,12,02,41,150,33,12,17,060,31,25,72,015,45,29,45,240,39*79
$GPRMC,160430.00,A,3329.9494,N,11559.3916,W,6.17,97.0,080726,,,A*46
$GPGGA,160431.00,3329.9492,N,11559.3895,W,1,12,0.80,305.1,M,-33.0,M,,*6D
$GPGSA,A,3,05,07,13,15,18,20,24,30,02,12,25,29,1.5,0.8,1.2*3A
$GPGSV,3,1,12,05,55,120,44,07,34,210,38,13,21,300,35,15,60,045,44*71
$GPGSV,3,2,12,18,12,090,30,20,48,270,41,24,08,180,28,30,29,330,37*74
$GPGSV,3,3,12,02,41,150,33,12,17,060,31,25,72,015,45,29,45,240,39*79
$GPRMC,160431.00,A,3329.9492,N,11559.3895,W,6.16,97.0,080726,,,A*4A
$GPGGA,160432.00,3329.9490,N,11559.3875,W,1,12,0.80,305.1,M,-33.0,M,,*62
$GPGSA,A,3,05,07,13,15,18,20,24,30,02,12,25,29,1.5,0.8,1.2*3A
$GPGSV,3,1,12,05,55,120,44,07,34,210,38,13,21,300,35,15,60,045,44*71
$GPGSV,3,2,12,18,12,090,30,20,48,270,41,24,08,180,28,30,29,330,37*74
$GPGSV,3,3,12,02,41,150,33,12,17,060,31,25,72,015,45,29,45,240,39*79
$GPRMC,160432.00,A,3329.9490,N,11559.3875,W,6.16,96.9,080726,,,A*4D
$GPGGA,160433.00,3329.9488,N,11559.3855,W,1,12,0.80,305.2,M,-33.0,M,,*6B
$GPGSA,A,3,05,07,13,15,18,20,24,30,02,12,25,29,1.5,0.8,1.2*3A
$GPGSV,3,1,12,05,55,120,44,07,34,210,38,13,21,300,35,15,60,045,44*71
$GPGSV,3,2,12,18,12,090,30,20,48,270,41,24,08,180,28,30,29,330,37*74
$GPGSV,3,3,12,02,41,150,33,12,17,060,31,25,72,015,45,29,45,240,39*79
$GPRMC,160433.00,A,3329.9488,N,11559.3855,W,6.15,96.9,080726,,,A*44
$GPGGA,160434.00,3329.9486,N,11559.3834,W,1,12,0.80,305.2,M,-33.0,M,,*65
$GPGSA,A,3,05,07,13,15,18,20,24,30,02,12,25,29,1.5,0.8,1.2*3A
$GPGSV,3,1,12,05,55,120,44,07,34,210,38,13,21,300,35,15,60,045,44*71
$GPGSV,3,2,12,18,12,090,30,20,48,270,41,24,08,180,28,30,29,330,37*74
$GPGSV,3,3,12,02,41,150,33,12,17,060,31,25,72,015,45,29,45,240,39*79
$GPRMC,160434.00,A,3329.9486,N,11559.3834,W,6.14,96.9,080726,,,A*4B
$GPGGA,160435.00,3329.9484,N,11559.3814,W,1,12,0.80,305.2,M,-33.0,M,,*64
$GPGSA,A,3,05,07,13,15,18,20,24,30,02,12,25,29,1.5,0.8,1.2*3A
$GPGSV,3,1,12,05,55,120,44,07,34,210,38,13,21,300,35,15,60,045,44*71
$GPGSV,3,2,12,18,12,090,30,20,48,270,41,24,08,180,28,30,29,330,37*74
$GPGSV,3,3,12,02,41,150,33,12,17,060,31,25,72,015,45,29,45,240,39*79
$GPRMC,160435.00,A,3329.9484,N,11559.3814,W,6.14,96.8,080726,,,A*4B
$GPGGA,160436.00,3329.9482,N,11559.3794,W,1,12,0.80,305.2,M,-33.0,M,,*66
$GPGSA,A,3,05,07,13,15,18,20,24,30,02,12,25,29,1.5,0.8,1.2*3A
$GPGSV,3,1,12,05,55,120,44,07,34,210,38,13,21,300,35,15,60,045,44*71
$GPGSV,3,2,12,18,12,090,30,20,48,270,41,24,08,180,28,30,29,330,37*74
$GPGSV,3,3,12,02,41,150,33,12,17,060,31,25,72,015,45,29,45,240,39*79
$GPRMC,160436.00,A,3329.9482,N,11559.3794,W,6.13,96.8,080726,,,A*4E
$GPGGA,160437.00,3329.9480,N,11559.3773,W,1,12,0.80,305.2,M,-33.0,M,,*6C
$GPGSA,A,3,05,07,13,15,18,20,24,30,02,12,25,29,1.5,0.8,1.2*3A
$GPGSV,3,1,12,05,55,120,44,07,34,210,38,13,21,300,35,15,60,045,44*71
$GPGSV,3,2,12,18,12,090,30,20,48,270,41,24,08,180,28,30,29,330,37*74
$GPGSV,3,3,12,02,41,150,33,12,17,060,31,25,72,015,45,29,45,240,39*79
$GPRMC,160437.00,A,3329.9480,N,11559.3773,W,6.13,96.8,080726,,,A*44
$GPGGA,160438.00,3329.9478,N,11559.3753,W,1,12,0.80,305.2,M,-33.0,M,,*66
$GPGSA,A,3,05,07,13,15,18,20,24,30,02,12,25,29,1.5,0.8,1.2*3A
$GPGSV,3,1,12,05,55,120,44,07,34,210,38,13,21,300,35,15,60,045,44*71
$GPGSV,3,2,12,18,12,090,30,20,48,270,41,24,08,180,28,30,29,330,37*74
$GPGSV,3,3,12,02,41,150,33,12,17,060,31,25,72,015,45,29,45,240,39*79
$GPRMC,160438.00,A,3329.9478,N,11559.3753,W,6.12,96.7,080726,,,A*40
$GPGGA,160439.00,3329.9476,N,11559.3733,W,1,12,0.80,305.2,M,-33.0,M,,*6F
$GPGSA,A,3,05,07,13,15,18,20,24,30,02,12,25,29,1.5,0.8,1.2*3A
$GPGSV,3,1,12,05,55,120,44,07,34,210,38,13,21,300,35,15,60,045,44*71
$GPGSV,3,2,12,18,12,090,30,20,48,270,41,24,08,180,28,30,29,330,37*74
$GPGSV,3,3,12,02,41,150,33,12,17,060,31,25,72,015,45,29,45,240,39*79
$GPRMC,160439.00,A,3329.9476,N,11559.3733,W,6.11,96.7,080726,,,A*4A
$GPGGA,160440.00,3329.9474,N,11559.3713,W,1,12,0.80,305.2,M,-33.0,M,,*61
$GPGSA,A,3,05,07,13,15,18,20,24,30,02,12,25,29,1.5,0.8,1.2*3A
$GPGSV,3,1,12,05,55,120,44,07,34,210,38,13,21,300,35,15,60,045,44*71
$GPGSV,3,2,12,18,12,090,30,20,48,270,41,24,08,180,28,30,29,330,37*74
$GPGSV,3,3,12,02,41,150,33,12,17,060,31,25,72,015,45,29,45,240,39*79
$GPRMC,160440.00,A,3329.9474,N,11559.3713,W,6.11,96.7,080726,,,A*44
$GPGGA,160441.00,3329.9472,N,11559.3693,W,1,12,0.80,305.2,M,-33.0,M,,*6F
$GPGSA,A,3,05,07,13,15,18,20,24,30,02,12,25,29,1.5,0.8,1.2*3A
$GPGSV,3,1,12,05,55,120,44,07,34,210,38,13,21,300,35,15,60,045,44*71
$GPGSV,3,2,12,18,12,090,30,20,48,270,41,24,08,180,28,30,29,330,37*74
$GPGSV,3,3,12,02,41,150,33,12,17,060,31,25,72,015,45,29,45,240,39*79
$GPRMC,160441.00,A,3329.9472,N,11559.3693,W,6.10,96.6,080726,,,A*4A
$GPGGA,160442.00,3329.9470,N,11559.3673,W,1,12,0.80,305.2,M,-33.0,M,,*60
$GPGSA,A,3,05,07,13,15,18,20,24,30,02,12,25,29,1.5,0.8,1.2*3A
$GPGSV,3,1,12,05,55,120,44,07,34,210,38,13,21,300,35,15,60,045,44*71
$GPGSV,3,2,12,18,12,090,30,20,48,270,41,24,08,180,28,30,29,330,37*74
$GPGSV,3,3,12,02,41,150,33,12,17,060,31,25,72,015,45,29,45,240,39*79
$GPRMC,160442.00,A,3329.9470,N,11559.3673,W,6.10,96.6,080726,,,A*45
$GPGGA,160443.00,3329.9468,N,11559.3652,W,1,12,0.80,305.2,M,-33.0,M,,*6B
$GPGSA,A,3,05,07,13,15,18,20,24,30,02,12,25,29,1.5,0.8,1.2*3A
$GPGSV,3,1,12,05,55,120,44,07,34,210,38,13,21,300,35,15,60,045,44*71
$GPGSV,3,2,12,18,12,090,30,20,48,270,41,24,08,180,28,30,29,330,37*74
$GPGSV,3,3,12,02,41,150,33,12,17,060,31,25,72,015,45,29,45,240,39*79
$GPRMC,160443.00,A,3329.9468,N,11559.3652,W,6.09,96.6,080726,,,A*46
$GPGGA,160444.00,3329.9466,N,11559.3632,W,1,12,0.80,305.2,M,-33.0,M,,*64
$GPGSA,A,3,05,07,13,15,18,20,24,30,02,12,25,29,1.5,0.8,1.2*3A
$GPGSV,3,1,12,05,55,120,44,07,34,210,38,13,21,300,35,15,60,045,44*71
$GPGSV,3,2,12,18,12,090,30,20,48,270,41,24,08,180,28,30,29,330,37*74
$GPGSV,3,3,12,02,41,150,33,12,17,060,31,25,72,015,45,29,45,240,39*79
$GPRMC,160444.00,A,3329.9466,N,11559.3632,W,6.09,96.5,080726,,,A*4A
$GPGGA,160445.00,3329.9464,N,11559.3612,W,1,12,0.80,305.2,M,-33.0,M,,*65
$GPGSA,A,3,05,07,13,15,18,20,24,30,02,12,25,29,1.5,0.8,1.2*3A
$GPGSV,3,1,12,05,55,120,44,07,34,210,38,13,21,300,35,15,60,045,44*71
$GPGSV,3,2,12,18,12,090,30,20,48,270,41,24,08,180,28,30,29,330,37*74
$GPGSV,3,3,12,02,41,150,33,12,17,060,31,25,72,015,45,29,45,240,39*79
$GPRMC,160445.00,A,3329.9464,N,11559.3612,W,6.08,96.5,080726,,,A*4A
$GPGGA,160446.00,3329.9462,N,11559.3592,W,1,12,0.80,305.2,M,-33.0,M,,*6B
$GPGSA,A,3,05,07,13,15,18,20,24,30,02,12,25,29,1.5,0.8,1.2*3A
$GPGSV,3,1,12,05,55,120,44,07,34,210,38,13,21,300,35,15,60,045,44*71
$GPGSV,3,2,12,18,12,090,30,20,48,270,41,24,08,180,28,30,29,330,37*74
$GPGSV,3,3,12,02,41,150,33,12,17,060,31,25,72,015,45,29,45,240,39*79
$GPRMC,160446.00,A,3329.9462,N,11559.3592,W,6.08,96.5,080726,,,A*44
$GPGGA,160447.00,3329.9460,N,11559.3572,W,1,12,0.80,305.2,M,-33.0,M,,*66
$GPGSA,A,3,05,07,13,15,18,20,24,30,02,12,25,29,1.5,0.8,1.2*3A
$GPGSV,3,1,12,05,55,120,44,07,34,210,38,13,21,300,35,15,60,045,44*71
$GPGSV,3,2,12,18,12,090,30,20,48,270,41,24,08,180,28,30,29,330,37*74
$GPGSV,3,3,12,02,41,150,33,12,17,060,31,25,72,015,45,29,45,240,39*79
$GPRMC,160447.00,A,3329.9460,N,11559.3572,W,6.07,96.4,080726,,,A*47
$GPGGA,160448.00,3329.9458,N,11559.3552,W,1,12,0.80,305.2,M,-33.0,M,,*60
$GPGSA,A,3,05,07,13,15,18,20,24,30,02,12,25,29,1.5,0.8,1.2*3A
$GPGSV,3,1,12,05,55,120,44,07,34,210,38,13,21,300,35,15,60,045,44*71
$GPGSV,3,2,12,18,12,090,30,20,48,270,41,24,08,180,28,30,29,330,37*74
$GPGSV,3,3,12,02,41,150,33,12,17,060,31,25,72,015,45,29,45,240,39*79
$GPRMC,160448.00,A,3329.9458,N,11559.3552,W,6.07,96.4,080726,,,A*41
$GPGGA,160449.00,3329.9457,N,11559.3532,W,1,12,0.80,305.2,M,-33.0,M,,*68
$GPGSA,A,3,05,07,13,15,18,20,24,30,02,12,25,29,1.5,0.8,1.2*3A
$GPGSV,3,1,12,05,55,120,44,07,34,210,38,13,21,300,35,15,60,045,44*71
$GPGSV,3,2,12,18,12,090,30,20,48,270,41,24,08,180,28,30,29,330,37*74
$GPGSV,3,3,12,02,41,150,33,12,17,060,31,25,72,015,45,29,45,240,39*79
$GPRMC,160449.00,A,3329.9457,N,11559.3532,W,6.06,96.4,080726,,,A*48
$GPGGA,160450.00,3329.9455,N,11559.3512,W,1,12,0.80,305.2,M,-33.0,M,,*60
$GPGSA,A,3,05,07,13,15,18,20,24,30,02,12,25,29,1.5,0.8,1.2*3A
$GPGSV,3,1,12,05,55,120,44,07,34,210,38,13,21,300,35,15,60,045,44*71
$GPGSV,3,2,12,18,12,090,30,20,48,270,41,24,08,180,28,30,29,330,37*74
$GPGSV,3,3,12,02,41,150,33,12,17,060,31,25,72,015,45,29,45,240,39*79
$GPRMC,160450.00,A,3329.9455,N,11559.3512,W,6.06,96.3,080726,,,A*47
$GPGGA,160451.00,3329.9453,N,11559.3492,W,1,12,0.80,305.3,M,-33.0,M,,*6F
$GPGSA,A,3,05,07,13,15,18,20,24,30,02,12,25,29,1.5,0.8,1.2*3A
$GPGSV,3,1,12,05,55,120,44,07,34,210,38,13,21,300,35,15,60,045,44*71
$GPGSV,3,2,12,18,12,090,30,20,48,270,41,24,08,180,28,30,29,330,37*74
$GPGSV,3,3,12,02,41,150,33,12,17,060,31,25,72,015,45,29,45,240,39*79
$GPRMC,160451.00,A,3329.9453,N,11559.3492,W,6.06,96.3,080726,,,A*49
$GPGGA,160452.00,3329.9451,N,11559.3472,W,1,12,0.80,305.3,M,-33.0,M,,*60
$GPGSA,A,3,05,07,13,15,18,20,24,30,02,12,25,29,1.5,0.8,1.2*3A
$GPGSV,3,1,12,05,55,120,44,07,34,210,38,13,21,300,35,15,60,045,44*71
$GPGSV,3,2,12,18,12,090,30,20,48,270,41,24,08,180,28,30,29,330,37*74
$GPGSV,3,3,12,02,41,150,33,12,17,060,31,25,72,015,45,29,45,240,39*79
$GPRMC,160452.00,A,3329.9451,N,11559.3472,W,6.05,96.2,080726,,,A*44
$GPGGA,160453.00,3329.9449,N,11559.3452,W,1,12,0.80,305.3,M,-33.0,M,,*6A
$GPGSA,A,3,05,07,13,15,18,20,24,30,02,12,25,29,1.5,0.8,1.2*3A
$GPGSV,3,1,12,05,55,120,44,07,34,210,38,13,21,300,35,15,60,045,44*71
$GPGSV,3,2,12,18,12,090,30,20,48,270,41,24,08,180,28,30,29,330,37*74
$GPGSV,3,3,12,02,41,150,33,12,17,060,31,25,72,015,45,29,45,240,39*79
$GPRMC,160453.00,A,3329.9449,N,11559.3452,W,6.05,96.2,080726,,,A*4E
$GPGGA,160454.00,3329.9447,N,11559.3432,W,1,12,0.80,305.3,M,-33.0,M,,*65
$GPGSA,A,3,05,07,13,15,18,20,24,30,02,12,25,29,1.5,0.8,1.2*3A
$GPGSV,3,1,12,05,55,120,44,07,34,210,38,13,21,300,35,15,60,045,44*71
$GPGSV,3,2,12,18,12,090,30,20,48,270,41,24,08,180,28,30,29,330,37*74
$GPGSV,3,3,12,02,41,150,33,12,17,060,31,25,72,015,45,29,45,240,39*79
$GPRMC,160454.00,A,3329.9447,N,11559.3432,W,6.04,96.2,080726,,,A*40
$GPGGA,160455.00,3329.9446,N,11559.3412,W,1,12,0.80,305.3,M,-33.0,M,,*67
$GPGSA,A,3,05,07,13,15,18,20,24,30,02,12,25,29,1.5,0.8,1.2*3A
$GPGSV,3,1,12,05,55,120,44,07,34,210,38,13,21,300,35,15,60,045,44*71
$GPGSV,3,2,12,18,12,090,30,20,48,270,41,24,08,180,28,30,29,330,37*74
$GPGSV,3,3,12,02,41,150,33,12,17,060,31,25,72,015,45,29,45,240,39*79
$GPRMC,160455.00,A,3329.9446,N,11559.3412,W,6.04,96.1,080726,,,A*41
$GPGGA,160456.00,3329.9444,N,11559.3392,W,1,12,0.80,305.3,M,-33.0,M,,*69
$GPGSA,A,3,05,07,13,15,18,20,24,30,02,12,25,29,1.5,0.8,1.2*3A
$GPGSV,3,1,12,05,55,120,44,07,34,210,38,13,21,300,35,15,60,045,44*71
$GPGSV,3,2,12,18,12,090,30,20,48,270,41,24,08,180,28,30,29,330,37*74
$GPGSV,3,3,12,02,41,150,33,12,17,060,31,25,72,015,45,29,45,240,39*79
$GPRMC,160456.00,A,3329.9444,N,11559.3392,W,6.03,96.1,080726,,,A*48
$GPGGA,160457.00,3329.9442,N,11559.3372,W,1,12,0.80,305.3,M,-33.0,M,,*60
$GPGSA,A,3,05,07,13,15,18,20,24,30,02,12,25,29,1.5,0.8,1.2*3A
$GPGSV,3,1,12,05,55,120,44,07,34,210,38,13,21,300,35,15,60,045,44*71
$GPGSV,3,2,12,18,12,090,30,20,48,270,41,24,08,180,28,30,29,330,37*74
$GPGSV,3,3,12,02,41,150,33,12,17,060,31,25,72,015,45,29,45,240,39*79
$GPRMC,160457.00,A,3329.9442,N,11559.3372,W,6.03,96.0,080726,,,A*40
$GPGGA,160458.00,3329.9440,N,11559.3352,W,1,12,0.80,305.3,M,-33.0,M,,*6F
$GPGSA,A,3,05,07,13,15,18,20,24,30,02,12,25,29,1.5,0.8,1.2*3A
$GPGSV,3,1,12,05,55,120,44,07,34,210,38,13,21,300,35,15,60,045,44*71
$GPGSV,3,2,12,18,12,090,30,20,48,270,41,24,08,180,28,30,29,330,37*74
$GPGSV,3,3,12,02,41,150,33,12,17,060,31,25,72,015,45,29,45,240,39*79
$GPRMC,160458.00,A,3329.9440,N,11559.3352,W,6.03,96.0,080726,,,A*4F
$GPGGA,160459.00,3329.9439,N,11559.3332,W,1,12,0.80,305.3,M,-33.0,M,,*66
$GPGSA,A,3,05,07,13,15,18,20,24,30,02,12,25,29,1.5,0.8,1.2*3A
$GPGSV,3,1,12,05,55,120,44,07,34,210,38,13,21,300,35,15,60,045,44*71
$GPGSV,3,2,12,18,12,090,30,20,48,270,41,24,08,180,28,30,29,330,37*74
$GPGSV,3,3,12,02,41,150,33,12,17,060,31,25,72,015,45,29,45,240,39*79
$GPRMC,160459.00,A,3329.9439,N,11559.3332,W,6.02,96.0,080726,,,A*47
$GPGGA,160500.00,3329.9437,N,11559.3312,W,1,12,0.80,305.3,M,-33.0,M,,*67
$GPGSA,A,3,05,07,13,15,18,20,24,30,02,12,25,29,1.5,0.8,1.2*3A
$GPGSV,3,1,12,05,55,120,44,07,34,210,38,13,21,300,35,15,60,045,44*71
$GPGSV,3,2,12,18,12,090,30,20,48,270,41,24,08,180,28,30,29,330,37*74
$GPGSV,3,3,12,02,41,150,33,12,17,060,31,25,72,015,45,29,45,240,39*79
$GPRMC,160500.00,A,3329.9437,N,11559.3312,W,6.02,95.9,080726,,,A*4C
$GPGGA,160501.00,3329.9435,N,11559.3292,W,1,12,0.80,305.3,M,-33.0,M,,*6D
$GPGSA,A,3,05,07,13,15,18,20,24,30,02,12,25,29,1.5,0.8,1.2*3A
$GPGSV,3,1,12,05,55,120,44,07,34,210,38,13,21,300,35,15,60,045,44*71
$GPGSV,3,2,12,18,12,090,30,20,48,270,41,24,08,180,28,30,29,330,37*74
$GPGSV,3,3,12,02,41,150,33,12,17,060,31,25,72,015,45,29,45,240,39*79
$GPRMC,160501.00,A,3329.9435,N,11559.3292,W,6.02,95.9,080726,,,A*46
$GPGGA,160502.00,3329.9433,N,11559.3272,W,1,12,0.80,305.3,M,-33.0,M,,*66
$GPGSA,A,3,05,07,13,15,18,20,24,30,02,12,25,29,1.5,0.8,1.2*3A
$GPGSV,3,1,12,05,55,120,44,07,34,210,38,13,21,300,35,15,60,045,44*71
$GPGSV,3,2,12,18,12,090,30,20,48,270,41,24,08,180,28,30,29,330,37*74
$GPGSV,3,3,12,02,41,150,33,12,17,060,31,25,72,015,45,29,45,240,39*79
$GPRMC,160502.00,A,3329.9433,N,11559.3272,W,6.01,95.8,080726,,,A*4F
$GPGGA,160503.00,3329.9432,N,11559.3252,W,1,12,0.80,305.3,M,-33.0,M,,*64
$GPGSA,A,3,05,07,13,15,18,20,24,30,02,12,25,29,1.5,0.8,1.2*3A
$GPGSV,3,1,12,05,55,120,44,07,34,210,38,13,21,300,35,15,60,045,44*71
$GPGSV,3,2,12,18,12,090,30,20,48,270,41,24,08,180,28,30,29,330,37*74
$GPGSV,3,3,12,02,41,150,33,12,17,060,31,25,72,015,45,29,45,240,39*79
$GPRMC,160503.00,A,3329.9432,N,11559.3252,W,6.01,95.8,080726,,,A*4D
$GPGGA,160504.00,3329.9430,N,11559.3232,W,1,12,0.80,305.3,M,-33.0,M,,*67
$GPGSA,A,3,05,07,13,15,18,20,24,30,02,12,25,29,1.5,0.8,1.2*3A
$GPGSV,3,1,12,05,55,120,44,07,34,210,38,13,21,300,35,15,60,045,44*71
$GPGSV,3,2,12,18,12,090,30,20,48,270,41,24,08,180,28,30,29,330,37*74
$GPGSV,3,3,12,02,41,150,33,12,17,060,31,25,72,015,45,29,45,240,39*79
$GPRMC,160504.00,A,3329.9430,N,11559.3232,W,6.01,95.8,080726,,,A*4E
$GPGGA,160505.00,3329.9428,N,11559.3213,W,1,12,0.80,305.3,M,-33.0,M,,*6C
$GPGSA,A,3,05,07,13,15,18,20,24,30,02,12,25,29,1.5,0.8,1.2*3A
$GPGSV,3,1,12,05,55,120,44,07,34,210,38,13,21,300,35,15,60,045,44*71
$GPGSV,3,2,12,18,12,090,30,20,48,270,41,24,08,180,28,30,29,330,37*74
$GPGSV,3,3,12,02,41,150,33,12,17,060,31,25,72,015,45,29,45,240,39*79
$GPRMC,160505.00,A,3329.9428,N,11559.3213,W,6.00,95.7,080726,,,A*4B
$GPGGA,160506.00,3329.9427,N,11559.3193,W,1,12,0.80,305.3,M,-33.0,M,,*6B
$GPGSA,A,3,05,07,13,15,18,20,24,30,02,12,25,29,1.5,0.8,1.2*3A
$GPGSV,3,1,12,05,55,120,44,07,34,210,38,13,21,300,35,15,60,045,44*71
$GPGSV,3,2,12,18,12,090,30,20,48,270,41,24,08,180,28,30,29,330,37*74
$GPGSV,3,3,12,02,41,150,33,12,17,060,31,25,72,015,45,29,45,240,39*79
$GPRMC,160506.00,A,3329.9427,N,11559.3193,W,6.00,95.7,080726,,,A*4C
$GPGGA,160507.00,3329.9425,N,11559.3173,W,1,12,0.80,305.3,M,-33.0,M,,*66
$GPGSA,A,3,05,07,13,15,18,20,24,30,02,12,25,29,1.5,0.8,1.2*3A
$GPGSV,3,1,12,05,55,120,44,07,34,210,38,13,21,300,35,15,60,045,44*71
$GPGSV,3,2,12,18,12,090,30,20,48,270,41,24,08,180,28,30,29,330,37*74
$GPGSV,3,3,12,02,41,150,33,12,17,060,31,25,72,015,45,29,45,240,39*79
$GPRMC,160507.00,A,3329.9425,N,11559.3173,W,6.00,95.6,080726,,,A*40
$GPGGA,160508.00,3329.9423,N,11559.3153,W,1,12,0.80,305.3,M,-33.0,M,,*6D
$GPGSA,A,3,05,07,13,15,18,20,24,30,02,12,25,29,1.5,0.8,1.2*3A
$GPGSV,3,1,12,05,55,120,44,07,34,210,38,13,21,300,35,15,60,045,44*71
$GPGSV,3,2,12,18,12,090,30,20,48,270,41,24,08,180,28,30,29,330,37*74
$GPGSV,3,3,12,02,41,150,33,12,17,060,31,25,72,015,45,29,45,240,39*79
$GPRMC,160508.00,A,3329.9423,N,11559.3153,W,6.00,95.6,080726,,,A*4B
$GPGGA,160509.00,3329.9422,N,11559.3133,W,1,12,0.80,305.3,M,-33.0,M,,*6B
$GPGSA,A,3,05,07,13,15,18,20,24,30,02,12,25,29,1.5,0.8,1.2*3A
$GPGSV,3,1,12,05,55,120,44,07,34,210,38,13,21,300,35,15,60,045,44*71
$GPGSV,3,2,12,18,12,090,30,20,48,270,41,24,08,180,28,30,29,330,37*74
$GPGSV,3,3,12,02,41,150,33,12,17,060,31,25,72,015,45,29,45,240,39*79
$GPRMC,160509.00,A,3329.9422,N,11559.3133,W,5.99,95.5,080726,,,A*4D
$GPGGA,160510.00,3329.9420,N,11559.3113,W,1,12,0.80,305.3,M,-33.0,M,,*63
$GPGSA,A,3,05,07,13,15,18,20,24,30,02,12,25,29,1.5,0.8,1.2*3A
$GPGSV,3,1,12,05,55,120,44,07,34,210,38,13,21,300,35,15,60,045,44*71
$GPGSV,3,2,12,18,12,090,30,20,48,270,41,24,08,180,28,30,29,330,37*74
$GPGSV,3,3,12,02,41,150,33,12,17,060,31,25,72,015,45,29,45,240,39*79
$GPRMC,160510.00,A,3329.9420,N,11559.3113,W,5.99,95.5,080726,,,A*45
$GPGGA,160511.00,3329.9419,N,11559.3094,W,1,12,0.80,305.3,M,-33.0,M,,*66
$GPGSA,A,3,05,07,13,15,18,20,24,30,02,12,25,29,1.5,0.8,1.2*3A
$GPGSV,3,1,12,05,55,120,44,07,34,210,38,13,21,300,35,15,60,045,44*71
$GPGSV,3,2,12,18,12,090,30,20,48,270,41,24,08,180,28,30,29,330,37*74
$GPGSV,3,3,12,02,41,150,33,12,17,060,31,25,72,015,45,29,45,240,39*79
$GPRMC,160511.00,A,3329.9419,N,11559.3094,W,5.99,95.4,080726,,,A*41
$GPGGA,160512.00,3329.9417,N,11559.3074,W,1,12,0.80,305.3,M,-33.0,M,,*65
$GPGSA,A,3,05,07,13,15,18,20,24,30,02,12,25,29,1.5,0.8,1.2*3A
$GPGSV,3,1,12,05,55,120,44,07,34,210,38,13,21,300,35,15,60,045,44*71
$GPGSV,3,2,12,18,12,090,30,20,48,270,41,24,08,180,28,30,29,330,37*74
$GPGSV,3,3,12,02,41,150,33,12,17,060,31,25,72,015,45,29,45,240,39*79
$GPRMC,160512.00,A,3329.9417,N,11559.3074,W,5.99,95.4,080726,,,A*42
$GPGGA,160513.00,3329.9415,N,11559.3054,W,1,12,0.80,305.3,M,-33.0,M,,*64
$GPGSA,A,3,05,07,13,15,18,20,24,30,02,12,25,29,1.5,0.8,1.2*3A
$GPGSV,3,1,12,05,55,120,44,07,34,210,38,13,21,300,35,15,60,045,44*71
$GPGSV,3,2,12,18,12,090,30,20,48,270,41,24,08,180,28,30,29,330,37*74
$GPGSV,3,3,12,02,41,150,33,12,17,060,31,25,72,015,45,29,45,240,39*79
$GPRMC,160513.00,A,3329.9415,N,11559.3054,W,5.98,95.4,080726,,,A*42
$GPGGA,160514.00,3329.9414,N,11559.3034,W,1,12,0.80,305.3,M,-33.0,M,,*64
$GPGSA,A,3,05,07,13,15,18,20,24,30,02,12,25,29,1.5,0.8,1.2*3A
$GPGSV,3,1,12,05,55,120,44,07,34,210,38,13,21,300,35,15,60,045,44*71
$GPGSV,3,2,12,18,12,090,30,20,48,270,41,24,08,180,28,30,29,330,37*74
$GPGSV,3,3,12,02,41,150,33,12,17,060,31,25,72,015,45,29,45,240,39*79
$GPRMC,160514.00,A,3329.9414,N,11559.3034,W,5.98,95.3,080726,,,A*45
$GPGGA,160515.00,3329.9412,N,11559.3014,W,1,11,0.80,305.3,M,-33.0,M,,*62
$GPGSA,A,3,05,07,13,15,18,20,24,30,02,12,25,,1.5,0.8,1.2*31
$GPGSV,3,1,11,05,55,120,44,07,34,210,38,13,21,300,35,15,60,045,44*72
$GPGSV,3,2,11,18,12,090,30,20,48,270,41,24,08,180,28,30,29,330,37*77
$GPGSV,3,3,11,02,41,150,33,12,17,060,31,25,72,015,45*4C
$GPRMC,160515.00,A,3329.9412,N,11559.3014,W,5.98,95.3,080726,,,A*40
$GPGGA,160516.00,3329.9411,N,11559.2994,W,1,11,0.80,305.3,M,-33.0,M,,*62
$GPGSA,A,3,05,07,13,15,18,20,24,30,02,12,25,,1.5,0.8,1.2*31
$GPGSV,3,1,11,05,55,120,44,07,34,210,38,13,21,300,35,15,60,045,44*72
$GPGSV,3,2,11,18,12,090,30,20,48,270,41,24,08,180,28,30,29,330,37*77
$GPGSV,3,3,11,02,41,150,33,12,17,060,31,25,72,015,45*4C
$GPRMC,160516.00,A,3329.9411,N,11559.2994,W,5.98,95.2,080726,,,A*41
$GPGGA,160517.00,3329.9409,N,11559.2975,W,1,11,0.80,305.3,M,-33.0,M,,*65
$GPGSA,A,3,05,07,13,15,18,20,24,30,02,12,25,,1.5,0.8,1.2*31
$GPGSV,3,1,11,05,55,120,44,07,34,210,38,13,21,300,35,15,60,045,44*72
$GPGSV,3,2,11,18,12,090,30,20,48,270,41,24,08,180,28,30,29,330,37*77
$GPGSV,3,3,11,02,41,150,33,12,17,060,31,25,72,015,45*4C
$GPRMC,160517.00,A,3329.9409,N,11559.2975,W,5.98,95.2,080726,,,A*46
$GPGGA,160518.00,3329.9408,N,11559.2955,W,1,11,0.80,305.3,M,-33.0,M,,*69
$GPGSA,A,3,05,07,13,15,18,20,24,30,02,12,25,,1.5,0.8,1.2*31
$GPGSV,3,1,11,05,55,120,44,07,34,210,38,13,21,300,35,15,60,045,44*72
$GPGSV,3,2,11,18,12,090,30,20,48,270,41,24,08,180,28,30,29,330,37*77
$GPGSV,3,3,11,02,41,150,33,12,17,060,31,25,72,015,45*4C
$GPRMC,160518.00,A,3329.9408,N,11559.2955,W,5.98,95.1,080726,,,A*49
$GPGGA,160519.00,3329.9406,N,11559.2935,W,1,11,0.80,305.3,M,-33.0,M,,*60
$GPGSA,A,3,05,07,13,15,18,20,24,30,02,12,25,,1.5,0.8,1.2*31
$GPGSV,3,1,11,05,55,120,44,07,34,210,38,13,21,300,35,15,60,045,44*72
$GPGSV,3,2,11,18,12,090,30,20,48,270,41,24,08,180,28,30,29,330,37*77
$GPGSV,3,3,11,02,41,150,33,12,17,060,31,25,72,015,45*4C
$GPRMC,160519.00,A,3329.9406,N,11559.2935,W,5.97,95.1,080726,,,A*4F
$GPGGA,160520.00,3329.9405,N,11559.2915,W,1,11,0.80,305.3,M,-33.0,M,,*6B
$GPGSA,A,3,05,07,13,15,18,20,24,30,02,12,25,,1.5,0.8,1.2*31
$GPGSV,3,1,11,05,55,120,44,07,34,210,38,13,21,300,35,15,60,045,44*72
$GPGSV,3,2,11,18,12,090,30,20,48,270,41,24,08,180,28,30,29,330,37*77
$GPGSV,3,3,11,02,41,150,33,12,17,060,31,25,72,015,45*4C
$GPRMC,160520.00,A,3329.9405,N,11559.2915,W,5.97,95.0,080726,,,A*45
$GPGGA,160521.00,3329.9403,N,11559.2896,W,1,11,0.80,305.3,M,-33.0,M,,*66
$GPGSA,A,3,05,07,13,15,18,20,24,30,02,12,25,,1.5,0.8,1.2*31
$GPGSV,3,1,11,05,55,120,44,07,34,210,38,13,21,300,35,15,60,045,44*72
$GPGSV,3,2,11,18,12,090,30,20,48,270,41,24,08,180,28,30,29,330,37*77
$GPGSV,3,3,11,02,41,150,33,12,17,060,31,25,72,015,45*4C
$GPRMC,160521.00,A,3329.9403,N,11559.2896,W,5.97,95.0,080726,,,A*48
$GPGGA,160522.00,3329.9402,N,11559.2876,W,1,11,0.80,305.3,M,-33.0,M,,*6A
$GPGSA,A,3,05,07,13,15,18,20,24,30,02,12,25,,1.5,0.8,1.2*31
$GPGSV,3,1,11,05,55,120,44,07,34,210,38,13,21,300,35,15,60,045,44*72
$GPGSV,3,2,11,18,12,090,30,20,48,270,41,24,08,180,28,30,29,330,37*77
$GPGSV,3,3,11,02,41,150,33,12,17,060,31,25,72,015,45*4C
$GPRMC,160522.00,A,3329.9402,N,11559.2876,W,5.97,94.9,080726,,,A*4C
$GPGGA,160523.00,3329.9401,N,11559.2856,W,1,11,0.80,305.3,M,-33.0,M,,*6A
$GPGSA,A,3,05,07,13,15,18,20,24,30,02,12,25,,1.5,0.8,1.2*31
$GPGSV,3,1,11,05,55,120,44,07,34,210,38,13,21,300,35,15,60,045,44*72
$GPGSV,3,2,11,18,12,090,30,20,48,270,41,24,08,180,28,30,29,330,37*77
$GPGSV,3,3,11,02,41,150,33,12,17,060,31,25,72,015,45*4C
$GPRMC,160523.00,A,3329.9401,N,11559.2856,W,5.97,94.9,080726,,,A*4C
$GPGGA,160524.00,3329.9399,N,11559.2836,W,1,11,0.80,305.3,M,-33.0,M,,*6D
$GPGSA,A,3,05,07,13,15,18,20,24,30,02,12,25,,1.5,0.8,1.2*31
$GPGSV,3,1,11,05,55,120,44,07,34,210,38,13,21,300,35,15,60,045,44*72
$GPGSV,3,2,11,18,12,090,30,20,48,270,41,24,08,180,28,30,29,330,37*77
$GPGSV,3,3,11,02,41,150,33,12,17,060,31,25,72,015,45*4C
$GPRMC,160524.00,A,3329.9399,N,11559.2836,W,5.97,94.8,080726,,,A*4A
$GPGGA,160525.00,3329.9398,N,11559.2816,W,1,11,0.80,305.3,M,-33.0,M,,*6F
$GPGSA,A,3,05,07,13,15,18,20,24,30,02,12,25,,1.5,0.8,1.2*31
$GPGSV,3,1,11,05,55,120,44,07,34,210,38,13,21,300,35,15,60,045,44*72
$GPGSV,3,2,11,18,12,090,30,20,48,270,41,24,08,180,28,30,29,330,37*77
$GPGSV,3,3,11,02,41,150,33,12,17,060,31,25,72,015,45*4C
$GPRMC,160525.00,A,3329.9398,N,11559.2816,W,5.97,94.8,080726,,,A*48
$GPGGA,160526.00,3329.9396,N,11559.2797,W,1,11,0.80,305.3,M,-33.0,M,,*64
$GPGSA,A,3,05,07,13,15,18,20,24,30,02,12,25,,1.5,0.8,1.2*31
$GPGSV,3,1,11,05,55,120,44,07,34,210,38,13,21,300,35,15,60,045,44*72
$GPGSV,3,2,11,18,12,090,30,20,48,270,41,24,08,180,28,30,29,330,37*77
$GPGSV,3,3,11,02,41,150,33,12,17,060,31,25,72,015,45*4C
$GPRMC,160526.00,A,3329.9396,N,11559.2797,W,5.97,94.7,080726,,,A*4C
$GPGGA,160527.00,3329.9395,N,11559.2777,W,1,11,0.80,305.3,M,-33.0,M,,*68
$GPGSA,A,3,05,07,13,15,18,20,24,30,02,12,25,,1.5,0.8,1.2*31
$GPGSV,3,1,11,05,55,120,44,07,34,210,38,13,21,300,35,15,60,045,44*72
$GPGSV,3,2,11,18,12,090,30,20,48,270,41,24,08,180,28,30,29,330,37*77
$GPGSV,3,3,11,02,41,150,33,12,17,060,31,25,72,015,45*4C
$GPRMC,160527.00,A,3329.9395,N,11559.2777,W,5.97,94.7,080726,,,A*40
$GPGGA,160528.00,3329.9394,N,11559.2757,W,1,11,0.80,305.3,M,-33.0,M,,*64
$GPGSA,A,3,05,07,13,15,18,20,24,30,02,12,25,,1.5,0.8,1.2*31
$GPGSV,3,1,11,05,55,120,44,07,34,210,38,13,21,300,35,15,60,045,44*72
$GPGSV,3,2,11,18,12,090,30,20,48,270,41,24,08,180,28,30,29,330,37*77
$GPGSV,3,3,11,02,41,150,33,12,17,060,31,25,72,015,45*4C
$GPRMC,160528.00,A,3329.9394,N,11559.2757,W,5.97,94.6,080726,,,A*4D
$GPGGA,160529.00,3329.9392,N,11559.2737,W,1,11,0.80,305.3,M,-33.0,M,,*65
$GPGSA,A,3,05,07,13,15,18,20,24,30,02,12,25,,1.5,0.8,1.2*31
$GPGSV,3,1,11,05,55,120,44,07,34,210,38,13,21,300,35,15,60,045,44*72
$GPGSV,3,2,11,18,12,090,30,20,48,270,41,24,08,180,28,30,29,330,37*77
$GPGSV,3,3,11,02,41,150,33,12,17,060,31,25,72,015,45*4C
$GPRMC,160529.00,A,3329.9392,N,11559.2737,W,5.97,94.6,080726,,,A*4C
$GPGGA,160530.00,3329.9391,N,11559.2718,W,1,11,0.80,305.3,M,-33.0,M,,*63
$GPGSA,A,3,05,07,13,15,18,20,24,30,02,12,25,,1.5,0.8,1.2*31
$GPGSV,3,1,11,05,55,120,44,07,34,210,38,13,21,300,35,15,60,045,44*72
$GPGSV,3,2,11,18,12,090,30,20,48,270,41,24,08,180,28,30,29,330,37*77
$GPGSV,3,3,11,02,41,150,33,12,17,060,31,25,72,015,45*4C
$GPRMC,160530.00,A,3329.9391,N,11559.2718,W,5.97,94.5,080726,,,A*49
$GPGGA,160531.00,3329.9390,N,11559.2698,W,1,11,0.80,305.3,M,-33.0,M,,*6A
$GPGSA,A,3,05,07,13,15,18,20,24,30,02,12,25,,1.5,0.8,1.2*31
$GPGSV,3,1,11,05,55,120,44,07,34,210,38,13,21,300,35,15,60,045,44*72
$GPGSV,3,2,11,18,12,090,30,20,48,270,41,24,08,180,28,30,29,330,37*77
$GPGSV,3,3,11,02,41,150,33,12,17,060,31,25,72,015,45*4C
$GPRMC,160531.00,A,3329.9390,N,11559.2698,W,5.97,94.5,080726,,,A*40
$GPGGA,160532.00,3329.9388,N,11559.2678,W,1,11,0.80,305.3,M,-33.0,M,,*6E
$GPGSA,A,3,05,07,13,15,18,20,24,30,02,12,25,,1.5,0.8,1.2*31
$GPGSV,3,1,11,05,55,120,44,07,34,210,38,13,21,300,35,15,60,045,44*72
$GPGSV,3,2,11,18,12,090,30,20,48,270,41,24,08,180,28,30,29,330,37*77
$GPGSV,3,3,11,02,41,150,33,12,17,060,31,25,72,015,45*4C
$GPRMC,160532.00,A,3329.9388,N,11559.2678,W,5.97,94.4,080726,,,A*45
$GPGGA,160533.00,3329.9387,N,11559.2658,W,1,11,0.80,305.3,M,-33.0,M,,*62
$GPGSA,A,3,05,07,13,15,18,20,24,30,02,12,25,,1.5,0.8,1.2*31
$GPGSV,3,1,11,05,55,120,44,07,34,210,38,13,21,300,35,15,60,045,44*72
$GPGSV,3,2,11,18,12,090,30,20,48,270,41,24,08,180,28,30,29,330,37*77
$GPGSV,3,3,11,02,41,150,33,12,17,060,31,25,72,015,45*4C
$GPRMC,160533.00,A,3329.9387,N,11559.2658,W,5.97,94.4,080726,,,A*49
$GPGGA,160534.00,3329.9386,N,11559.2638,W,1,11,0.80,305.3,M,-33.0,M,,*62
$GPGSA,A,3,05,07,13,15,18,20,24,30,02,12,25,,1.5,0.8,1.2*31
$GPGSV,3,1,11,05,55,120,44,07,34,210,38,13,21,300,35,15,60,045,44*72
$GPGSV,3,2,11,18,12,090,30,20,48,270,41,24,08,180,28,30,29,330,37*77
$GPGSV,3,3,11,02,41,150,33,12,17,060,31,25,72,015,45*4C
$GPRMC,160534.00,A,3329.9386,N,11559.2638,W,5.97,94.3,080726,,,A*4E
$GPGGA,160535.00,3329.9385,N,11559.2619,W,1,11,0.80,305.3,M,-33.0,M,,*63
$GPGSA,A,3,05,07,13,15,18,20,24,30,02,12,25,,1.5,0.8,1.2*31
$GPGSV,3,1,11,05,55,120,44,07,34,210,38,13,21,300,35,15,60,045,44*72
$GPGSV,3,2,11,18,12,090,30,20,48,270,41,24,08,180,28,30,29,330,37*77
$GPGSV,3,3,11,02,41,150,33,12,17,060,31,25,72,015,45*4C
$GPRMC,160535.00,A,3329.9385,N,11559.2619,W,5.97,94.3,080726,,,A*4F
$GPGGA,160536.00,3329.9383,N,11559.2599,W,1,11,0.80,305.3,M,-33.0,M,,*6D
$GPGSA,A,3,05,07,13,15,18,20,24,30,02,12,25,,1.5,0.8,1.2*31
$GPGSV,3,1,11,05,55,120,44,07,34,210,38,13,21,300,35,15,60,045,44*72
$GPGSV,3,2,11,18,12,090,30,20,48,270,41,24,08,180,28,30,29,330,37*77
$GPGSV,3,3,11,02,41,150,33,12,17,060,31,25,72,015,45*4C
$GPRMC,160536.00,A,3329.9383,N,11559.2599,W,5.97,94.2,080726,,,A*40
$GPGGA,160537.00,3329.9382,N,11559.2579,W,1,11,0.80,305.3,M,-33.0,M,,*63
$GPGSA,A,3,05,07,13,15,18,20,24,30,02,12,25,,1.5,0.8,1.2*31
$GPGSV,3,1,11,05,55,120,44,07,34,210,38,13,21,300,35,15,60,045,44*72
$GPGSV,3,2,11,18,12,090,30,20,48,270,41,24,08,180,28,30,29,330,37*77
$GPGSV,3,3,11,02,41,150,33,12,17,060,31,25,72,015,45*4C
$GPRMC,160537.00,A,3329.9382,N,11559.2579,W,5.97,94.2,080726,,,A*4E
$GPGGA,160538.00,3329.9381,N,11559.2559,W,1,11,0.80,305.2,M,-33.0,M,,*6C
$GPGSA,A,3,05,07,13,15,18,20,24,30,02,12,25,,1.5,0.8,1.2*31
$GPGSV,3,1,11,05,55,120,44,07,34,210,38,13,21,300,35,15,60,045,44*72
$GPGSV,3,2,11,18,12,090,30,20,48,270,41,24,08,180,28,30,29,330,37*77
$GPGSV,3,3,11,02,41,150,33,12,17,060,31,25,72,015,45*4C
$GPRMC,160538.00,A,3329.9381,N,11559.2559,W,5.97,94.1,080726,,,A*43
$GPGGA,160539.00,3329.9380,N,11559.2539,W,1,11,0.80,305.2,M,-33.0,M,,*6A
$GPGSA,A,3,05,07,13,15,18,20,24,30,02,12,25,,1.5,0.8,1.2*31
$GPGSV,3,1,11,05,55,120,44,07,34,210,38,13,21,300,35,15,60,045,44*72
$GPGSV,3,2,11,18,12,090,30,20,48,270,41,24,08,180,28,30,29,330,37*77
$GPGSV,3,3,11,02,41,150,33,12,17,060,31,25,72,015,45*4C
$GPRMC,160539.00,A,3329.9380,N,11559.2539,W,5.97,94.1,080726,,,A*45
$GPGGA,160540.00,3329.9379,N,11559.2520,W,1,11,0.80,305.2,M,-33.0,M,,*6A
$GPGSA,A,3,05,07,13,15,18,20,24,30,02,12,25,,1.5,0.8,1.2*31
$GPGSV,3,1,11,05,55,120,44,07,34,210,38,13,21,300,35,15,60,045,44*72
$GPGSV,3,2,11,18,12,090,30,20,48,270,41,24,08,180,28,30,29,330,37*77
$GPGSV,3,3,11,02,41,150,33,12,17,060,31,25,72,015,45*4C
$GPRMC,160540.00,A,3329.9379,N,11559.2520,W,5.97,94.0,080726,,,A*44
$GPGGA,160541.00,3329.9377,N,11559.2500,W,1,11,0.80,305.2,M,-33.0,M,,*67
$GPGSA,A,3,05,07,13,15,18,20,24,30,02,12,25,,1.5,0.8,1.2*31
$GPGSV,3,1,11,05,55,120,44,07,34,210,38,13,21,300,35,15,60,045,44*72
$GPGSV,3,2,11,18,12,090,30,20,48,270,41,24,08,180,28,30,29,330,37*77
$GPGSV,3,3,11,02,41,150,33,12,17,060,31,25,72,015,45*4C
$GPRMC,160541.00,A,3329.9377,N,11559.2500,W,5.97,94.0,080726,,,A*49
$GPGGA,160542.00,3329.9376,N,11559.2480,W,1,11,0.80,305.2,M,-33.0,M,,*6C
$GPGSA,A,3,05,07,13,15,18,20,24,30,02,12,25,,1.5,0.8,1.2*31
$GPGSV,3,1,11,05,55,120,44,07,34,210,38,13,21,300,35,15,60,045,44*72
$GPGSV,3,2,11,18,12,090,30,20,48,270,41,24,08,180,28,30,29,330,37*77
$GPGSV,3,3,11,02,41,150,33,12,17,060,31,25,72,015,45*4C
$GPRMC,160542.00,A,3329.9376,N,11559.2480,W,5.98,93.9,080726,,,A*43
$GPGGA,160543.00,3329.9375,N,11559.2460,W,1,11,0.80,305.2,M,-33.0,M,,*60
$GPGSA,A,3,05,07,13,15,18,20,24,30,02,12,25,,1.5,0.8,1.2*31
$GPGSV,3,1,11,05,55,120,44,07,34,210,38,13,21,300,35,15,60,045,44*72
$GPGSV,3,2,11,18,12,090,30,20,48,270,41,24,08,180,28,30,29,330,37*77
$GPGSV,3,3,11,02,41,150,33,12,17,060,31,25,72,015,45*4C
$GPRMC,160543.00,A,3329.9375,N,11559.2460,W,5.98,93.9,080726,,,A*4F
$GPGGA,160544.00,3329.9374,N,11559.2440,W,1,11,0.80,305.2,M,-33.0,M,,*64
$GPGSA,A,3,05,07,13,15,18,20,24,30,02,12,25,,1.5,0.8,1.2*31
$GPGSV,3,1,11,05,55,120,44,07,34,210,38,13,21,300,35,15,60,045,44*72
$GPGSV,3,2,11,18,12,090,30,20,48,270,41,24,08,180,28,30,29,330,37*77
$GPGSV,3,3,11,02,41,150,33,12,17,060,31,25,72,015,45*4C
$GPRMC,160544.00,A,3329.9374,N,11559.2440,W,5.98,93.8,080726,,,A*4A
$GPGGA,160545.00,3329.9373,N,11559.2420,W,1,11,0.80,305.2,M,-33.0,M,,*64
$GPGSA,A,3,05,07,13,15,18,20,24,30,02,12,25,,1.5,0.8,1.2*31
$GPGSV,3,1,11,05,55,120,44,07,34,210,38,13,21,300,35,15,60,045,44*72
$GPGSV,3,2,11,18,12,090,30,20,48,270,41,24,08,180,28,30,29,330,37*77
$GPGSV,3,3,11,02,41,150,33,12,17,060,31,25,72,015,45*4C
$GPRMC,160545.00,A,3329.9373,N,11559.2420,W,5.98,93.7,080726,,,A*45
$GPGGA,160546.00,3329.9372,N,11559.2401,W,1,11,0.80,305.2,M,-33.0,M,,*65
$GPGSA,A,3,05,07,13,15,18,20,24,30,02,12,25,,1.5,0.8,1.2*31
$GPGSV,3,1,11,05,55,120,44,07,34,210,38,13,21,300,35,15,60,045,44*72
$GPGSV,3,2,11,18,12,090,30,20,48,270,41,24,08,180,28,30,29,330,37*77
$GPGSV,3,3,11,02,41,150,33,12,17,060,31,25,72,015,45*4C
$GPRMC,160546.00,A,3329.9372,N,11559.2401,W,5.98,93.7,080726,,,A*44
$GPGGA,160547.00,3329.9371,N,11559.2381,W,1,11,0.80,305.2,M,-33.0,M,,*68
$GPGSA,A,3,05,07,13,15,18,20,24,30,02,12,25,,1.5,0.8,1.2*31
$GPGSV,3,1,11,05,55,120,44,07,34,210,38,13,21,300,35,15,60,045,44*72
$GPGSV,3,2,11,18,12,090,30,20,48,270,41,24,08,180,28,30,29,330,37*77
$GPGSV,3,3,11,02,41,150,33,12,17,060,31,25,72,015,45*4C
$GPRMC,160547.00,A,3329.9371,N,11559.2381,W,5.98,93.6,080726,,,A*48
$GPGGA,160548.00,3329.9370,N,11559.2361,W,1,11,0.80,305.2,M,-33.0,M,,*68
$GPGSA,A,3,05,07,13,15,18,20,24,30,02,12,25,,1.5,0.8,1.2*31
$GPGSV,3,1,11,05,55,120,44,07,34,210,38,13,21,300,35,15,60,045,44*72
$GPGSV,3,2,11,18,12,090,30,20,48,270,41,24,08,180,28,30,29,330,37*77
$GPGSV,3,3,11,02,41,150,33,12,17,060,31,25,72,015,45*4C
$GPRMC,160548.00,A,3329.9370,N,11559.2361,W,5.99,93.6,080726,,,A*49
$GPGGA,160549.00,3329.9369,N,11559.2341,W,1,11,0.80,305.2,M,-33.0,M,,*63
$GPGSA,A,3,05,07,13,15,18,20,24,30,02,12,25,,1.5,0.8,1.2*31
$GPGSV,3,1,11,05,55,120,44,07,34,210,38,13,21,300,35,15,60,045,44*72
$GPGSV,3,2,11,18,12,090,30,20,48,270,41,24,08,180,28,30,29,330,37*77
$GPGSV,3,3,11,02,41,150,33,12,17,060,31,25,72,015,45*4C
$GPRMC,160549.00,A,3329.9369,N,11559.2341,W,5.99,93.5,080726,,,A*41
$GPGGA,160550.00,3329.9368,N,11559.2321,W,1,11,0.80,305.2,M,-33.0,M,,*6C
$GPGSA,A,3,05,07,13,15,18,20,24,30,02,12,25,,1.5,0.8,1.2*31
$GPGSV,3,1,11,05,55,120,44,07,34,210,38,13,21,300,35,15,60,045,44*72
$GPGSV,3,2,11,18,12,090,30,20,48,270,41,24,08,180,28,30,29,330,37*77
$GPGSV,3,3,11,02,41,150,33,12,17,060,31,25,72,015,45*4C
$GPRMC,160550.00,A,3329.9368,N,11559.2321,W,5.99,93.5,080726,,,A*4E
$GPGGA,160551.00,3329.9367,N,11559.2301,W,1,11,0.80,305.2,M,-33.0,M,,*60
$GPGSA,A,3,05,07,13,15,18,20,24,30,02,12,25,,1.5,0.8,1.2*31
$GPGSV,3,1,11,05,55,120,44,07,34,210,38,13,21,300,35,15,60,045,44*72
$GPGSV,3,2,11,18,12,090,30,20,48,270,41,24,08,180,28,30,29,330,37*77
$GPGSV,3,3,11,02,41,150,33,12,17,060,31,25,72,015,45*4C
$GPRMC,160551.00,A,3329.9367,N,11559.2301,W,5.99,93.4,080726,,,A*43
$GPGGA,160552.00,3329.9366,N,11559.2281,W,1,11,0.80,305.2,M,-33.0,M,,*6B
$GPGSA,A,3,05,07,13,15,18,20,24,30,02,12,25,,1.5,0.8,1.2*31
$GPGSV,3,1,11,05,55,120,44,07,34,210,38,13,21,300,35,15,60,045,44*72
$GPGSV,3,2,11,18,12,090,30,20,48,270,41,24,08,180,28,30,29,330,37*77
$GPGSV,3,3,11,02,41,150,33,12,17,060,31,25,72,015,45*4C
$GPRMC,160552.00,A,3329.9366,N,11559.2281,W,6.00,93.4,080726,,,A*4B
$GPGGA,160553.00,3329.9365,N,11559.2261,W,1,11,0.80,305.2,M,-33.0,M,,*67
$GPGSA,A,3,05,07,13,15,18,20,24,30,02,12,25,,1.5,0.8,1.2*31
$GPGSV,3,1,11,05,55,120,44,07,34,210,38,13,21,300,35,15,60,045,44*72
$GPGSV,3,2,11,18,12,090,30,20,48,270,41,24,08,180,28,30,29,330,37*77
$GPGSV,3,3,11,02,41,150,33,12,17,060,31,25,72,015,45*4C
$GPRMC,160553.00,A,3329.9365,N,11559.2261,W,6.00,93.3,080726,,,A*40
$GPGGA,160554.00,3329.9364,N,11559.2242,W,1,11,0.80,305.2,M,-33.0,M,,*60
$GPGSA,A,3,05,07,13,15,18,20,24,30,02,12,25,,1.5,0.8,1.2*31
$GPGSV,3,1,11,05,55,120,44,07,34,210,38,13,21,300,35,15,60,045,44*72
$GPGSV,3,2,11,18,12,090,30,20,48,270,41,24,08,180,28,30,29,330,37*77
$GPGSV,3,3,11,02,41,150,33,12,17,060,31,25,72,015,45*4C
$GPRMC,160554.00,A,3329.9364,N,11559.2242,W,6.00,93.3,080726,,,A*47
$GPGGA,160555.00,3329.9363,N,11559.2222,W,1,11,0.80,305.2,M,-33.0,M,,*60
$GPGSA,A,3,05,07,13,15,18,20,24,30,02,12,25,,1.5,0.8,1.2*31
$GPGSV,3,1,11,05,55,120,44,07,34,210,38,13,21,300,35,15,60,045,44*72
$GPGSV,3,2,11,18,12,090,30,20,48,270,41,24,08,180,28,30,29,330,37*77
$GPGSV,3,3,11,02,41,150,33,12,17,060,31,25,72,015,45*4C
$GPRMC,160555.00,A,3329.9363,N,11559.2222,W,6.00,93.2,080726,,,A*46
$GPGGA,160556.00,3329.9362,N,11559.2202,W,1,11,0.80,305.2,M,-33.0,M,,*60
$GPGSA,A,3,05,07,13,15,18,20,24,30,02,12,25,,1.5,0.8,1.2*31
$GPGSV,3,1,11,05,55,120,44,07,34,210,38,13,21,300,35,15,60,045,44*72
$GPGSV,3,2,11,18,12,090,30,20,48,270,41,24,08,180,28,30,29,330,37*77
$GPGSV,3,3,11,02,41,150,33,12,17,060,31,25,72,015,45*4C
$GPRMC,160556.00,A,3329.9362,N,11559.2202,W,6.01,93.1,080726,,,A*44
$GPGGA,160557.00,3329.9361,N,11559.2182,W,1,11,0.80,305.1,M,-33.0,M,,*6A
$GPGSA,A,3,05,07,13,15,18,20,24,30,02,12,25,,1.5,0.8,1.2*31
$GPGSV,3,1,11,05,55,120,44,07,34,210,38,13,21,300,35,15,60,045,44*72
$GPGSV,3,2,11,18,12,090,30,20,48,270,41,24,08,180,28,30,29,330,37*77
$GPGSV,3,3,11,02,41,150,33,12,17,060,31,25,72,015,45*4C
$GPRMC,160557.00,A,3329.9361,N,11559.2182,W,6.01,93.1,080726,,,A*4D
$GPGGA,160558.00,3329.9360,N,11559.2162,W,1,11,0.80,305.1,M,-33.0,M,,*6A
$GPGSA,A,3,05,07,13,15,18,20,24,30,02,12,25,,1.5,0.8,1.2*31
$GPGSV,3,1,11,05,55,120,44,07,34,210,38,13,21,300,35,15,60,045,44*72
$GPGSV,3,2,11,18,12,090,30,20,48,270,41,24,08,180,28,30,29,330,37*77
$GPGSV,3,3,11,02,41,150,33,12,17,060,31,25,72,015,45*4C
$GPRMC,160558.00,A,3329.9360,N,11559.2162,W,6.01,93.0,080726,,,A*4C
$GPGGA,160559.00,3329.9359,N,11559.2142,W,1,11,0.80,305.1,M,-33.0,M,,*63
$GPGSA,A,3,05,07,13,15,18,20,24,30,02,12,25,,1.5,0.8,1.2*31
$GPGSV,3,1,11,05,55,120,44,07,34,210,38,13,21,300,35,15,60,045,44*72
$GPGSV,3,2,11,18,12,090,30,20,48,270,41,24,08,180,28,30,29,330,37*77
$GPGSV,3,3,11,02,41,150,33,12,17,060,31,25,72,015,45*4C
$GPRMC,160559.00,A,3329.9359,N,11559.2142,W,6.02,93.0,080726,,,A*46
$GPGGA,160600.00,3329.9358,N,11559.2122,W,1,12,0.80,305.1,M,-33.0,M,,*68
$GPGSA,A,3,05,07,13,15,18,20,24,30,02,12,25,29,1.5,0.8,1.2*3A
$GPGSV,3,1,12,05,55,120,44,07,34,210,38,13,21,300,35,15,60,045,44*71
$GPGSV,3,2,12,18,12,090,30,20,48,270,41,24,08,180,28,30,29,330,37*74
$GPGSV,3,3,12,02,41,150,33,12,17,060,31,25,72,015,45,29,45,240,39*79
$GPRMC,160600.00,A,3329.9358,N,11559.2122,W,6.02,92.9,080726,,,A*46
$GPGGA,160601.00,3329.9357,N,11559.2102,W,1,12,0.80,305.1,M,-33.0,M,,*64
$GPGSA,A,3,05,07,13,15,18,20,24,30,02,12,25,29,1.5,0.8,1.2*3A
$GPGSV,3,1,12,05,55,120,44,07,34,210,38,13,21,300,35,15,60,045,44*71
$GPGSV,3,2,12,18,12,090,30,20,48,270,41,24,08,180,28,30,29,330,37*74
$GPGSV,3,3,12,02,41,150,33,12,17,060,31,25,72,015,45,29,45,240,39*79
$GPRMC,160601.00,A,3329.9357,N,11559.2102,W,6.02,92.9,080726,,,A*4A
$GPGGA,160602.00,3329.9357,N,11559.2082,W,1,12,0.80,305.1,M,-33.0,M,,*6E
$GPGSA,A,3,05,07,13,15,18,20,24,30,02,12,25,29,1.5,0.8,1.2*3A
$GPGSV,3,1,12,05,55,120,44,07,34,210,38,13,21,300,35,15,60,045,44*71
$GPGSV,3,2,12,18,12,090,30,20,48,270,41,24,08,180,28,30,29,330,37*74
$GPGSV,3,3,12,02,41,150,33,12,17,060,31,25,72,015,45,29,45,240,39*79
$GPRMC,160602.00,A,3329.9357,N,11559.2082,W,6.03,92.8,080726,,,A*40
$GPGGA,160603.00,3329.9356,N,11559.2062,W,1,12,0.80,305.1,M,-33.0,M,,*60
$GPGSA,A,3,05,07,13,15,18,20,24,30,02,12,25,29,1.5,0.8,1.2*3A
$GPGSV,3,1,12,05,55,120,44,07,34,210,38,13,21,300,35,15,60,045,44*71
$GPGSV,3,2,12,18,12,090,30,20,48,270,41,24,08,180,28,30,29,330,37*74
$GPGSV,3,3,12,02,41,150,33,12,17,060,31,25,72,015,45,29,45,240,39*79
$GPRMC,160603.00,A,3329.9356,N,11559.2062,W,6.03,92.7,080726,,,A*41
$GPGGA,160604.00,3329.9355,N,11559.2042,W,1,12,0.80,305.1,M,-33.0,M,,*66
$GPGSA,A,3,05,07,13,15,18,20,24,30,02,12,25,29,1.5,0.8,1.2*3A
$GPGSV,3,1,12,05,55,120,44,07,34,210,38,13,21,300,35,15,60,045,44*71
$GPGSV,3,2,12,18,12,090,30,20,48,270,41,24,08,180,28,30,29,330,37*74
$GPGSV,3,3,12,02,41,150,33,12,17,060,31,25,72,015,45,29,45,240,39*79
$GPRMC,160604.00,A,3329.9355,N,11559.2042,W,6.04,92.7,080726,,,A*40
$GPGGA,160605.00,3329.9354,N,11559.2022,W,1,12,0.80,305.1,M,-33.0,M,,*60
$GPGSA,A,3,05,07,13,15,18,20,24,30,02,12,25,29,1.5,0.8,1.2*3A
$GPGSV,3,1,12,05,55,120,44,07,34,210,38,13,21,300,35,15,60,045,44*71
$GPGSV,3,2,12,18,12,090,30,20,48,270,41,24,08,180,28,30,29,330,37*74
$GPGSV,3,3,12,02,41,150,33,12,17,060,31,25,72,015,45,29,45,240,39*79
$GPRMC,160605.00,A,3329.9354,N,11559.2022,W,6.04,92.6,080726,,,A*47
$GPGGA,160606.00,3329.9353,N,11559.2002,W,1,12,0.80,305.1,M,-33.0,M,,*66
$GPGSA,A,3,05,07,13,15,18,20,24,30,02,12,25,29,1.5,0.8,1.2*3A
$GPGSV,3,1,12,05,55,120,44,07,34,210,38,13,21,300,35,15,60,045,44*71
$GPGSV,3,2,12,18,12,090,30,20,48,270,41,24,08,180,28,30,29,330,37*74
$GPGSV,3,3,12,02,41,150,33,12,17,060,31,25,72,015,45,29,45,240,39*79
$GPRMC,160606.00,A,3329.9353,N,11559.2002,W,6.04,92.6,080726,,,A*41
$GPGGA,160607.00,3329.9353,N,11559.1982,W,1,12,0.80,305.1,M,-33.0,M,,*65
$GPGSA,A,3,05,07,13,15,18,20,24,30,02,12,25,29,1.5,0.8,1.2*3A
$GPGSV,3,1,12,05,55,120,44,07,34,210,38,13,21,300,35,15,60,045,44*71
$GPGSV,3,2,12,18,12,090,30,20,48,270,41,24,08,180,28,30,29,330,37*74
$GPGSV,3,3,12,02,41,150,33,12,17,060,31,25,72,015,45,29,45,240,39*79
$GPRMC,160607.00,A,3329.9353,N,11559.1982,W,6.05,92.5,080726,,,A*40
$GPGGA,160608.00,3329.9352,N,11559.1961,W,1,12,0.80,305.1,M,-33.0,M,,*66
$GPGSA,A,3,05,07,13,15,18,20,24,30,02,12,25,29,1.5,0.8,1.2*3A
$GPGSV,3,1,12,05,55,120,44,07,34,210,38,13,21,300,35,15,60,045,44*71
$GPGSV,3,2,12,18,12,090,30,20,48,270,41,24,08,180,28,30,29,330,37*74
$GPGSV,3,3,12,02,41,150,33,12,17,060,31,25,72,015,45,29,45,240,39*79
$GPRMC,160608.00,A,3329.9352,N,11559.1961,W,6.05,92.4,080726,,,A*42
$GPGGA,160609.00,3329.9351,N,11559.1941,W,1,12,0.80,305.1,M,-33.0,M,,*66
$GPGSA,A,3,05,07,13,15,18,20,24,30,02,12,25,29,1.5,0.8,1.2*3A
$GPGSV,3,1,12,05,55,120,44,07,34,210,38,13,21,300,35,15,60,045,44*71
$GPGSV,3,2,12,18,12,090,30,20,48,270,41,24,08,180,28,30,29,330,37*74
$GPGSV,3,3,12,02,41,150,33,12,17,060,31,25,72,015,45,29,45,240,39*79
$GPRMC,160609.00,A,3329.9351,N,11559.1941,W,6.06,92.4,080726,,,A*41
$GPGGA,160610.00,3329.9351,N,11559.1921,W,1,12,0.80,305.1,M,-33.0,M,,*68
$GPGSA,A,3,05,07,13,15,18,20,24,30,02,12,25,29,1.5,0.8,1.2*3A
$GPGSV,3,1,12,05,55,120,44,07,34,210,38,13,21,300,35,15,60,045,44*71
$GPGSV,3,2,12,18,12,090,30,20,48,270,41,24,08,180,28,30,29,330,37*74
$GPGSV,3,3,12,02,41,150,33,12,17,060,31,25,72,015,45,29,45,240,39*79
$GPRMC,160610.00,A,3329.9351,N,11559.1921,W,6.06,92.3,080726,,,A*48
$GPGGA,160611.00,3329.9350,N,11559.1901,W,1,12,0.80,305.0,M,-33.0,M,,*6B
$GPGSA,A,3,05,07,13,15,18,20,24,30,02,12,25,29,1.5,0.8,1.2*3A
$GPGSV,3,1,12,05,55,120,44,07,34,210,38,13,21,300,35,15,60,045,44*71
$GPGSV,3,2,12,18,12,090,30,20,48,270,41,24,08,180,28,30,29,330,37*74
$GPGSV,3,3,12,02,41,150,33,12,17,060,31,25,72,015,45,29,45,240,39*79
$GPRMC,160611.00,A,3329.9350,N,11559.1901,W,6.07,92.3,080726,,,A*4B
$GPGGA,160612.00,3329.9349,N,11559.1881,W,1,12,0.80,305.0,M,-33.0,M,,*69
$GPGSA,A,3,05,07,13,15,18,20,24,30,02,12,25,29,1.5,0.8,1.2*3A
$GPGSV,3,1,12,05,55,120,44,07,34,210,38,13,21,300,35,15,60,045,44*71
$GPGSV,3,2,12,18,12,090,30,20,48,270,41,24,08,180,28,30,29,330,37*74
$GPGSV,3,3,12,02,41,150,33,12,17,060,31,25,72,015,45,29,45,240,39*79
$GPRMC,160612.00,A,3329.9349,N,11559.1881,W,6.07,92.2,080726,,,A*48
$GPGGA,160613.00,3329.9349,N,11559.1861,W,1,12,0.80,305.0,M,-33.0,M,,*66
$GPGSA,A,3,05,07,13,15,18,20,24,30,02,12,25,29,1.5,0.8,1.2*3A
$GPGSV,3,1,12,05,55,120,44,07,34,210,38,13,21,300,35,15,60,045,44*71
$GPGSV,3,2,12,18,12,090,30,20,48,270,41,24,08,180,28,30,29,330,37*74
$GPGSV,3,3,12,02,41,150,33,12,17,060,31,25,72,015,45,29,45,240,39*79
$GPRMC,160613.00,A,3329.9349,N,11559.1861,W,6.07,92.2,080726,,,A*47
$GPGGA,160614.00,3329.9348,N,11559.1841,W,1,12,0.80,305.0,M,-33.0,M,,*62
$GPGSA,A,3,05,07,13,15,18,20,24,30,02,12,25,29,1.5,0.8,1.2*3A
$GPGSV,3,1,12,05,55,120,44,07,34,210,38,13,21,300,35,15,60,045,44*71
$GPGSV,3,2,12,18,12,090,30,20,48,270,41,24,08,180,28,30,29,330,37*74
$GPGSV,3,3,12,02,41,150,33,12,17,060,31,25,72,015,45,29,45,240,39*79
$GPRMC,160614.00,A,3329.9348,N,11559.1841,W,6.08,92.1,080726,,,A*4F
$GPGGA,160615.00,3329.9347,N,11559.1820,W,1,12,0.80,305.0,M,-33.0,M,,*6B
$GPGSA,A,3,05,07,13,15,18,20,24,30,02,12,25,29,1.5,0.8,1.2*3A
$GPGSV,3,1,12,05,55,120,44,07,34,210,38,13,21,300,35,15,60,045,44*71
$GPGSV,3,2,12,18,12,090,30,20,48,270,41,24,08,180,28,30,29,330,37*74
$GPGSV,3,3,12,02,41,150,33,12,17,060,31,25,72,015,45,29,45,240,39*79
$GPRMC,160615.00,A,3329.9347,N,11559.1820,W,6.08,92.0,080726,,,A*47
$GPGGA,160616.00,3329.9347,N,11559.1800,W,1,12,0.80,305.0,M,-33.0,M,,*6A
$GPGSA,A,3,05,07,13,15,18,20,24,30,02,12,25,29,1.5,0.8,1.2*3A
$GPGSV,3,1,12,05,55,120,44,07,34,210,38,13,21,300,35,15,60,045,44*71
$GPGSV,3,2,12,18,12,090,30,20,48,270,41,24,08,180,28,30,29,330,37*74
$GPGSV,3,3,12,02,41,150,33,12,17,060,31,25,72,015,45,29,45,240,39*79
$GPRMC,160616.00,A,3329.9347,N,11559.1800,W,6.09,92.0,080726,,,A*47
$GPGGA,160617.00,3329.9346,N,11559.1780,W,1,12,0.80,305.0,M,-33.0,M,,*6D
$GPGSA,A,3,05,07,13,15,18,20,24,30,02,12,25,29,1.5,0.8,1.2*3A
$GPGSV,3,1,12,05,55,120,44,07,34,210,38,13,21,300,35,15,60,045,44*71
$GPGSV,3,2,12,18,12,090,30,20,48,270,41,24,08,180,28,30,29,330,37*74
$GPGSV,3,3,12,02,41,150,33,12,17,060,31,25,72,015,45,29,45,240,39*79
$GPRMC,160617.00,A,3329.9346,N,11559.1780,W,6.09,91.9,080726,,,A*4A
$GPGGA,160618.00,3329.9346,N,11559.1760,W,1,12,0.80,305.0,M,-33.0,M,,*6C
$GPGSA,A,3,05,07,13,15,18,20,24,30,02,12,25,29,1.5,0.8,1.2*3A
$GPGSV,3,1,12,05,55,120,44,07,34,210,38,13,21,300,35,15,60,045,44*71
$GPGSV,3,2,12,18,12,090,30,20,48,270,41,24,08,180,28,30,29,330,37*74
$GPGSV,3,3,12,02,41,150,33,12,17,060,31,25,72,015,45,29,45,240,39*79
$GPRMC,160618.00,A,3329.9346,N,11559.1760,W,6.10,91.9,080726,,,A*43
$GPGGA,160619.00,3329.9345,N,11559.1739,W,1,12,0.80,305.0,M,-33.0,M,,*62
$GPGSA,A,3,05,07,13,15,18,20,24,30,02,12,25,29,1.5,0.8,1.2*3A
$GPGSV,3,1,12,05,55,120,44,07,34,210,38,13,21,300,35,15,60,045,44*71
$GPGSV,3,2,12,18,12,090,30,20,48,270,41,24,08,180,28,30,29,330,37*74
$GPGSV,3,3,12,02,41,150,33,12,17,060,31,25,72,015,45,29,45,240,39*79
$GPRMC,160619.00,A,3329.9345,N,11559.1739,W,6.11,91.8,080726,,,A*4D
$GPGGA,160620.00,3329.9344,N,11559.1719,W,1,12,0.80,305.0,M,-33.0,M,,*6B
$GPGSA,A,3,05,07,13,15,18,20,24,30,02,12,25,29,1.5,0.8,1.2*3A
$GPGSV,3,1,12,05,55,120,44,07,34,210,38,13,21,300,35,15,60,045,44*71
$GPGSV,3,2,12,18,12,090,30,20,48,270,41,24,08,180,28,30,29,330,37*74
$GPGSV,3,3,12,02,41,150,33,12,17,060,31,25,72,015,45,29,45,240,39*79
$GPRMC,160620.00,A,3329.9344,N,11559.1719,W,6.11,91.7,080726,,,A*4B
$GPGGA,160621.00,3329.9344,N,11559.1699,W,1,12,0.80,305.0,M,-33.0,M,,*63
$GPGSA,A,3,05,07,13,15,18,20,24,30,02,12,25,29,1.5,0.8,1.2*3A
$GPGSV,3,1,12,05,55,120,44,07,34,210,38,13,21,300,35,15,60,045,44*71
$GPGSV,3,2,12,18,12,090,30,20,48,270,41,24,08,180,28,30,29,330,37*74
$GPGSV,3,3,12,02,41,150,33,12,17,060,31,25,72,015,45,29,45,240,39*79
$GPRMC,160621.00,A,3329.9344,N,11559.1699,W,6.12,91.7,080726,,,A*40
$GPGGA,160622.00,3329.9343,N,11559.1679,W,1,12,0.80,305.0,M,-33.0,M,,*69
$GPGSA,A,3,05,07,13,15,18,20,24,30,02,12,25,29,1.5,0.8,1.2*3A
$GPGSV,3,1,12,05,55,120,44,07,34,210,38,13,21,300,35,15,60,045,44*71
$GPGSV,3,2,12,18,12,090,30,20,48,270,41,24,08,180,28,30,29,330,37*74
$GPGSV,3,3,12,02,41,150,33,12,17,060,31,25,72,015,45,29,45,240,39*79
$GPRMC,160622.00,A,3329.9343,N,11559.1679,W,6.12,91.6,080726,,,A*4B
$GPGGA,160623.00,3329.9343,N,11559.1658,W,1,12,0.80,305.0,M,-33.0,M,,*6B
$GPGSA,A,3,05,07,13,15,18,20,24,30,02,12,25,29,1.5,0.8,1.2*3A
$GPGSV,3,1,12,05,55,120,44,07,34,210,38,13,21,300,35,15,60,045,44*71
$GPGSV,3,2,12,18,12,090,30,20,48,270,41,24,08,180,28,30,29,330,37*74
$GPGSV,3,3,12,02,41,150,33,12,17,060,31,25,72,015,45,29,45,240,39*79
$GPRMC,160623.00,A,3329.9343,N,11559.1658,W,6.13,91.6,080726,,,A*48
$GPGGA,160624.00,3329.9343,N,11559.1638,W,1,12,0.80,304.9,M,-33.0,M,,*62
$GPGSA,A,3,05,07,13,15,18,20,24,30,02,12,25,29,1.5,0.8,1.2*3A
$GPGSV,3,1,12,05,55,120,44,07,34,210,38,13,21,300,35,15,60,045,44*71
$GPGSV,3,2,12,18,12,090,30,20,48,270,41,24,08,180,28,30,29,330,37*74
$GPGSV,3,3,12,02,41,150,33,12,17,060,31,25,72,015,45,29,45,240,39*79
$GPRMC,160624.00,A,3329.9343,N,11559.1638,W,6.13,91.5,080726,,,A*4A
$GPGGA,160625.00,3329.9342,N,11559.1617,W,1,12,0.80,304.9,M,-33.0,M,,*6F
$GPGSA,A,3,05,07,13,15,18,20,24,30,02,12,25,29,1.5,0.8,1.2*3A
$GPGSV,3,1,12,05,55,120,44,07,34,210,38,13,21,300,35,15,60,045,44*71
$GPGSV,3,2,12,18,12,090,30,20,48,270,41,24,08,180,28,30,29,330,37*74
$GPGSV,3,3,12,02,41,150,33,12,17,060,31,25,72,015,45,29,45,240,39*79
$GPRMC,160625.00,A,3329.9342,N,11559.1617,W,6.14,91.4,080726,,,A*41
$GPGGA,160626.00,3329.9342,N,11559.1597,W,1,12,0.80,304.9,M,-33.0,M,,*67
$GPGSA,A,3,05,07,13,15,18,20,24,30,02,12,25,29,1.5,0.8,1.2*3A
$GPGSV,3,1,12,05,55,120,44,07,34,210,38,13,21,300,35,15,60,045,44*71
$GPGSV,3,2,12,18,12,090,30,20,48,270,41,24,08,180,28,30,29,330,37*74
$GPGSV,3,3,12,02,41,150,33,12,17,060,31,25,72,015,45,29,45,240,39*79
$GPRMC,160626.00,A,3329.9342,N,11559.1597,W,6.15,91.4,080726,,,A*48
$GPGGA,160627.00,3329.9341,N,11559.1577,W,1,12,0.80,304.9,M,-33.0,M,,*6B
$GPGSA,A,3,05,07,13,15,18,20,24,30,02,12,25,29,1.5,0.8,1.2*3A
$GPGSV,3,1,12,05,55,120,44,07,34,210,38,13,21,300,35,15,60,045,44*71
$GPGSV,3,2,12,18,12,090,30,20,48,270,41,24,08,180,28,30,29,330,37*74
$GPGSV,3,3,12,02,41,150,33,12,17,060,31,25,72,015,45,29,45,240,39*79
$GPRMC,160627.00,A,3329.9341,N,11559.1577,W,6.15,91.3,080726,,,A*43
$GPGGA,160628.00,3329.9341,N,11559.1556,W,1,12,0.80,304.9,M,-33.0,M,,*67
$GPGSA,A,3,05,07,13,15,18,20,24,30,02,12,25,29,1.5,0.8,1.2*3A
$GPGSV,3,1,12,05,55,120,44,07,34,210,38,13,21,300,35,15,60,045,44*71
$GPGSV,3,2,12,18,12,090,30,20,48,270,41,24,08,180,28,30,29,330,37*74
$GPGSV,3,3,12,02,41,150,33,12,17,060,31,25,72,015,45,29,45,240,39*79
$GPRMC,160628.00,A,3329.9341,N,11559.1556,W,6.16,91.3,080726,,,A*4C
$GPGGA,160629.00,3329.9341,N,11559.1536,W,1,12,0.80,304.9,M,-33.0,M,,*60
$GPGSA,A,3,05,07,13,15,18,20,24,30,02,12,25,29,1.5,0.8,1.2*3A
$GPGSV,3,1,12,05,55,120,44,07,34,210,38,13,21,300,35,15,60,045,44*71
$GPGSV,3,2,12,18,12,090,30,20,48,270,41,24,08,180,28,30,29,330,37*74
$GPGSV,3,3,12,02,41,150,33,12,17,060,31,25,72,015,45,29,45,240,39*79
$GPRMC,160629.00,A,3329.9341,N,11559.1536,W,6.16,91.2,080726,,,A*4A
$GPGGA,160630.00,3329.9340,N,11559.1515,W,1,12,0.80,304.9,M,-33.0,M,,*68
$GPGSA,A,3,05,07,13,15,18,20,24,30,02,12,25,29,1.5,0.8,1.2*3A
$GPGSV,3,1,12,05,55,120,44,07,34,210,38,13,21,300,35,15,60,045,44*71
$GPGSV,3,2,12,18,12,090,30,20,48,270,41,24,08,180,28,30,29,330,37*74
$GPGSV,3,3,12,02,41,150,33,12,17,060,31,25,72,015,45,29,45,240,39*79
$GPRMC,160630.00,A,3329.9340,N,11559.1515,W,6.17,91.1,080726,,,A*40
$GPGGA,160631.00,3329.9340,N,11559.1495,W,1,12,0.80,304.9,M,-33.0,M,,*60
$GPGSA,A,3,05,07,13,15,18,20,24,30,02,12,25,29,1.5,0.8,1.2*3A
$GPGSV,3,1,12,05,55,120,44,07,34,210,38,13,21,300,35,15,60,045,44*71
$GPGSV,3,2,12,18,12,090,30,20,48,270,41,24,08,180,28,30,29,330,37*74
$GPGSV,3,3,12,02,41,150,33,12,17,060,31,25,72,015,45,29,45,240,39*79
$GPRMC,160631.00,A,3329.9340,N,11559.1495,W,6.18,91.1,080726,,,A*47
$GPGGA,160632.00,3329.9339,N,11559.1474,W,1,12,0.80,304.9,M,-33.0,M,,*62
$GPGSA,A,3,05,07,13,15,18,20,24,30,02,12,25,29,1.5,0.8,1.2*3A
$GPGSV,3,1,12,05,55,120,44,07,34,210,38,13,21,300,35,15,60,045,44*71
$GPGSV,3,2,12,18,12,090,30,20,48,270,41,24,08,180,28,30,29,330,37*74
$GPGSV,3,3,12,02,41,150,33,12,17,060,31,25,72,015,45,29,45,240,39*79
$GPRMC,160632.00,A,3329.9339,N,11559.1474,W,6.18,91.0,080726,,,A*44
$GPGGA,160633.00,3329.9339,N,11559.1454,W,1,12,0.80,304.9,M,-33.0,M,,*61
$GPGSA,A,3,05,07,13,15,18,20,24,30,02,12,25,29,1.5,0.8,1.2*3A
$GPGSV,3,1,12,05,55,120,44,07,34,210,38,13,21,300,35,15,60,045,44*71
$GPGSV,3,2,12,18,12,090,30,20,48,270,41,24,08,180,28,30,29,330,37*74
$GPGSV,3,3,12,02,41,150,33,12,17,060,31,25,72,015,45,29,45,240,39*79
$GPRMC,160633.00,A,3329.9339,N,11559.1454,W,6.19,90.9,080726,,,A*4E
$GPGGA,160634.00,3329.9339,N,11559.1433,W,1,12,0.80,304.9,M,-33.0,M,,*67
$GPGSA,A,3,05,07,13,15,18,20,24,30,02,12,25,29,1.5,0.8,1.2*3A
$GPGSV,3,1,12,05,55,120,44,07,34,210,38,13,21,300,35,15,60,045,44*71
$GPGSV,3,2,12,18,12,090,30,20,48,270,41,24,08,180,28,30,29,330,37*74
$GPGSV,3,3,12,02,41,150,33,12,17,060,31,25,72,015,45,29,45,240,39*79
$GPRMC,160634.00,A,3329.9339,N,11559.1433,W,6.20,90.9,080726,,,A*42
$GPGGA,160635.00,3329.9339,N,11559.1412,W,1,12,0.80,304.9,M,-33.0,M,,*65
$GPGSA,A,3,05,07,13,15,18,20,24,30,02,12,25,29,1.5,0.8,1.2*3A
$GPGSV,3,1,12,05,55,120,44,07,34,210,38,13,21,300,35,15,60,045,44*71
$GPGSV,3,2,12,18,12,090,30,20,48,270,41,24,08,180,28,30,29,330,37*74
$GPGSV,3,3,12,02,41,150,33,12,17,060,31,25,72,015,45,29,45,240,39*79
$GPRMC,160635.00,A,3329.9339,N,11559.1412,W,6.20,90.8,080726,,,A*41
$GPGGA,160636.00,3329.9338,N,11559.1392,W,1,12,0.80,304.9,M,-33.0,M,,*68
$GPGSA,A,3,05,07,13,15,18,20,24,30,02,12,25,29,1.5,0.8,1.2*3A
$GPGSV,3,1,12,05,55,120,44,07,34,210,38,13,21,300,35,15,60,045,44*71
$GPGSV,3,2,12,18,12,090,30,20,48,270,41,24,08,180,28,30,29,330,37*74
$GPGSV,3,3,12,02,41,150,33,12,17,060,31,25,72,015,45,29,45,240,39*79
$GPRMC,160636.00,A,3329.9338,N,11559.1392,W,6.21,90.8,080726,,,A*4D
$GPGGA,160637.00,3329.9338,N,11559.1371,W,1,12,0.80,304.9,M,-33.0,M,,*64
$GPGSA,A,3,05,07,13,15,18,20,24,30,02,12,25,29,1.5,0.8,1.2*3A
$GPGSV,3,1,12,05,55,120,44,07,34,210,38,13,21,300,35,15,60,045,44*71
$GPGSV,3,2,12,18,12,090,30,20,48,270,41,24,08,180,28,30,29,330,37*74
$GPGSV,3,3,12,02,41,150,33,12,17,060,31,25,72,015,45,29,45,240,39*79
$GPRMC,160637.00,A,3329.9338,N,11559.1371,W,6.22,90.7,080726,,,A*4D
$GPGGA,160638.00,3329.9338,N,11559.1350,W,1,12,0.80,304.8,M,-33.0,M,,*69
$GPGSA,A,3,05,07,13,15,18,20,24,30,02,12,25,29,1.5,0.8,1.2*3A
$GPGSV,3,1,12,05,55,120,44,07,34,210,38,13,21,300,35,15,60,045,44*71
$GPGSV,3,2,12,18,12,090,30,20,48,270,41,24,08,180,28,30,29,330,37*74
$GPGSV,3,3,12,02,41,150,33,12,17,060,31,25,72,015,45,29,45,240,39*79
$GPRMC,160638.00,A,3329.9338,N,11559.1350,W,6.22,90.6,080726,,,A*40
$GPGGA,160639.00,3329.9338,N,11559.1330,W,1,12,0.80,304.8,M,-33.0,M,,*6E
$GPGSA,A,3,05,07,13,15,18,20,24,30,02,12,25,29,1.5,0.8,1.2*3A
$GPGSV,3,1,12,05,55,120,44,07,34,210,38,13,21,300,35,15,60,045,44*71
$GPGSV,3,2,12,18,12,090,30,20,48,270,41,24,08,180,28,30,29,330,37*74
$GPGSV,3,3,12,02,41,150,33,12,17,060,31,25,72,015,45,29,45,240,39*79
$GPRMC,160639.00,A,3329.9338,N,11559.1330,W,6.23,90.6,080726,,,A*46
$GPGGA,160640.00,3329.9338,N,11559.1309,W,1,12,0.80,304.8,M,-33.0,M,,*6A
$GPGSA,A,3,05,07,13,15,18,20,24,30,02,12,25,29,1.5,0.8,1.2*3A
$GPGSV,3,1,12,05,55,120,44,07,34,210,38,13,21,300,35,15,60,045,44*71
$GPGSV,3,2,12,18,12,090,30,20,48,270,41,24,08,180,28,30,29,330,37*74
$GPGSV,3,3,12,02,41,150,33,12,17,060,31,25,72,015,45,29,45,240,39*79
$GPRMC,160640.00,A,3329.9338,N,11559.1309,W,6.24,90.5,080726,,,A*46
$GPGGA,160641.00,3329.9337,N,11559.1288,W,1,12,0.80,304.8,M,-33.0,M,,*6C
$GPGSA,A,3,05,07,13,15,18,20,24,30,02,12,25,29,1.5,0.8,1.2*3A
$GPGSV,3,1,12,05,55,120,44,07,34,210,38,13,21,300,35,15,60,045,44*71
$GPGSV,3,2,12,18,12,090,30,20,48,270,41,24,08,180,28,30,29,330,37*74
$GPGSV,3,3,12,02,41,150,33,12,17,060,31,25,72,015,45,29,45,240,39*79
$GPRMC,160641.00,A,3329.9337,N,11559.1288,W,6.24,90.5,080726,,,A*40
$GPGGA,160642.00,3329.9337,N,11559.1268,W,1,12,0.80,304.8,M,-33.0,M,,*61
$GPGSA,A,3,05,07,13,15,18,20,24,30,02,12,25,29,1.5,0.8,1.2*3A
$GPGSV,3,1,12,05,55,120,44,07,34,210,38,13,21,300,35,15,60,045,44*71
$GPGSV,3,2,12,18,12,090,30,20,48,270,41,24,08,180,28,30,29,330,37*74
$GPGSV,3,3,12,02,41,150,33,12,17,060,31,25,72,015,45,29,45,240,39*79
$GPRMC,160642.00,A,3329.9337,N,11559.1268,W,6.25,90.4,080726,,,A*4D
$GPGGA,160643.00,3329.9337,N,11559.1247,W,1,12,0.80,304.8,M,-33.0,M,,*6D
$GPGSA,A,3,05,07,13,15,18,20,24,30,02,12,25,29,1.5,0.8,1.2*3A
$GPGSV,3,1,12,05,55,120,44,07,34,210,38,13,21,300,35,15,60,045,44*71
$GPGSV,3,2,12,18,12,090,30,20,48,270,41,24,08,180,28,30,29,330,37*74
$GPGSV,3,3,12,02,41,150,33,12,17,060,31,25,72,015,45,29,45,240,39*79
$GPRMC,160643.00,A,3329.9337,N,11559.1247,W,6.26,90.3,080726,,,A*45
$GPGGA,160644.00,3329.9337,N,11559.1226,W,1,12,0.80,304.8,M,-33.0,M,,*6D
$GPGSA,A,3,05,07,13,15,18,20,24,30,02,12,25,29,1.5,0.8,1.2*3A
$GPGSV,3,1,12,05,55,120,44,07,34,210,38,13,21,300,35,15,60,045,44*71
$GPGSV,3,2,12,18,12,090,30,20,48,270,41,24,08,180,28,30,29,330,37*74
$GPGSV,3,3,12,02,41,150,33,12,17,060,31,25,72,015,45,29,45,240,39*79
$GPRMC,160644.00,A,3329.9337,N,11559.1226,W,6.27,90.3,080726,,,A*44
$GPGGA,160645.00,3329.9337,N,11559.1205,W,1,11,0.80,304.8,M,-33.0,M,,*6E
$GPGSA,A,3,05,07,13,15,18,20,24,30,02,12,25,,1.5,0.8,1.2*31
$GPGSV,3,1,11,05,55,120,44,07,34,210,38,13,21,300,35,15,60,045,44*72
$GPGSV,3,2,11,18,12,090,30,20,48,270,41,24,08,180,28,30,29,330,37*77
$GPGSV,3,3,11,02,41,150,33,12,17,060,31,25,72,015,45*4C
$GPRMC,160645.00,A,3329.9337,N,11559.1205,W,6.27,90.2,080726,,,A*45
$GPGGA,160646.00,3329.9337,N,11559.1184,W,1,11,0.80,304.8,M,-33.0,M,,*67
$GPGSA,A,3,05,07,13,15,18,20,24,30,02,12,25,,1.5,0.8,1.2*31
$GPGSV,3,1,11,05,55,120,44,07,34,210,38,13,21,300,35,15,60,045,44*72
$GPGSV,3,2,11,18,12,090,30,20,48,270,41,24,08,180,28,30,29,330,37*77
$GPGSV,3,3,11,02,41,150,33,12,17,060,31,25,72,015,45*4C
$GPRMC,160646.00,A,3329.9337,N,11559.1184,W,6.28,90.1,080726,,,A*40
$GPGGA,160647.00,3329.9337,N,11559.1163,W,1,11,0.80,304.8,M,-33.0,M,,*6F
$GPGSA,A,3,05,07,13,15,18,20,24,30,02,12,25,,1.5,0.8,1.2*31
$GPGSV,3,1,11,05,55,120,44,07,34,210,38,13,21,300,35,15,60,045,44*72
$GPGSV,3,2,11,18,12,090,30,20,48,270,41,24,08,180,28,30,29,330,37*77
$GPGSV,3,3,11,02,41,150,33,12,17,060,31,25,72,015,45*4C
$GPRMC,160647.00,A,3329.9337,N,11559.1163,W,6.29,90.1,080726,,,A*49
$GPGGA,160648.00,3329.9337,N,11559.1142,W,1,11,0.80,304.8,M,-33.0,M,,*63
$GPGSA,A,3,05,07,13,15,18,20,24,30,02,12,25,,1.5,0.8,1.2*31
$GPGSV,3,1,11,05,55,120,44,07,34,210,38,13,21,300,35,15,60,045,44*72
$GPGSV,3,2,11,18,12,090,30,20,48,270,41,24,08,180,28,30,29,330,37*77
$GPGSV,3,3,11,02,41,150,33,12,17,060,31,25,72,015,45*4C
$GPRMC,160648.00,A,3329.9337,N,11559.1142,W,6.29,90.0,080726,,,A*44
$GPGGA,160649.00,3329.9337,N,11559.1122,W,1,11,0.80,304.8,M,-33.0,M,,*64
$GPGSA,A,3,05,07,13,15,18,20,24,30,02,12,25,,1.5,0.8,1.2*31
$GPGSV,3,1,11,05,55,120,44,07,34,210,38,13,21,300,35,15,60,045,44*72
$GPGSV,3,2,11,18,12,090,30,20,48,270,41,24,08,180,28,30,29,330,37*77
$GPGSV,3,3,11,02,41,150,33,12,17,060,31,25,72,015,45*4C
$GPRMC,160649.00,A,3329.9337,N,11559.1122,W,6.30,90.0,080726,,,A*4B
$GPGGA,160650.00,3329.9337,N,11559.1101,W,1,11,0.80,304.8,M,-33.0,M,,*6D
$GPGSA,A,3,05,07,13,15,18,20,24,30,02,12,25,,1.5,0.8,1.2*31
$GPGSV,3,1,11,05,55,120,44,07,34,210,38,13,21,300,35,15,60,045,44*72
$GPGSV,3,2,11,18,12,090,30,20,48,270,41,24,08,180,28,30,29,330,37*77
$GPGSV,3,3,11,02,41,150,33,12,17,060,31,25,72,015,45*4C
$GPRMC,160650.00,A,3329.9337,N,11559.1101,W,6.31,89.9,080726,,,A*42
$GPGGA,160651.00,3329.9337,N,11559.1080,W,1,11,0.80,304.8,M,-33.0,M,,*64
$GPGSA,A,3,05,07,13,15,18,20,24,30,02,12,25,,1.5,0.8,1.2*31
$GPGSV,3,1,11,05,55,120,44,07,34,210,38,13,21,300,35,15,60,045,44*72
$GPGSV,3,2,11,18,12,090,30,20,48,270,41,24,08,180,28,30,29,330,37*77
$GPGSV,3,3,11,02,41,150,33,12,17,060,31,25,72,015,45*4C
$GPRMC,160651.00,A,3329.9337,N,11559.1080,W,6.32,89.8,080726,,,A*49
$GPGGA,160652.00,3329.9337,N,11559.1059,W,1,11,0.80,304.8,M,-33.0,M,,*63
$GPGSA,A,3,05,07,13,15,18,20,24,30,02,12,25,,1.5,0.8,1.2*31
$GPGSV,3,1,11,05,55,120,44,07,34,210,38,13,21,300,35,15,60,045,44*72
$GPGSV,3,2,11,18,12,090,30,20,48,270,41,24,08,180,28,30,29,330,37*77
$GPGSV,3,3,11,02,41,150,33,12,17,060,31,25,72,015,45*4C
$GPRMC,160652.00,A,3329.9337,N,11559.1059,W,6.33,89.8,080726,,,A*4F
$GPGGA,160653.00,3329.9337,N,11559.1038,W,1,11,0.80,304.8,M,-33.0,M,,*65
$GPGSA,A,3,05,07,13,15,18,20,24,30,02,12,25,,1.5,0.8,1.2*31
$GPGSV,3,1,11,05,55,120,44,07,34,210,38,13,21,300,35,15,60,045,44*72
$GPGSV,3,2,11,18,12,090,30,20,48,270,41,24,08,180,28,30,29,330,37*77
$GPGSV,3,3,11,02,41,150,33,12,17,060,31,25,72,015,45*4C
$GPRMC,160653.00,A,3329.9337,N,11559.1038,W,6.33,89.7,080726,,,A*46
$GPGGA,160654.00,3329.9337,N,11559.1017,W,1,11,0.80,304.8,M,-33.0,M,,*6F
$GPGSA,A,3,05,07,13,15,18,20,24,30,02,12,25,,1.5,0.8,1.2*31
$GPGSV,3,1,11,05,55,120,44,07,34,210,38,13,21,300,35,15,60,045,44*72
$GPGSV,3,2,11,18,12,090,30,20,48,270,41,24,08,180,28,30,29,330,37*77
$GPGSV,3,3,11,02,41,150,33,12,17,060,31,25,72,015,45*4C
$GPRMC,160654.00,A,3329.9337,N,11559.1017,W,6.34,89.7,080726,,,A*4B
$GPGGA,160655.00,3329.9337,N,11559.0995,W,1,11,0.80,304.8,M,-33.0,M,,*6C
$GPGSA,A,3,05,07,13,15,18,20,24,30,02,12,25,,1.5,0.8,1.2*31
$GPGSV,3,1,11,05,55,120,44,07,34,210,38,13,21,300,35,15,60,045,44*72
$GPGSV,3,2,11,18,12,090,30,20,48,270,41,24,08,180,28,30,29,330,37*77
$GPGSV,3,3,11,02,41,150,33,12,17,060,31,25,72,015,45*4C
$GPRMC,160655.00,A,3329.9337,N,11559.0995,W,6.35,89.6,080726,,,A*48
$GPGGA,160656.00,3329.9337,N,11559.0974,W,1,11,0.80,304.8,M,-33.0,M,,*60
$GPGSA,A,3,05,07,13,15,18,20,24,30,02,12,25,,1.5,0.8,1.2*31
$GPGSV,3,1,11,05,55,120,44,07,34,210,38,13,21,300,35,15,60,045,44*72
$GPGSV,3,2,11,18,12,090,30,20,48,270,41,24,08,180,28,30,29,330,37*77
$GPGSV,3,3,11,02,41,150,33,12,17,060,31,25,72,015,45*4C
$GPRMC,160656.00,A,3329.9337,N,11559.0974,W,6.36,89.5,080726,,,A*44
$GPGGA,160657.00,3329.9337,N,11559.0953,W,1,11,0.80,304.7,M,-33.0,M,,*6B
$GPGSA,A,3,05,07,13,15,18,20,24,30,02,12,25,,1.5,0.8,1.2*31
$GPGSV,3,1,11,05,55,120,44,07,34,210,38,13,21,300,35,15,60,045,44*72
$GPGSV,3,2,11,18,12,090,30,20,48,270,41,24,08,180,28,30,29,330,37*77
$GPGSV,3,3,11,02,41,150,33,12,17,060,31,25,72,015,45*4C
$GPRMC,160657.00,A,3329.9337,N,11559.0953,W,6.36,89.5,080726,,,A*40
$GPGGA,160658.00,3329.9338,N,11559.0932,W,1,11,0.80,304.7,M,-33.0,M,,*6C
$GPGSA,A,3,05,07,13,15,18,20,24,30,02,12,25,,1.5,0.8,1.2*31
$GPGSV,3,1,11,05,55,120,44,07,34,210,38,13,21,300,35,15,60,045,44*72
$GPGSV,3,2,11,18,12,090,30,20,48,270,41,24,08,180,28,30,29,330,37*77
$GPGSV,3,3,11,02,41,150,33,12,17,060,31,25,72,015,45*4C
$GPRMC,160658.00,A,3329.9338,N,11559.0932,W,6.37,89.4,080726,,,A*47
$GPGGA,160659.00,3329.9338,N,11559.0911,W,1,11,0.80,304.7,M,-33.0,M,,*6C
$GPGSA,A,3,05,07,13,15,18,20,24,30,02,12,25,,1.5,0.8,1.2*31
$GPGSV,3,1,11,05,55,120,44,07,34,210,38,13,21,300,35,15,60,045,44*72
$GPGSV,3,2,11,18,12,090,30,20,48,270,41,24,08,180,28,30,29,330,37*77
$GPGSV,3,3,11,02,41,150,33,12,17,060,31,25,72,015,45*4C
$GPRMC,160659.00,A,3329.9338,N,11559.0911,W,6.38,89.3,080726,,,A*4F
$GPGGA,160700.00,3329.9338,N,11559.0890,W,1,11,0.80,304.7,M,-33.0,M,,*69
$GPGSA,A,3,05,07,13,15,18,20,24,30,02,12,25,,1.5,0.8,1.2*31
$GPGSV,3,1,11,05,55,120,44,07,34,210,38,13,21,300,35,15,60,045,44*72
$GPGSV,3,2,11,18,12,090,30,20,48,270,41,24,08,180,28,30,29,330,37*77
$GPGSV,3,3,11,02,41,150,33,12,17,060,31,25,72,015,45*4C
$GPRMC,160700.00,A,3329.9338,N,11559.0890,W,6.39,89.3,080726,,,A*4B
$GPGGA,160701.00,3329.9338,N,11559.0868,W,1,11,0.80,304.7,M,-33.0,M,,*6F
$GPGSA,A,3,05,07,13,15,18,20,24,30,02,12,25,,1.5,0.8,1.2*31
$GPGSV,3,1,11,05,55,120,44,07,34,210,38,13,21,300,35,15,60,045,44*72
$GPGSV,3,2,11,18,12,090,30,20,48,270,41,24,08,180,28,30,29,330,37*77
$GPGSV,3,3,11,02,41,150,33,12,17,060,31,25,72,015,45*4C
$GPRMC,160701.00,A,3329.9338,N,11559.0868,W,6.40,89.2,080726,,,A*42
$GPGGA,160702.00,3329.9338,N,11559.0847,W,1,11,0.80,304.7,M,-33.0,M,,*61
$GPGSA,A,3,05,07,13,15,18,20,24,30,02,12,25,,1.5,0.8,1.2*31
$GPGSV,3,1,11,05,55,120,44,07,34,210,38,13,21,300,35,15,60,045,44*72
$GPGSV,3,2,11,18,12,090,30,20,48,270,41,24,08,180,28,30,29,330,37*77
$GPGSV,3,3,11,02,41,150,33,12,17,060,31,25,72,015,45*4C
$GPRMC,160702.00,A,3329.9338,N,11559.0847,W,6.40,89.2,080726,,,A*4C
$GPGGA,160703.00,3329.9339,N,11559.0826,W,1,11,0.80,304.7,M,-33.0,M,,*66
$GPGSA,A,3,05,07,13,15,18,20,24,30,02,12,25,,1.5,0.8,1.2*31
$GPGSV,3,1,11,05,55,120,44,07,34,210,38,13,21,300,35,15,60,045,44*72
$GPGSV,3,2,11,18,12,090,30,20,48,270,41,24,08,180,28,30,29,330,37*77
$GPGSV,3,3,11,02,41,150,33,12,17,060,31,25,72,015,45*4C
$GPRMC,160703.00,A,3329.9339,N,11559.0826,W,6.41,89.1,080726,,,A*49
$GPGGA,160704.00,3329.9339,N,11559.0805,W,1,11,0.80,304.7,M,-33.0,M,,*60
$GPGSA,A,3,05,07,13,15,18,20,24,30,02,12,25,,1.5,0.8,1.2*31
$GPGSV,3,1,11,05,55,120,44,07,34,210,38,13,21,300,35,15,60,045,44*72
$GPGSV,3,2,11,18,12,090,30,20,48,270,41,24,08,180,28,30,29,330,37*77
$GPGSV,3,3,11,02,41,150,33,12,17,060,31,25,72,015,45*4C
$GPRMC,160704.00,A,3329.9339,N,11559.0805,W,6.42,89.0,080726,,,A*4D
$GPGGA,160705.00,3329.9339,N,11559.0783,W,1,11,0.80,304.7,M,-33.0,M,,*60
$GPGSA,A,3,05,07,13,15,18,20,24,30,02,12,25,,1.5,0.8,1.2*31
$GPGSV,3,1,11,05,55,120,44,07,34,210,38,13,21,300,35,15,60,045,44*72
$GPGSV,3,2,11,18,12,090,30,20,48,270,41,24,08,180,28,30,29,330,37*77
$GPGSV,3,3,11,02,41,150,33,12,17,060,31,25,72,015,45*4C
$GPRMC,160705.00,A,3329.9339,N,11559.0783,W,6.43,89.0,080726,,,A*4C
$GPGGA,160706.00,3329.9340,N,11559.0762,W,1,11,0.80,304.7,M,-33.0,M,,*62
$GPGSA,A,3,05,07,13,15,18,20,24,30,02,12,25,,1.5,0.8,1.2*31
$GPGSV,3,1,11,05,55,120,44,07,34,210,38,13,21,300,35,15,60,045,44*72
$GPGSV,3,2,11,18,12,090,30,20,48,270,41,24,08,180,28,30,29,330,37*77
$GPGSV,3,3,11,02,41,150,33,12,17,060,31,25,72,015,45*4C
$GPRMC,160706.00,A,3329.9340,N,11559.0762,W,6.44,88.9,080726,,,A*41
$GPGGA,160707.00,3329.9340,N,11559.0740,W,1,11,0.80,304.7,M,-33.0,M,,*63
$GPGSA,A,3,05,07,13,15,18,20,24,30,02,12,25,,1.5,0.8,1.2*31
$GPGSV,3,1,11,05,55,120,44,07,34,210,38,13,21,300,35,15,60,045,44*72
$GPGSV,3,2,11,18,12,090,30,20,48,270,41,24,08,180,28,30,29,330,37*77
$GPGSV,3,3,11,02,41,150,33,12,17,060,31,25,72,015,45*4C
$GPRMC,160707.00,A,3329.9340,N,11559.0740,W,6.44,88.9,080726,,,A*40
$GPGGA,160708.00,3329.9340,N,11559.0719,W,1,11,0.80,304.7,M,-33.0,M,,*60
$GPGSA,A,3,05,07,13,15,18,20,24,30,02,12,25,,1.5,0.8,1.2*31
$GPGSV,3,1,11,05,55,120,44,07,34,210,38,13,21,300,35,15,60,045,44*72
$GPGSV,3,2,11,18,12,090,30,20,48,270,41,24,08,180,28,30,29,330,37*77
$GPGSV,3,3,11,02,41,150,33,12,17,060,31,25,72,015,45*4C
$GPRMC,160708.00,A,3329.9340,N,11559.0719,W,6.45,88.8,080726,,,A*43
$GPGGA,160709.00,3329.9341,N,11559.0698,W,1,11,0.80,304.7,M,-33.0,M,,*68
$GPGSA,A,3,05,07,13,15,18,20,24,30,02,12,25,,1.5,0.8,1.2*31
$GPGSV,3,1,11,05,55,120,44,07,34,210,38,13,21,300,35,15,60,045,44*72
$GPGSV,3,2,11,18,12,090,30,20,48,270,41,24,08,180,28,30,29,330,37*77
$GPGSV,3,3,11,02,41,150,33,12,17,060,31,25,72,015,45*4C
$GPRMC,160709.00,A,3329.9341,N,11559.0698,W,6.46,88.7,080726,,,A*47
$GPGGA,160710.00,3329.9341,N,11559.0676,W,1,11,0.80,304.7,M,-33.0,M,,*60
$GPGSA,A,3,05,07,13,15,18,20,24,30,02,12,25,,1.5,0.8,1.2*31
$GPGSV,3,1,11,05,55,120,44,07,34,210,38,13,21,300,35,15,60,045,44*72
$GPGSV,3,2,11,18,12,090,30,20,48,270,41,24,08,180,28,30,29,330,37*77
$GPGSV,3,3,11,02,41,150,33,12,17,060,31,25,72,015,45*4C
$GPRMC,160710.00,A,3329.9341,N,11559.0676,W,6.47,88.7,080726,,,A*4E
$GPGGA,160711.00,3329.9341,N,11559.0655,W,1,11,0.80,304.7,M,-33.0,M,,*60
$GPGSA,A,3,05,07,13,15,18,20,24,30,02,12,25,,1.5,0.8,1.2*31
$GPGSV,3,1,11,05,55,120,44,07,34,210,38,13,21,300,35,15,60,045,44*72
$GPGSV,3,2,11,18,12,090,30,20,48,270,41,24,08,180,28,30,29,330,37*77
$GPGSV,3,3,11,02,41,150,33,12,17,060,31,25,72,015,45*4C
$GPRMC,160711.00,A,3329.9341,N,11559.0655,W,6.48,88.6,080726,,,A*40
$GPGGA,160712.00,3329.9342,N,11559.0633,W,1,11,0.80,304.7,M,-33.0,M,,*60
$GPGSA,A,3,05,07,13,15,18,20,24,30,02,12,25,,1.5,0.8,1.2*31
$GPGSV,3,1,11,05,55,120,44,07,34,210,38,13,21,300,35,15,60,045,44*72
$GPGSV,3,2,11,18,12,090,30,20,48,270,41,24,08,180,28,30,29,330,37*77
$GPGSV,3,3,11,02,41,150,33,12,17,060,31,25,72,015,45*4C
$GPRMC,160712.00,A,3329.9342,N,11559.0633,W,6.49,88.6,080726,,,A*41
$GPGGA,160713.00,3329.9342,N,11559.0611,W,1,11,0.80,304.7,M,-33.0,M,,*61
$GPGSA,A,3,05,07,13,15,18,20,24,30,02,12,25,,1.5,0.8,1.2*31
$GPGSV,3,1,11,05,55,120,44,07,34,210,38,13,21,300,35,15,60,045,44*72
$GPGSV,3,2,11,18,12,090,30,20,48,270,41,24,08,180,28,30,29,330,37*77
$GPGSV,3,3,11,02,41,150,33,12,17,060,31,25,72,015,45*4C
$GPRMC,160713.00,A,3329.9342,N,11559.0611,W,6.49,88.5,080726,,,A*43
$GPGGA,160714.00,3329.9343,N,11559.0590,W,1,11,0.80,304.7,M,-33.0,M,,*6D
$GPGSA,A,3,05,07,13,15,18,20,24,30,02,12,25,,1.5,0.8,1.2*31
$GPGSV,3,1,11,05,55,120,44,07,34,210,38,13,21,300,35,15,60,045,44*72
$GPGSV,3,2,11,18,12,090,30,20,48,270,41,24,08,180,28,30,29,330,37*77
$GPGSV,3,3,11,02,41,150,33,12,17,060,31,25,72,015,45*4C
$GPRMC,160714.00,A,3329.9343,N,11559.0590,W,6.50,88.4,080726,,,A*46
$GPGGA,160715.00,3329.9343,N,11559.0568,W,1,11,0.80,304.7,M,-33.0,M,,*6B
$GPGSA,A,3,05,07,13,15,18,20,24,30,02,12,25,,1.5,0.8,1.2*31
$GPGSV,3,1,11,05,55,120,44,07,34,210,38,13,21,300,35,15,60,045,44*72
$GPGSV,3,2,11,18,12,090,30,20,48,270,41,24,08,180,28,30,29,330,37*77
$GPGSV,3,3,11,02,41,150,33,12,17,060,31,25,72,015,45*4C
$GPRMC,160715.00,A,3329.9343,N,11559.0568,W,6.51,88.4,080726,,,A*41
$GPGGA,160716.00,3329.9344,N,11559.0547,W,1,11,0.80,304.7,M,-33.0,M,,*62
$GPGSA,A,3,05,07,13,15,18,20,24,30,02,12,25,,1.5,0.8,1.2*31
$GPGSV,3,1,11,05,55,120,44,07,34,210,38,13,21,300,35,15,60,045,44*72
$GPGSV,3,2,11,18,12,090,30,20,48,270,41,24,08,180,28,30,29,330,37*77
$GPGSV,3,3,11,02,41,150,33,12,17,060,31,25,72,015,45*4C
$GPRMC,160716.00,A,3329.9344,N,11559.0547,W,6.52,88.3,080726,,,A*4C
$GPGGA,160717.00,3329.9344,N,11559.0525,W,1,11,0.80,304.7,M,-33.0,M,,*67
$GPGSA,A,3,05,07,13,15,18,20,24,30,02,12,25,,1.5,0.8,1.2*31
$GPGSV,3,1,11,05,55,120,44,07,34,210,38,13,21,300,35,15,60,045,44*72
$GPGSV,3,2,11,18,12,090,30,20,48,270,41,24,08,180,28,30,29,330,37*77
$GPGSV,3,3,11,02,41,150,33,12,17,060,31,25,72,015,45*4C
$GPRMC,160717.00,A,3329.9344,N,11559.0525,W,6.53,88.3,080726,,,A*48
$GPGGA,160718.00,3329.9345,N,11559.0503,W,1,11,0.80,304.7,M,-33.0,M,,*6D
$GPGSA,A,3,05,07,13,15,18,20,24,30,02,12,25,,1.5,0.8,1.2*31
$GPGSV,3,1,11,05,55,120,44,07,34,210,38,13,21,300,35,15,60,045,44*72
$GPGSV,3,2,11,18,12,090,30,20,48,270,41,24,08,180,28,30,29,330,37*77
$GPGSV,3,3,11,02,41,150,33,12,17,060,31,25,72,015,45*4C
$GPRMC,160718.00,A,3329.9345,N,11559.0503,W,6.54,88.2,080726,,,A*44
$GPGGA,160719.00,3329.9346,N,11559.0482,W,1,11,0.80,304.7,M,-33.0,M,,*67
$GPGSA,A,3,05,07,13,15,18,20,24,30,02,12,25,,1.5,0.8,1.2*31
$GPGSV,3,1,11,05,55,120,44,07,34,210,38,13,21,300,35,15,60,045,44*72
$GPGSV,3,2,11,18,12,090,30,20,48,270,41,24,08,180,28,30,29,330,37*77
$GPGSV,3,3,11,02,41,150,33,12,17,060,31,25,72,015,45*4C
$GPRMC,160719.00,A,3329.9346,N,11559.0482,W,6.54,88.1,080726,,,A*4D
$GPGGA,160720.00,3329.9346,N,11559.0460,W,1,11,0.80,304.7,M,-33.0,M,,*61
$GPGSA,A,3,05,07,13,15,18,20,24,30,02,12,25,,1.5,0.8,1.2*31
$GPGSV,3,1,11,05,55,120,44,07,34,210,38,13,21,300,35,15,60,045,44*72
$GPGSV,3,2,11,18,12,090,30,20,48,270,41,24,08,180,28,30,29,330,37*77
$GPGSV,3,3,11,02,41,150,33,12,17,060,31,25,72,015,45*4C
$GPRMC,160720.00,A,3329.9346,N,11559.0460,W,6.55,88.1,080726,,,A*4A
$GPGGA,160721.00,3329.9347,N,11559.0438,W,1,11,0.80,304.7,M,-33.0,M,,*6C
$GPGSA,A,3,05,07,13,15,18,20,24,30,02,12,25,,1.5,0.8,1.2*31
$GPGSV,3,1,11,05,55,120,44,07,34,210,38,13,21,300,35,15,60,045,44*72
$GPGSV,3,2,11,18,12,090,30,20,48,270,41,24,08,180,28,30,29,330,37*77
$GPGSV,3,3,11,02,41,150,33,12,17,060,31,25,72,015,45*4C
$GPRMC,160721.00,A,3329.9347,N,11559.0438,W,6.56,88.0,080726,,,A*45
$GPGGA,160722.00,3329.9347,N,11559.0416,W,1,11,0.80,304.7,M,-33.0,M,,*63
$GPGSA,A,3,05,07,13,15,18,20,24,30,02,12,25,,1.5,0.8,1.2*31
$GPGSV,3,1,11,05,55,120,44,07,34,210,38,13,21,300,35,15,60,045,44*72
$GPGSV,3,2,11,18,12,090,30,20,48,270,41,24,08,180,28,30,29,330,37*77
$GPGSV,3,3,11,02,41,150,33,12,17,060,31,25,72,015,45*4C
$GPRMC,160722.00,A,3329.9347,N,11559.0416,W,6.57,88.0,080726,,,A*4B
$GPGGA,160723.00,3329.9348,N,11559.0394,W,1,11,0.80,304.7,M,-33.0,M,,*60
$GPGSA,A,3,05,07,13,15,18,20,24,30,02,12,25,,1.5,0.8,1.2*31
$GPGSV,3,1,11,05,55,120,44,07,34,210,38,13,21,300,35,15,60,045,44*72
$GPGSV,3,2,11,18,12,090,30,20,48,270,41,24,08,180,28,30,29,330,37*77
$GPGSV,3,3,11,02,41,150,33,12,17,060,31,25,72,015,45*4C
$GPRMC,160723.00,A,3329.9348,N,11559.0394,W,6.58,87.9,080726,,,A*41
$GPGGA,160724.00,3329.9349,N,11559.0373,W,1,11,0.80,304.7,M,-33.0,M,,*6F
$GPGSA,A,3,05,07,13,15,18,20,24,30,02,12,25,,1.5,0.8,1.2*31
$GPGSV,3,1,11,05,55,120,44,07,34,210,38,13,21,300,35,15,60,045,44*72
$GPGSV,3,2,11,18,12,090,30,20,48,270,41,24,08,180,28,30,29,330,37*77
$GPGSV,3,3,11,02,41,150,33,12,17,060,31,25,72,015,45*4C
$GPRMC,160724.00,A,3329.9349,N,11559.0373,W,6.59,87.8,080726,,,A*4E
$GPGGA,160725.00,3329.9349,N,11559.0351,W,1,11,0.80,304.7,M,-33.0,M,,*6E
$GPGSA,A,3,05,07,13,15,18,20,24,30,02,12,25,,1.5,0.8,1.2*31
$GPGSV,3,1,11,05,55,120,44,07,34,210,38,13,21,300,35,15,60,045,44*72
$GPGSV,3,2,11,18,12,090,30,20,48,270,41,24,08,180,28,30,29,330,37*77
$GPGSV,3,3,11,02,41,150,33,12,17,060,31,25,72,015,45*4C
$GPRMC,160725.00,A,3329.9349,N,11559.0351,W,6.59,87.8,080726,,,A*4F
$GPGGA,160726.00,3329.9350,N,11559.0329,W,1,11,0.80,304.7,M,-33.0,M,,*6A
$GPGSA,A,3,05,07,13,15,18,20,24,30,02,12,25,,1.5,0.8,1.2*31
$GPGSV,3,1,11,05,55,120,44,07,34,210,38,13,21,300,35,15,60,045,44*72
$GPGSV,3,2,11,18,12,090,30,20,48,270,41,24,08,180,28,30,29,330,37*77
$GPGSV,3,3,11,02,41,150,33,12,17,060,31,25,72,015,45*4C
$GPRMC,160726.00,A,3329.9350,N,11559.0329,W,6.60,87.7,080726,,,A*4E
$GPGGA,160727.00,3329.9351,N,11559.0307,W,1,11,0.80,304.7,M,-33.0,M,,*66
$GPGSA,A,3,05,07,13,15,18,20,24,30,02,12,25,,1.5,0.8,1.2*31
$GPGSV,3,1,11,05,55,120,44,07,34,210,38,13,21,300,35,15,60,045,44*72
$GPGSV,3,2,11,18,12,090,30,20,48,270,41,24,08,180,28,30,29,330,37*77
$GPGSV,3,3,11,02,41,150,33,12,17,060,31,25,72,015,45*4C
$GPRMC,160727.00,A,3329.9351,N,11559.0307,W,6.61,87.7,080726,,,A*43
$GPGGA,160728.00,3329.9352,N,11559.0285,W,1,11,0.80,304.7,M,-33.0,M,,*61
$GPGSA,A,3,05,07,13,15,18,20,24,30,02,12,25,,1.5,0.8,1.2*31
$GPGSV,3,1,11,05,55,120,44,07,34,210,38,13,21,300,35,15,60,045,44*72
$GPGSV,3,2,11,18,12,090,30,20,48,270,41,24,08,180,28,30,29,330,37*77
$GPGSV,3,3,11,02,41,150,33,12,17,060,31,25,72,015,45*4C
$GPRMC,160728.00,A,3329.9352,N,11559.0285,W,6.62,87.6,080726,,,A*46
$GPGGA,160729.00,3329.9352,N,11559.0263,W,1,11,0.80,304.7,M,-33.0,M,,*68
$GPGSA,A,3,05,07,13,15,18,20,24,30,02,12,25,,1.5,0.8,1.2*31
$GPGSV,3,1,11,05,55,120,44,07,34,210,38,13,21,300,35,15,60,045,44*72
$GPGSV,3,2,11,18,12,090,30,20,48,270,41,24,08,180,28,30,29,330,37*77
$GPGSV,3,3,11,02,41,150,33,12,17,060,31,25,72,015,45*4C
$GPRMC,160729.00,A,3329.9352,N,11559.0263,W,6.63,87.5,080726,,,A*4D
$GPGGA,160730.00,3329.9353,N,11559.0241,W,1,12,0.80,304.7,M,-33.0,M,,*62
$GPGSA,A,3,05,07,13,15,18,20,24,30,02,12,25,29,1.5,0.8,1.2*3A
$GPGSV,3,1,12,05,55,120,44,07,34,210,38,13,21,300,35,15,60,045,44*71
$GPGSV,3,2,12,18,12,090,30,20,48,270,41,24,08,180,28,30,29,330,37*74
$GPGSV,3,3,12,02,41,150,33,12,17,060,31,25,72,015,45,29,45,240,39*79
$GPRMC,160730.00,A,3329.9353,N,11559.0241,W,6.64,87.5,080726,,,A*43
$GPGGA,160731.00,3329.9354,N,11559.0219,W,1,12,0.80,304.7,M,-33.0,M,,*69
$GPGSA,A,3,05,07,13,15,18,20,24,30,02,12,25,29,1.5,0.8,1.2*3A
$GPGSV,3,1,12,05,55,120,44,07,34,210,38,13,21,300,35,15,60,045,44*71
$GPGSV,3,2,12,18,12,090,30,20,48,270,41,24,08,180,28,30,29,330,37*74
$GPGSV,3,3,12,02,41,150,33,12,17,060,31,25,72,015,45,29,45,240,39*79
$GPRMC,160731.00,A,3329.9354,N,11559.0219,W,6.64,87.4,080726,,,A*49
$GPGGA,160732.00,3329.9355,N,11559.0197,W,1,12,0.80,304.7,M,-33.0,M,,*6E
$GPGSA,A,3,05,07,13,15,18,20,24,30,02,12,25,29,1.5,0.8,1.2*3A
$GPGSV,3,1,12,05,55,120,44,07,34,210,38,13,21,300,35,15,60,045,44*71
$GPGSV,3,2,12,18,12,090,30,20,48,270,41,24,08,180,28,30,29,330,37*74
$GPGSV,3,3,12,02,41,150,33,12,17,060,31,25,72,015,45,29,45,240,39*79
$GPRMC,160732.00,A,3329.9355,N,11559.0197,W,6.65,87.4,080726,,,A*4F
$GPGGA,160733.00,3329.9356,N,11559.0175,W,1,12,0.80,304.7,M,-33.0,M,,*60
$GPGSA,A,3,05,07,13,15,18,20,24,30,02,12,25,29,1.5,0.8,1.2*3A
$GPGSV,3,1,12,05,55,120,44,07,34,210,38,13,21,300,35,15,60,045,44*71
$GPGSV,3,2,12,18,12,090,30,20,48,270,41,24,08,180,28,30,29,330,37*74
$GPGSV,3,3,12,02,41,150,33,12,17,060,31,25,72,015,45,29,45,240,39*79
$GPRMC,160733.00,A,3329.9356,N,11559.0175,W,6.66,87.3,080726,,,A*45
$GPGGA,160734.00,3329.9356,N,11559.0153,W,1,12,0.80,304.7,M,-33.0,M,,*63
$GPGSA,A,3,05,07,13,15,18,20,24,30,02,12,25,29,1.5,0.8,1.2*3A
$GPGSV,3,1,12,05,55,120,44,07,34,210,38,13,21,300,35,15,60,045,44*71
$GPGSV,3,2,12,18,12,090,30,20,48,270,41,24,08,180,28,30,29,330,37*74
$GPGSV,3,3,12,02,41,150,33,12,17,060,31,25,72,015,45,29,45,240,39*79
$GPRMC,160734.00,A,3329.9356,N,11559.0153,W,6.67,87.3,080726,,,A*47
$GPGGA,160735.00,3329.9357,N,11559.0130,W,1,12,0.80,304.7,M,-33.0,M,,*66
$GPGSA,A,3,05,07,13,15,18,20,24,30,02,12,25,29,1.5,0.8,1.2*3A
$GPGSV,3,1,12,05,55,120,44,07,34,210,38,13,21,300,35,15,60,045,44*71
$GPGSV,3,2,12,18,12,090,30,20,48,270,41,24,08,180,28,30,29,330,37*74
$GPGSV,3,3,12,02,41,150,33,12,17,060,31,25,72,015,45,29,45,240,39*79
$GPRMC,160735.00,A,3329.9357,N,11559.0130,W,6.68,87.2,080726,,,A*4C
$GPGGA,160736.00,3329.9358,N,11559.0108,W,1,12,0.80,304.7,M,-33.0,M,,*61
$GPGSA,A,3,05,07,13,15,18,20,24,30,02,12,25,29,1.5,0.8,1.2*3A
$GPGSV,3,1,12,05,55,120,44,07,34,210,38,13,21,300,35,15,60,045,44*71
$GPGSV,3,2,12,18,12,090,30,20,48,270,41,24,08,180,28,30,29,330,37*74
$GPGSV,3,3,12,02,41,150,33,12,17,060,31,25,72,015,45,29,45,240,39*79
$GPRMC,160736.00,A,3329.9358,N,11559.0108,W,6.68,87.1,080726,,,A*48
$GPGGA,160737.00,3329.9359,N,11559.0086,W,1,12,0.80,304.7,M,-33.0,M,,*66
$GPGSA,A,3,05,07,13,15,18,20,24,30,02,12,25,29,1.5,0.8,1.2*3A
$GPGSV,3,1,12,05,55,120,44,07,34,210,38,13,21,300,35,15,60,045,44*71
$GPGSV,3,2,12,18,12,090,30,20,48,270,41,24,08,180,28,30,29,330,37*74
$GPGSV,3,3,12,02,41,150,33,12,17,060,31,25,72,015,45,29,45,240,39*79
$GPRMC,160737.00,A,3329.9359,N,11559.0086,W,6.69,87.1,080726,,,A*4E
$GPGGA,160738.00,3329.9360,N,11559.0064,W,1,12,0.80,304.7,M,-33.0,M,,*6F
$GPGSA,A,3,05,07,13,15,18,20,24,30,02,12,25,29,1.5,0.8,1.2*3A
$GPGSV,3,1,12,05,55,120,44,07,34,210,38,13,21,300,35,15,60,045,44*71
$GPGSV,3,2,12,18,12,090,30,20,48,270,41,24,08,180,28,30,29,330,37*74
$GPGSV,3,3,12,02,41,150,33,12,17,060,31,25,72,015,45,29,45,240,39*79
$GPRMC,160738.00,A,3329.9360,N,11559.0064,W,6.70,87.0,080726,,,A*4E
$GPGGA,160739.00,3329.9361,N,11559.0042,W,1,12,0.80,304.7,M,-33.0,M,,*6B
$GPGSA,A,3,05,07,13,15,18,20,24,30,02,12,25,29,1.5,0.8,1.2*3A
$GPGSV,3,1,12,05,55,120,44,07,34,210,38,13,21,300,35,15,60,045,44*71
$GPGSV,3,2,12,18,12,090,30,20,48,270,41,24,08,180,28,30,29,330,37*74
$GPGSV,3,3,12,02,41,150,33,12,17,060,31,25,72,015,45,29,45,240,39*79
$GPRMC,160739.00,A,3329.9361,N,11559.0042,W,6.71,87.0,080726,,,A*4B
$GPGGA,160740.00,3329.9362,N,11559.0019,W,1,12,0.80,304.7,M,-33.0,M,,*68
$GPGSA,A,3,05,07,13,15,18,20,24,30,02,12,25,29,1.5,0.8,1.2*3A
$GPGSV,3,1,12,05,55,120,44,07,34,210,38,13,21,300,35,15,60,045,44*71
$GPGSV,3,2,12,18,12,090,30,20,48,270,41,24,08,180,28,30,29,330,37*74
$GPGSV,3,3,12,02,41,150,33,12,17,060,31,25,72,015,45,29,45,240,39*79
$GPRMC,160740.00,A,3329.9362,N,11559.0019,W,6.72,86.9,080726,,,A*43
$GPGGA,160741.00,3329.9363,N,11558.9997,W,1,12,0.80,304.7,M,-33.0,M,,*6F
$GPGSA,A,3,05,07,13,15,18,20,24,30,02,12,25,29,1.5,0.8,1.2*3A
$GPGSV,3,1,12,05,55,120,44,07,34,210,38,13,21,300,35,15,60,045,44*71
$GPGSV,3,2,12,18,12,090,30,20,48,270,41,24,08,180,28,30,29,330,37*74
$GPGSV,3,3,12,02,41,150,33,12,17,060,31,25,72,015,45,29,45,240,39*79
$GPRMC,160741.00,A,3329.9363,N,11558.9997,W,6.72,86.9,080726,,,A*44
$GPGGA,160742.00,3329.9364,N,11558.9975,W,1,12,0.80,304.7,M,-33.0,M,,*67
$GPGSA,A,3,05,07,13,15,18,20,24,30,02,12,25,29,1.5,0.8,1.2*3A
$GPGSV,3,1,12,05,55,120,44,07,34,210,38,13,21,300,35,15,60,045,44*71
$GPGSV,3,2,12,18,12,090,30,20,48,270,41,24,08,180,28,30,29,330,37*74
$GPGSV,3,3,12,02,41,150,33,12,17,060,31,25,72,015,45,29,45,240,39*79
$GPRMC,160742.00,A,3329.9364,N,11558.9975,W,6.73,86.8,080726,,,A*4C
$GPGGA,160743.00,3329.9365,N,11558.9952,W,1,12,0.80,304.7,M,-33.0,M,,*62
$GPGSA,A,3,05,07,13,15,18,20,24,30,02,12,25,29,1.5,0.8,1.2*3A
$GPGSV,3,1,12,05,55,120,44,07,34,210,38,13,21,300,35,15,60,045,44*71
$GPGSV,3,2,12,18,12,090,30,20,48,270,41,24,08,180,28,30,29,330,37*74
$GPGSV,3,3,12,02,41,150,33,12,17,060,31,25,72,015,45,29,45,240,39*79
$GPRMC,160743.00,A,3329.9365,N,11558.9952,W,6.74,86.7,080726,,,A*41
$GPGGA,160744.00,3329.9366,N,11558.9930,W,1,12,0.80,304.8,M,-33.0,M,,*6D
$GPGSA,A,3,05,07,13,15,18,20,24,30,02,12,25,29,1.5,0.8,1.2*3A
$GPGSV,3,1,12,05,55,120,44,07,34,210,38,13,21,300,35,15,60,045,44*71
$GPGSV,3,2,12,18,12,090,30,20,48,270,41,24,08,180,28,30,29,330,37*74
$GPGSV,3,3,12,02,41,150,33,12,17,060,31,25,72,015,45,29,45,240,39*79
$GPRMC,160744.00,A,3329.9366,N,11558.9930,W,6.75,86.7,080726,,,A*40
$GPGGA,160745.00,3329.9367,N,11558.9908,W,1,12,0.80,304.8,M,-33.0,M,,*66
$GPGSA,A,3,05,07,13,15,18,20,24,30,02,12,25,29,1.5,0.8,1.2*3A
$GPGSV,3,1,12,05,55,120,44,07,34,210,38,13,21,300,35,15,60,045,44*71
$GPGSV,3,2,12,18,12,090,30,20,48,270,41,24,08,180,28,30,29,330,37*74
$GPGSV,3,3,12,02,41,150,33,12,17,060,31,25,72,015,45,29,45,240,39*79
$GPRMC,160745.00,A,3329.9367,N,11558.9908,W,6.76,86.6,080726,,,A*49
$GPGGA,160746.00,3329.9368,N,11558.9885,W,1,12,0.80,304.8,M,-33.0,M,,*6E
$GPGSA,A,3,05,07,13,15,18,20,24,30,02,12,25,29,1.5,0.8,1.2*3A
$GPGSV,3,1,12,05,55,120,44,07,34,210,38,13,21,300,35,15,60,045,44*71
$GPGSV,3,2,12,18,12,090,30,20,48,270,41,24,08,180,28,30,29,330,37*74
$GPGSV,3,3,12,02,41,150,33,12,17,060,31,25,72,015,45,29,45,240,39*79
$GPRMC,160746.00,A,3329.9368,N,11558.9885,W,6.76,86.6,080726,,,A*41
$GPGGA,160747.00,3329.9370,N,11558.9863,W,1,12,0.80,304.8,M,-33.0,M,,*6E
$GPGSA,A,3,05,07,13,15,18,20,24,30,02,12,25,29,1.5,0.8,1.2*3A
$GPGSV,3,1,12,05,55,120,44,07,34,210,38,13,21,300,35,15,60,045,44*71
$GPGSV,3,2,12,18,12,090,30,20,48,270,41,24,08,180,28,30,29,330,37*74
$GPGSV,3,3,12,02,41,150,33,12,17,060,31,25,72,015,45,29,45,240,39*79
$GPRMC,160747.00,A,3329.9370,N,11558.9863,W,6.77,86.5,080726,,,A*43
$GPGGA,160748.00,3329.9371,N,11558.9840,W,1,12,0.80,304.8,M,-33.0,M,,*61
$GPGSA,A,3,05,07,13,15,18,20,24,30,02,12,25,29,1.5,0.8,1.2*3A
$GPGSV,3,1,12,05,55,120,44,07,34,210,38,13,21,300,35,15,60,045,44*71
$GPGSV,3,2,12,18,12,090,30,20,48,270,41,24,08,180,28,30,29,330,37*74
$GPGSV,3,3,12,02,41,150,33,12,17,060,31,25,72,015,45,29,45,240,39*79
$GPRMC,160748.00,A,3329.9371,N,11558.9840,W,6.78,86.5,080726,,,A*43
$GPGGA,160749.00,3329.9372,N,11558.9818,W,1,12,0.80,304.8,M,-33.0,M,,*6E
$GPGSA,A,3,05,07,13,15,18,20,24,30,02,12,25,29,1.5,0.8,1.2*3A
$GPGSV,3,1,12,05,55,120,44,07,34,210,38,13,21,300,35,15,60,045,44*71
$GPGSV,3,2,12,18,12,090,30,20,48,270,41,24,08,180,28,30,29,330,37*74
$GPGSV,3,3,12,02,41,150,33,12,17,060,31,25,72,015,45,29,45,240,39*79
$GPRMC,160749.00,A,3329.9372,N,11558.9818,W,6.79,86.4,080726,,,A*4C
$GPGGA,160750.00,3329.9373,N,11558.9795,W,1,12,0.80,304.8,M,-33.0,M,,*6D
$GPGSA,A,3,05,07,13,15,18,20,24,30,02,12,25,29,1.5,0.8,1.2*3A
$GPGSV,3,1,12,05,55,120,44,07,34,210,38,13,21,300,35,15,60,045,44*71
$GPGSV,3,2,12,18,12,090,30,20,48,270,41,24,08,180,28,30,29,330,37*74
$GPGSV,3,3,12,02,41,150,33,12,17,060,31,25,72,015,45,29,45,240,39*79
$GPRMC,160750.00,A,3329.9373,N,11558.9795,W,6.79,86.3,080726,,,A*48
$GPGGA,160751.00,3329.9374,N,11558.9773,W,1,12,0.80,304.8,M,-33.0,M,,*63
$GPGSA,A,3,05,07,13,15,18,20,24,30,02,12,25,29,1.5,0.8,1.2*3A
$GPGSV,3,1,12,05,55,120,44,07,34,210,38,13,21,300,35,15,60,045,44*71
$GPGSV,3,2,12,18,12,090,30,20,48,270,41,24,08,180,28,30,29,330,37*74
$GPGSV,3,3,12,02,41,150,33,12,17,060,31,25,72,015,45,29,45,240,39*79
$GPRMC,160751.00,A,3329.9374,N,11558.9773,W,6.80,86.3,080726,,,A*40
$GPGGA,160752.00,3329.9375,N,11558.9750,W,1,12,0.80,304.8,M,-33.0,M,,*60
$GPGSA,A,3,05,07,13,15,18,20,24,30,02,12,25,29,1.5,0.8,1.2*3A
$GPGSV,3,1,12,05,55,120,44,07,34,210,38,13,21,300,35,15,60,045,44*71
$GPGSV,3,2,12,18,12,090,30,20,48,270,41,24,08,180,28,30,29,330,37*74
$GPGSV,3,3,12,02,41,150,33,12,17,060,31,25,72,015,45,29,45,240,39*79
$GPRMC,160752.00,A,3329.9375,N,11558.9750,W,6.81,86.2,080726,,,A*43
$GPGGA,160753.00,3329.9377,N,11558.9727,W,1,12,0.80,304.8,M,-33.0,M,,*63
$GPGSA,A,3,05,07,13,15,18,20,24,30,02,12,25,29,1.5,0.8,1.2*3A
$GPGSV,3,1,12,05,55,120,44,07,34,210,38,13,21,300,35,15,60,045,44*71
$GPGSV,3,2,12,18,12,090,30,20,48,270,41,24,08,180,28,30,29,330,37*74
$GPGSV,3,3,12,02,41,150,33,12,17,060,31,25,72,015,45,29,45,240,39*79
$GPRMC,160753.00,A,3329.9377,N,11558.9727,W,6.82,86.2,080726,,,A*43
$GPGGA,160754.00,3329.9378,N,11558.9705,W,1,12,0.80,304.8,M,-33.0,M,,*6B
$GPGSA,A,3,05,07,13,15,18,20,24,30,02,12,25,29,1.5,0.8,1.2*3A
$GPGSV,3,1,12,05,55,120,44,07,34,210,38,13,21,300,35,15,60,045,44*71
$GPGSV,3,2,12,18,12,090,30,20,48,270,41,24,08,180,28,30,29,330,37*74
$GPGSV,3,3,12,02,41,150,33,12,17,060,31,25,72,015,45,29,45,240,39*79
$GPRMC,160754.00,A,3329.9378,N,11558.9705,W,6.82,86.1,080726,,,A*48
$GPGGA,160755.00,3329.9379,N,11558.9682,W,1,12,0.80,304.8,M,-33.0,M,,*65
$GPGSA,A,3,05,07,13,15,18,20,24,30,02,12,25,29,1.5,0.8,1.2*3A
$GPGSV,3,1,12,05,55,120,44,07,34,210,38,13,21,300,35,15,60,045,44*71
$GPGSV,3,2,12,18,12,090,30,20,48,270,41,24,08,180,28,30,29,330,37*74
$GPGSV,3,3,12,02,41,150,33,12,17,060,31,25,72,015,45,29,45,240,39*79
$GPRMC,160755.00,A,3329.9379,N,11558.9682,W,6.83,86.1,080726,,,A*47
$GPGGA,160756.00,3329.9380,N,11558.9660,W,1,12,0.80,304.8,M,-33.0,M,,*6C
$GPGSA,A,3,05,07,13,15,18,20,24,30,02,12,25,29,1.5,0.8,1.2*3A
$GPGSV,3,1,12,05,55,120,44,07,34,210,38,13,21,300,35,15,60,045,44*71
$GPGSV,3,2,12,18,12,090,30,20,48,270,41,24,08,180,28,30,29,330,37*74
$GPGSV,3,3,12,02,41,150,33,12,17,060,31,25,72,015,45,29,45,240,39*79
$GPRMC,160756.00,A,3329.9380,N,11558.9660,W,6.84,86.0,080726,,,A*48
$GPGGA,160757.00,3329.9382,N,11558.9637,W,1,12,0.80,304.8,M,-33.0,M,,*6D
$GPGSA,A,3,05,07,13,15,18,20,24,30,02,12,25,29,1.5,0.8,1.2*3A
$GPGSV,3,1,12,05,55,120,44,07,34,210,38,13,21,300,35,15,60,045,44*71
$GPGSV,3,2,12,18,12,090,30,20,48,270,41,24,08,180,28,30,29,330,37*74
$GPGSV,3,3,12,02,41,150,33,12,17,060,31,25,72,015,45,29,45,240,39*79
$GPRMC,160757.00,A,3329.9382,N,11558.9637,W,6.85,86.0,080726,,,A*48
$GPGGA,160758.00,3329.9383,N,11558.9614,W,1,12,0.80,304.8,M,-33.0,M,,*62
$GPGSA,A,3,05,07,13,15,18,20,24,30,02,12,25,29,1.5,0.8,1.2*3A
$GPGSV,3,1,12,05,55,120,44,07,34,210,38,13,21,300,35,15,60,045,44*71
$GPGSV,3,2,12,18,12,090,30,20,48,270,41,24,08,180,28,30,29,330,37*74
$GPGSV,3,3,12,02,41,150,33,12,17,060,31,25,72,015,45,29,45,240,39*79
$GPRMC,160758.00,A,3329.9383,N,11558.9614,W,6.85,85.9,080726,,,A*4D
$GPGGA,160759.00,3329.9384,N,11558.9591,W,1,12,0.80,304.8,M,-33.0,M,,*6A
$GPGSA,A,3,05,07,13,15,18,20,24,30,02,12,25,29,1.5,0.8,1.2*3A
$GPGSV,3,1,12,05,55,120,44,07,34,210,38,13,21,300,35,15,60,045,44*71
$GPGSV,3,2,12,18,12,090,30,20,48,270,41,24,08,180,28,30,29,330,37*74
$GPGSV,3,3,12,02,41,150,33,12,17,060,31,25,72,015,45,29,45,240,39*79
$GPRMC,160759.00,A,3329.9384,N,11558.9591,W,6.86,85.9,080726,,,A*46
$GPGGA,160800.00,3329.9386,N,11558.9569,W,1,12,0.80,304.8,M,-33.0,M,,*6C
$GPGSA,A,3,05,07,13,15,18,20,24,30,02,12,25,29,1.5,0.8,1.2*3A
$GPGSV,3,1,12,05,55,120,44,07,34,210,38,13,21,300,35,15,60,045,44*71
$GPGSV,3,2,12,18,12,090,30,20,48,270,41,24,08,180,28,30,29,330,37*74
$GPGSV,3,3,12,02,41,150,33,12,17,060,31,25,72,015,45,29,45,240,39*79
$GPRMC,160800.00,A,3329.9386,N,11558.9569,W,6.87,85.8,080726,,,A*40
$GPGGA,160801.00,3329.9387,N,11558.9546,W,1,12,0.80,304.8,M,-33.0,M,,*61
$GPGSA,A,3,05,07,13,15,18,20,24,30,02,12,25,29,1.5,0.8,1.2*3A
$GPGSV,3,1,12,05,55,120,44,07,34,210,38,13,21,300,35,15,60,045,44*71
$GPGSV,3,2,12,18,12,090,30,20,48,270,41,24,08,180,28,30,29,330,37*74
$GPGSV,3,3,12,02,41,150,33,12,17,060,31,25,72,015,45,29,45,240,39*79
$GPRMC,160801.00,A,3329.9387,N,11558.9546,W,6.87,85.8,080726,,,A*4D
$GPGGA,160802.00,3329.9389,N,11558.9523,W,1,12,0.80,304.9,M,-33.0,M,,*6E
$GPGSA,A,3,05,07,13,15,18,20,24,30,02,12,25,29,1.5,0.8,1.2*3A
$GPGSV,3,1,12,05,55,120,44,07,34,210,38,13,21,300,35,15,60,045,44*71
$GPGSV,3,2,12,18,12,090,30,20,48,270,41,24,08,180,28,30,29,330,37*74
$GPGSV,3,3,12,02,41,150,33,12,17,060,31,25,72,015,45,29,45,240,39*79
$GPRMC,160802.00,A,3329.9389,N,11558.9523,W,6.88,85.7,080726,,,A*43
$GPGGA,160803.00,3329.9390,N,11558.9500,W,1,12,0.80,304.9,M,-33.0,M,,*66
$GPGSA,A,3,05,07,13,15,18,20,24,30,02,12,25,29,1.5,0.8,1.2*3A
$GPGSV,3,1,12,05,55,120,44,07,34,210,38,13,21,300,35,15,60,045,44*71
$GPGSV,3,2,12,18,12,090,30,20,48,270,41,24,08,180,28,30,29,330,37*74
$GPGSV,3,3,12,02,41,150,33,12,17,060,31,25,72,015,45,29,45,240,39*79
$GPRMC,160803.00,A,3329.9390,N,11558.9500,W,6.89,85.7,080726,,,A*4A
$GPGGA,160804.00,3329.9392,N,11558.9477,W,1,12,0.80,304.9,M,-33.0,M,,*62
$GPGSA,A,3,05,07,13,15,18,20,24,30,02,12,25,29,1.5,0.8,1.2*3A
$GPGSV,3,1,12,05,55,120,44,07,34,210,38,13,21,300,35,15,60,045,44*71
$GPGSV,3,2,12,18,12,090,30,20,48,270,41,24,08,180,28,30,29,330,37*74
$GPGSV,3,3,12,02,41,150,33,12,17,060,31,25,72,015,45,29,45,240,39*79
$GPRMC,160804.00,A,3329.9392,N,11558.9477,W,6.89,85.6,080726,,,A*4F
$GPGGA,160805.00,3329.9393,N,11558.9455,W,1,12,0.80,304.9,M,-33.0,M,,*62
$GPGSA,A,3,05,07,13,15,18,20,24,30,02,12,25,29,1.5,0.8,1.2*3A
$GPGSV,3,1,12,05,55,120,44,07,34,210,38,13,21,300,35,15,60,045,44*71
$GPGSV,3,2,12,18,12,090,30,20,48,270,41,24,08,180,28,30,29,330,37*74
$GPGSV,3,3,12,02,41,150,33,12,17,060,31,25,72,015,45,29,45,240,39*79
$GPRMC,160805.00,A,3329.9393,N,11558.9455,W,6.90,85.6,080726,,,A*47
$GPGGA,160806.00,3329.9394,N,11558.9432,W,1,12,0.80,304.9,M,-33.0,M,,*67
$GPGSA,A,3,05,07,13,15,18,20,24,30,02,12,25,29,1.5,0.8,1.2*3A
$GPGSV,3,1,12,05,55,120,44,07,34,210,38,13,21,300,35,15,60,045,44*71
$GPGSV,3,2,12,18,12,090,30,20,48,270,41,24,08,180,28,30,29,330,37*74
$GPGSV,3,3,12,02,41,150,33,12,17,060,31,25,72,015,45,29,45,240,39*79
$GPRMC,160806.00,A,3329.9394,N,11558.9432,W,6.91,85.5,080726,,,A*40
$GPGGA,160807.00,3329.9396,N,11558.9409,W,1,12,0.80,304.9,M,-33.0,M,,*6C
$GPGSA,A,3,05,07,13,15,18,20,24,30,02,12,25,29,1.5,0.8,1.2*3A
$GPGSV,3,1,12,05,55,120,44,07,34,210,38,13,21,300,35,15,60,045,44*71
$GPGSV,3,2,12,18,12,090,30,20,48,270,41,24,08,180,28,30,29,330,37*74
$GPGSV,3,3,12,02,41,150,33,12,17,060,31,25,72,015,45,29,45,240,39*79
$GPRMC,160807.00,A,3329.9396,N,11558.9409,W,6.91,85.5,080726,,,A*4B
$GPGGA,160808.00,3329.9397,N,11558.9386,W,1,12,0.80,304.9,M,-33.0,M,,*62
$GPGSA,A,3,05,07,13,15,18,20,24,30,02,12,25,29,1.5,0.8,1.2*3A
$GPGSV,3,1,12,05,55,120,44,07,34,210,38,13,21,300,35,15,60,045,44*71
$GPGSV,3,2,12,18,12,090,30,20,48,270,41,24,08,180,28,30,29,330,37*74
$GPGSV,3,3,12,02,41,150,33,12,17,060,31,25,72,015,45,29,45,240,39*79
$GPRMC,160808.00,A,3329.9397,N,11558.9386,W,6.92,85.4,080726,,,A*47
$GPGGA,160809.00,3329.9399,N,11558.9363,W,1,12,0.80,304.9,M,-33.0,M,,*66
$GPGSA,A,3,05,07,13,15,18,20,24,30,02,12,25,29,1.5,0.8,1.2*3A
$GPGSV,3,1,12,05,55,120,44,07,34,210,38,13,21,300,35,15,60,045,44*71
$GPGSV,3,2,12,18,12,090,30,20,48,270,41,24,08,180,28,30,29,330,37*74
$GPGSV,3,3,12,02,41,150,33,12,17,060,31,25,72,015,45,29,45,240,39*79
$GPRMC,160809.00,A,3329.9399,N,11558.9363,W,6.93,85.4,080726,,,A*42
$GPGGA,160810.00,3329.9401,N,11558.9340,W,1,12,0.80,304.9,M,-33.0,M,,*69
$GPGSA,A,3,05,07,13,15,18,20,24,30,02,12,25,29,1.5,0.8,1.2*3A
$GPGSV,3,1,12,05,55,120,44,07,34,210,38,13,21,300,35,15,60,045,44*71
$GPGSV,3,2,12,18,12,090,30,20,48,270,41,24,08,180,28,30,29,330,37*74
$GPGSV,3,3,12,02,41,150,33,12,17,060,31,25,72,015,45,29,45,240,39*79
$GPRMC,160810.00,A,3329.9401,N,11558.9340,W,6.93,85.3,080726,,,A*4A
$GPGGA,160811.00,3329.9402,N,11558.9317,W,1,12,0.80,304.9,M,-33.0,M,,*69
$GPGSA,A,3,05,07,13,15,18,20,24,30,02,12,25,29,1.5,0.8,1.2*3A
$GPGSV,3,1,12,05,55,120,44,07,34,210,38,13,21,300,35,15,60,045,44*71
$GPGSV,3,2,12,18,12,090,30,20,48,270,41,24,08,180,28,30,29,330,37*74
$GPGSV,3,3,12,02,41,150,33,12,17,060,31,25,72,015,45,29,45,240,39*79
$GPRMC,160811.00,A,3329.9402,N,11558.9317,W,6.94,85.3,080726,,,A*4D
$GPGGA,160812.00,3329.9404,N,11558.9294,W,1,12,0.80,304.9,M,-33.0,M,,*66
$GPGSA,A,3,05,07,13,15,18,20,24,30,02,12,25,29,1.5,0.8,1.2*3A
$GPGSV,3,1,12,05,55,120,44,07,34,210,38,13,21,300,35,15,60,045,44*71
$GPGSV,3,2,12,18,12,090,30,20,48,270,41,24,08,180,28,30,29,330,37*74
$GPGSV,3,3,12,02,41,150,33,12,17,060,31,25,72,015,45,29,45,240,39*79
$GPRMC,160812.00,A,3329.9404,N,11558.9294,W,6.95,85.2,080726,,,A*42
$GPGGA,160813.00,3329.9405,N,11558.9271,W,1,12,0.80,304.9,M,-33.0,M,,*6D
$GPGSA,A,3,05,07,13,15,18,20,24,30,02,12,25,29,1.5,0.8,1.2*3A
$GPGSV,3,1,12,05,55,120,44,07,34,210,38,13,21,300,35,15,60,045,44*71
$GPGSV,3,2,12,18,12,090,30,20,48,270,41,24,08,180,28,30,29,330,37*74
$GPGSV,3,3,12,02,41,150,33,12,17,060,31,25,72,015,45,29,45,240,39*79
$GPRMC,160813.00,A,3329.9405,N,11558.9271,W,6.95,85.2,080726,,,A*49
$GPGGA,160814.00,3329.9407,N,11558.9248,W,1,12,0.80,304.9,M,-33.0,M,,*62
$GPGSA,A,3,05,07,13,15,18,20,24,30,02,12,25,29,1.5,0.8,1.2*3A
$GPGSV,3,1,12,05,55,120,44,07,34,210,38,13,21,300,35,15,60,045,44*71
$GPGSV,3,2,12,18,12,090,30,20,48,270,41,24,08,180,28,30,29,330,37*74
$GPGSV,3,3,12,02,41,150,33,12,17,060,31,25,72,015,45,29,45,240,39*79
$GPRMC,160814.00,A,3329.9407,N,11558.9248,W,6.96,85.1,080726,,,A*46
$GPGGA,160815.00,3329.9409,N,11558.9225,W,1,11,0.80,304.9,M,-33.0,M,,*65
$GPGSA,A,3,05,07,13,15,18,20,24,30,02,12,25,,1.5,0.8,1.2*31
$GPGSV,3,1,11,05,55,120,44,07,34,210,38,13,21,300,35,15,60,045,44*72
$GPGSV,3,2,11,18,12,090,30,20,48,270,41,24,08,180,28,30,29,330,37*77
$GPGSV,3,3,11,02,41,150,33,12,17,060,31,25,72,015,45*4C
$GPRMC,160815.00,A,3329.9409,N,11558.9225,W,6.96,85.1,080726,,,A*42
$GPGGA,160816.00,3329.9410,N,11558.9202,W,1,11,0.80,305.0,M,-33.0,M,,*63
$GPGSA,A,3,05,07,13,15,18,20,24,30,02,12,25,,1.5,0.8,1.2*31
$GPGSV,3,1,11,05,55,120,44,07,34,210,38,13,21,300,35,15,60,045,44*72
$GPGSV,3,2,11,18,12,090,30,20,48,270,41,24,08,180,28,30,29,330,37*77
$GPGSV,3,3,11,02,41,150,33,12,17,060,31,25,72,015,45*4C
$GPRMC,160816.00,A,3329.9410,N,11558.9202,W,6.97,85.0,080726,,,A*4C
$GPGGA,160817.00,3329.9412,N,11558.9179,W,1,11,0.80,305.0,M,-33.0,M,,*6F
$GPGSA,A,3,05,07,13,15,18,20,24,30,02,12,25,,1.5,0.8,1.2*31
$GPGSV,3,1,11,05,55,120,44,07,34,210,38,13,21,300,35,15,60,045,44*72
$GPGSV,3,2,11,18,12,090,30,20,48,270,41,24,08,180,28,30,29,330,37*77
$GPGSV,3,3,11,02,41,150,33,12,17,060,31,25,72,015,45*4C
$GPRMC,160817.00,A,3329.9412,N,11558.9179,W,6.98,85.0,080726,,,A*4F
$GPGGA,160818.00,3329.9414,N,11558.9156,W,1,11,0.80,305.0,M,-33.0,M,,*6B
$GPGSA,A,3,05,07,13,15,18,20,24,30,02,12,25,,1.5,0.8,1.2*31
$GPGSV,3,1,11,05,55,120,44,07,34,210,38,13,21,300,35,15,60,045,44*72
$GPGSV,3,2,11,18,12,090,30,20,48,270,41,24,08,180,28,30,29,330,37*77
$GPGSV,3,3,11,02,41,150,33,12,17,060,31,25,72,015,45*4C
$GPRMC,160818.00,A,3329.9414,N,11558.9156,W,6.98,84.9,080726,,,A*43
$GPGGA,160819.00,3329.9415,N,11558.9132,W,1,11,0.80,305.0,M,-33.0,M,,*69
$GPGSA,A,3,05,07,13,15,18,20,24,30,02,12,25,,1.5,0.8,1.2*31
$GPGSV,3,1,11,05,55,120,44,07,34,210,38,13,21,300,35,15,60,045,44*72
$GPGSV,3,2,11,18,12,090,30,20,48,270,41,24,08,180,28,30,29,330,37*77
$GPGSV,3,3,11,02,41,150,33,12,17,060,31,25,72,015,45*4C
$GPRMC,160819.00,A,3329.9415,N,11558.9132,W,6.99,84.9,080726,,,A*40
$GPGGA,160820.00,3329.9417,N,11558.9109,W,1,11,0.80,305.0,M,-33.0,M,,*69
$GPGSA,A,3,05,07,13,15,18,20,24,30,02,12,25,,1.5,0.8,1.2*31
$GPGSV,3,1,11,05,55,120,44,07,34,210,38,13,21,300,35,15,60,045,44*72
$GPGSV,3,2,11,18,12,090,30,20,48,270,41,24,08,180,28,30,29,330,37*77
$GPGSV,3,3,11,02,41,150,33,12,17,060,31,25,72,015,45*4C
$GPRMC,160820.00,A,3329.9417,N,11558.9109,W,6.99,84.8,080726,,,A*41
$GPGGA,160821.00,3329.9419,N,11558.9086,W,1,11,0.80,305.0,M,-33.0,M,,*60
$GPGSA,A,3,05,07,13,15,18,20,24,30,02,12,25,,1.5,0.8,1.2*31
$GPGSV,3,1,11,05,55,120,44,07,34,210,38,13,21,300,35,15,60,045,44*72
$GPGSV,3,2,11,18,12,090,30,20,48,270,41,24,08,180,28,30,29,330,37*77
$GPGSV,3,3,11,02,41,150,33,12,17,060,31,25,72,015,45*4C
$GPRMC,160821.00,A,3329.9419,N,11558.9086,W,7.00,84.8,080726,,,A*49
$GPGGA,160822.00,3329.9421,N,11558.9063,W,1,11,0.80,305.0,M,-33.0,M,,*63
$GPGSA,A,3,05,07,13,15,18,20,24,30,02,12,25,,1.5,0.8,1.2*31
$GPGSV,3,1,11,05,55,120,44,07,34,210,38,13,21,300,35,15,60,045,44*72
$GPGSV,3,2,11,18,12,090,30,20,48,270,41,24,08,180,28,30,29,330,37*77
$GPGSV,3,3,11,02,41,150,33,12,17,060,31,25,72,015,45*4C
$GPRMC,160822.00,A,3329.9421,N,11558.9063,W,7.00,84.7,080726,,,A*45
$GPGGA,160823.00,3329.9422,N,11558.9040,W,1,11,0.80,305.0,M,-33.0,M,,*60
$GPGSA,A,3,05,07,13,15,18,20,24,30,02,12,25,,1.5,0.8,1.2*31
$GPGSV,3,1,11,05,55,120,44,07,34,210,38,13,21,300,35,15,60,045,44*72
$GPGSV,3,2,11,18,12,090,30,20,48,270,41,24,08,180,28,30,29,330,37*77
$GPGSV,3,3,11,02,41,150,33,12,17,060,31,25,72,015,45*4C
$GPRMC,160823.00,A,3329.9422,N,11558.9040,W,7.01,84.7,080726,,,A*47
$GPGGA,160824.00,3329.9424,N,11558.9017,W,1,11,0.80,305.0,M,-33.0,M,,*63
$GPGSA,A,3,05,07,13,15,18,20,24,30,02,12,25,,1.5,0.8,1.2*31
$GPGSV,3,1,11,05,55,120,44,07,34,210,38,13,21,300,35,15,60,045,44*72
$GPGSV,3,2,11,18,12,090,30,20,48,270,41,24,08,180,28,30,29,330,37*77
$GPGSV,3,3,11,02,41,150,33,12,17,060,31,25,72,015,45*4C
$GPRMC,160824.00,A,3329.9424,N,11558.9017,W,7.01,84.6,080726,,,A*45
$GPGGA,160825.00,3329.9426,N,11558.8993,W,1,11,0.80,305.0,M,-33.0,M,,*64
$GPGSA,A,3,05,07,13,15,18,20,24,30,02,12,25,,1.5,0.8,1.2*31
$GPGSV,3,1,11,05,55,120,44,07,34,210,38,13,21,300,35,15,60,045,44*72
$GPGSV,3,2,11,18,12,090,30,20,48,270,41,24,08,180,28,30,29,330,37*77
$GPGSV,3,3,11,02,41,150,33,12,17,060,31,25,72,015,45*4C
$GPRMC,160825.00,A,3329.9426,N,11558.8993,W,7.02,84.6,080726,,,A*41
$GPGGA,160826.00,3329.9428,N,11558.8970,W,1,11,0.80,305.0,M,-33.0,M,,*64
$GPGSA,A,3,05,07,13,15,18,20,24,30,02,12,25,,1.5,0.8,1.2*31
$GPGSV,3,1,11,05,55,120,44,07,34,210,38,13,21,300,35,15,60,045,44*72
$GPGSV,3,2,11,18,12,090,30,20,48,270,41,24,08,180,28,30,29,330,37*77
$GPGSV,3,3,11,02,41,150,33,12,17,060,31,25,72,015,45*4C
$GPRMC,160826.00,A,3329.9428,N,11558.8970,W,7.02,84.5,080726,,,A*42
$GPGGA,160827.00,3329.9430,N,11558.8947,W,1,11,0.80,305.0,M,-33.0,M,,*68
$GPGSA,A,3,05,07,13,15,18,20,24,30,02,12,25,,1.5,0.8,1.2*31
$GPGSV,3,1,11,05,55,120,44,07,34,210,38,13,21,300,35,15,60,045,44*72
$GPGSV,3,2,11,18,12,090,30,20,48,270,41,24,08,180,28,30,29,330,37*77
$GPGSV,3,3,11,02,41,150,33,12,17,060,31,25,72,015,45*4C
$GPRMC,160827.00,A,3329.9430,N,11558.8947,W,7.03,84.5,080726,,,A*4F
$GPGGA,160828.00,3329.9432,N,11558.8924,W,1,11,0.80,305.0,M,-33.0,M,,*60
$GPGSA,A,3,05,07,13,15,18,20,24,30,02,12,25,,1.5,0.8,1.2*31
$GPGSV,3,1,11,05,55,120,44,07,34,210,38,13,21,300,35,15,60,045,44*72
$GPGSV,3,2,11,18,12,090,30,20,48,270,41,24,08,180,28,30,29,330,37*77
$GPGSV,3,3,11,02,41,150,33,12,17,060,31,25,72,015,45*4C
$GPRMC,160828.00,A,3329.9432,N,11558.8924,W,7.03,84.5,080726,,,A*47
$GPGGA,160829.00,3329.9433,N,11558.8900,W,1,11,0.80,305.0,M,-33.0,M,,*66
$GPGSA,A,3,05,07,13,15,18,20,24,30,02,12,25,,1.5,0.8,1.2*31
$GPGSV,3,1,11,05,55,120,44,07,34,210,38,13,21,300,35,15,60,045,44*72
$GPGSV,3,2,11,18,12,090,30,20,48,270,41,24,08,180,28,30,29,330,37*77
$GPGSV,3,3,11,02,41,150,33,12,17,060,31,25,72,015,45*4C
$GPRMC,160829.00,A,3329.9433,N,11558.8900,W,7.04,84.4,080726,,,A*47
$GPGGA,160830.00,3329.9435,N,11558.8877,W,1,11,0.80,305.1,M,-33.0,M,,*68
$GPGSA,A,3,05,07,13,15,18,20,24,30,02,12,25,,1.5,0.8,1.2*31
$GPGSV,3,1,11,05,55,120,44,07,34,210,38,13,21,300,35,15,60,045,44*72
$GPGSV,3,2,11,18,12,090,30,20,48,270,41,24,08,180,28,30,29,330,37*77
$GPGSV,3,3,11,02,41,150,33,12,17,060,31,25,72,015,45*4C
$GPRMC,160830.00,A,3329.9435,N,11558.8877,W,7.04,84.4,080726,,,A*48
$GPGGA,160831.00,3329.9437,N,11558.8854,W,1,11,0.80,305.1,M,-33.0,M,,*6A
$GPGSA,A,3,05,07,13,15,18,20,24,30,02,12,25,,1.5,0.8,1.2*31
$GPGSV,3,1,11,05,55,120,44,07,34,210,38,13,21,300,35,15,60,045,44*72
$GPGSV,3,2,11,18,12,090,30,20,48,270,41,24,08,180,28,30,29,330,37*77
$GPGSV,3,3,11,02,41,150,33,12,17,060,31,25,72,015,45*4C
$GPRMC,160831.00,A,3329.9437,N,11558.8854,W,7.05,84.3,080726,,,A*4C
$GPGGA,160832.00,3329.9439,N,11558.8830,W,1,11,0.80,305.1,M,-33.0,M,,*65
$GPGSA,A,3,05,07,13,15,18,20,24,30,02,12,25,,1.5,0.8,1.2*31
$GPGSV,3,1,11,05,55,120,44,07,34,210,38,13,21,300,35,15,60,045,44*72
$GPGSV,3,2,11,18,12,090,30,20,48,270,41,24,08,180,28,30,29,330,37*77
$GPGSV,3,3,11,02,41,150,33,12,17,060,31,25,72,015,45*4C
$GPRMC,160832.00,A,3329.9439,N,11558.8830,W,7.05,84.3,080726,,,A*43
$GPGGA,160833.00,3329.9441,N,11558.8807,W,1,11,0.80,305.1,M,-33.0,M,,*6F
$GPGSA,A,3,05,07,13,15,18,20,24,30,02,12,25,,1.5,0.8,1.2*31
$GPGSV,3,1,11,05,55,120,44,07,34,210,38,13,21,300,35,15,60,045,44*72
$GPGSV,3,2,11,18,12,090,30,20,48,270,41,24,08,180,28,30,29,330,37*77
$GPGSV,3,3,11,02,41,150,33,12,17,060,31,25,72,015,45*4C
$GPRMC,160833.00,A,3329.9441,N,11558.8807,W,7.06,84.2,080726,,,A*4B
$GPGGA,160834.00,3329.9443,N,11558.8784,W,1,11,0.80,305.1,M,-33.0,M,,*6E
$GPGSA,A,3,05,07,13,15,18,20,24,30,02,12,25,,1.5,0.8,1.2*31
$GPGSV,3,1,11,05,55,120,44,07,34,210,38,13,21,300,35,15,60,045,44*72
$GPGSV,3,2,11,18,12,090,30,20,48,270,41,24,08,180,28,30,29,330,37*77
$GPGSV,3,3,11,02,41,150,33,12,17,060,31,25,72,015,45*4C
$GPRMC,160834.00,A,3329.9443,N,11558.8784,W,7.06,84.2,080726,,,A*4A
$GPGGA,160835.00,3329.9445,N,11558.8760,W,1,11,0.80,305.1,M,-33.0,M,,*63
$GPGSA,A,3,05,07,13,15,18,20,24,30,02,12,25,,1.5,0.8,1.2*31
$GPGSV,3,1,11,05,55,120,44,07,34,210,38,13,21,300,35,15,60,045,44*72
$GPGSV,3,2,11,18,12,090,30,20,48,270,41,24,08,180,28,30,29,330,37*77
$GPGSV,3,3,11,02,41,150,33,12,17,060,31,25,72,015,45*4C
$GPRMC,160835.00,A,3329.9445,N,11558.8760,W,7.06,84.2,080726,,,A*47
$GPGGA,160836.00,3329.9447,N,11558.8737,W,1,11,0.80,305.1,M,-33.0,M,,*60
$GPGSA,A,3,05,07,13,15,18,20,24,30,02,12,25,,1.5,0.8,1.2*31
$GPGSV,3,1,11,05,55,120,44,07,34,210,38,13,21,300,35,15,60,045,44*72
$GPGSV,3,2,11,18,12,090,30,20,48,270,41,24,08,180,28,30,29,330,37*77
$GPGSV,3,3,11,02,41,150,33,12,17,060,31,25,72,015,45*4C
$GPRMC,160836.00,A,3329.9447,N,11558.8737,W,7.07,84.1,080726,,,A*46
$GPGGA,160837.00,3329.9449,N,11558.8714,W,1,11,0.80,305.1,M,-33.0,M,,*6E
$GPGSA,A,3,05,07,13,15,18,20,24,30,02,12,25,,1.5,0.8,1.2*31
$GPGSV,3,1,11,05,55,120,44,07,34,210,38,13,21,300,35,15,60,045,44*72
$GPGSV,3,2,11,18,12,090,30,20,48,270,41,24,08,180,28,30,29,330,37*77
$GPGSV,3,3,11,02,41,150,33,12,17,060,31,25,72,015,45*4C
$GPRMC,160837.00,A,3329.9449,N,11558.8714,W,7.07,84.1,080726,,,A*48
$GPGGA,160838.00,3329.9451,N,11558.8690,W,1,11,0.80,305.1,M,-33.0,M,,*65
$GPGSA,A,3,05,07,13,15,18,20,24,30,02,12,25,,1.5,0.8,1.2*31
$GPGSV,3,1,11,05,55,120,44,07,34,210,38,13,21,300,35,15,60,045,44*72
$GPGSV,3,2,11,18,12,090,30,20,48,270,41,24,08,180,28,30,29,330,37*77
$GPGSV,3,3,11,02,41,150,33,12,17,060,31,25,72,015,45*4C
$GPRMC,160838.00,A,3329.9451,N,11558.8690,W,7.07,84.0,080726,,,A*42
$GPGGA,160839.00,3329.9453,N,11558.8667,W,1,11,0.80,305.1,M,-33.0,M,,*6E
$GPGSA,A,3,05,07,13,15,18,20,24,30,02,12,25,,1.5,0.8,1.2*31
$GPGSV,3,1,11,05,55,120,44,07,34,210,38,13,21,300,35,15,60,045,44*72
$GPGSV,3,2,11,18,12,090,30,20,48,270,41,24,08,180,28,30,29,330,37*77
$GPGSV,3,3,11,02,41,150,33,12,17,060,31,25,72,015,45*4C
$GPRMC,160839.00,A,3329.9453,N,11558.8667,W,7.08,84.0,080726,,,A*46
$GPGGA,160840.00,3329.9455,N,11558.8644,W,1,11,0.80,305.1,M,-33.0,M,,*67
$GPGSA,A,3,05,07,13,15,18,20,24,30,02,12,25,,1.5,0.8,1.2*31
$GPGSV,3,1,11,05,55,120,44,07,34,210,38,13,21,300,35,15,60,045,44*72
$GPGSV,3,2,11,18,12,090,30,20,48,270,41,24,08,180,28,30,29,330,37*77
$GPGSV,3,3,11,02,41,150,33,12,17,060,31,25,72,015,45*4C
$GPRMC,160840.00,A,3329.9455,N,11558.8644,W,7.08,83.9,080726,,,A*41
$GPGGA,160841.00,3329.9457,N,11558.8620,W,1,11,0.80,305.1,M,-33.0,M,,*66
$GPGSA,A,3,05,07,13,15,18,20,24,30,02,12,25,,1.5,0.8,1.2*31
$GPGSV,3,1,11,05,55,120,44,07,34,210,38,13,21,300,35,15,60,045,44*72
$GPGSV,3,2,11,18,12,090,30,20,48,270,41,24,08,180,28,30,29,330,37*77
$GPGSV,3,3,11,02,41,150,33,12,17,060,31,25,72,015,45*4C
$GPRMC,160841.00,A,3329.9457,N,11558.8620,W,7.09,83.9,080726,,,A*41
$GPGGA,160842.00,3329.9459,N,11558.8597,W,1,11,0.80,305.1,M,-33.0,M,,*64
$GPGSA,A,3,05,07,13,15,18,20,24,30,02,12,25,,1.5,0.8,1.2*31
$GPGSV,3,1,11,05,55,120,44,07,34,210,38,13,21,300,35,15,60,045,44*72
$GPGSV,3,2,11,18,12,090,30,20,48,270,41,24,08,180,28,30,29,330,37*77
$GPGSV,3,3,11,02,41,150,33,12,17,060,31,25,72,015,45*4C
$GPRMC,160842.00,A,3329.9459,N,11558.8597,W,7.09,83.9,080726,,,A*43
$GPGGA,160843.00,3329.9462,N,11558.8573,W,1,11,0.80,305.1,M,-33.0,M,,*67
$GPGSA,A,3,05,07,13,15,18,20,24,30,02,12,25,,1.5,0.8,1.2*31
$GPGSV,3,1,11,05,55,120,44,07,34,210,38,13,21,300,35,15,60,045,44*72
$GPGSV,3,2,11,18,12,090,30,20,48,270,41,24,08,180,28,30,29,330,37*77
$GPGSV,3,3,11,02,41,150,33,12,17,060,31,25,72,015,45*4C
$GPRMC,160843.00,A,3329.9462,N,11558.8573,W,7.09,83.8,080726,,,A*41
$GPGGA,160844.00,3329.9464,N,11558.8550,W,1,11,0.80,305.2,M,-33.0,M,,*64
$GPGSA,A,3,05,07,13,15,18,20,24,30,02,12,25,,1.5,0.8,1.2*31
$GPGSV,3,1,11,05,55,120,44,07,34,210,38,13,21,300,35,15,60,045,44*72
$GPGSV,3,2,11,18,12,090,30,20,48,270,41,24,08,180,28,30,29,330,37*77
$GPGSV,3,3,11,02,41,150,33,12,17,060,31,25,72,015,45*4C
$GPRMC,160844.00,A,3329.9464,N,11558.8550,W,7.09,83.8,080726,,,A*41
$GPGGA,160845.00,3329.9466,N,11558.8526,W,1,11,0.80,305.2,M,-33.0,M,,*66
$GPGSA,A,3,05,07,13,15,18,20,24,30,02,12,25,,1.5,0.8,1.2*31
$GPGSV,3,1,11,05,55,120,44,07,34,210,38,13,21,300,35,15,60,045,44*72
$GPGSV,3,2,11,18,12,090,30,20,48,270,41,24,08,180,28,30,29,330,37*77
$GPGSV,3,3,11,02,41,150,33,12,17,060,31,25,72,015,45*4C
$GPRMC,160845.00,A,3329.9466,N,11558.8526,W,7.10,83.7,080726,,,A*44
$GPGGA,160846.00,3329.9468,N,11558.8503,W,1,11,0.80,305.2,M,-33.0,M,,*6C
$GPGSA,A,3,05,07,13,15,18,20,24,30,02,12,25,,1.5,0.8,1.2*31
$GPGSV,3,1,11,05,55,120,44,07,34,210,38,13,21,300,35,15,60,045,44*72
$GPGSV,3,2,11,18,12,090,30,20,48,270,41,24,08,180,28,30,29,330,37*77
$GPGSV,3,3,11,02,41,150,33,12,17,060,31,25,72,015,45*4C
$GPRMC,160846.00,A,3329.9468,N,11558.8503,W,7.10,83.7,080726,,,A*4E
$GPGGA,160847.00,3329.9470,N,11558.8479,W,1,11,0.80,305.2,M,-33.0,M,,*68
$GPGSA,A,3,05,07,13,15,18,20,24,30,02,12,25,,1.5,0.8,1.2*31
$GPGSV,3,1,11,05,55,120,44,07,34,210,38,13,21,300,35,15,60,045,44*72
$GPGSV,3,2,11,18,12,090,30,20,48,270,41,24,08,180,28,30,29,330,37*77
$GPGSV,3,3,11,02,41,150,33,12,17,060,31,25,72,015,45*4C
$GPRMC,160847.00,A,3329.9470,N,11558.8479,W,7.10,83.7,080726,,,A*4A
$GPGGA,160848.00,3329.9472,N,11558.8456,W,1,11,0.80,305.2,M,-33.0,M,,*68
$GPGSA,A,3,05,07,13,15,18,20,24,30,02,12,25,,1.5,0.8,1.2*31
$GPGSV,3,1,11,05,55,120,44,07,34,210,38,13,21,300,35,15,60,045,44*72
$GPGSV,3,2,11,18,12,090,30,20,48,270,41,24,08,180,28,30,29,330,37*77
$GPGSV,3,3,11,02,41,150,33,12,17,060,31,25,72,015,45*4C
$GPRMC,160848.00,A,3329.9472,N,11558.8456,W,7.11,83.6,080726,,,A*4A
$GPGGA,160849.00,3329.9474,N,11558.8432,W,1,11,0.80,305.2,M,-33.0,M,,*6D
$GPGSA,A,3,05,07,13,15,18,20,24,30,02,12,25,,1.5,0.8,1.2*31
$GPGSV,3,1,11,05,55,120,44,07,34,210,38,13,21,300,35,15,60,045,44*72
$GPGSV,3,2,11,18,12,090,30,20,48,270,41,24,08,180,28,30,29,330,37*77
$GPGSV,3,3,11,02,41,150,33,12,17,060,31,25,72,015,45*4C
$GPRMC,160849.00,A,3329.9474,N,11558.8432,W,7.11,83.6,080726,,,A*4F
$GPGGA,160850.00,3329.9477,N,11558.8409,W,1,11,0.80,305.2,M,-33.0,M,,*6E
$GPGSA,A,3,05,07,13,15,18,20,24,30,02,12,25,,1.5,0.8,1.2*31
$GPGSV,3,1,11,05,55,120,44,07,34,210,38,13,21,300,35,15,60,045,44*72
$GPGSV,3,2,11,18,12,090,30,20,48,270,41,24,08,180,28,30,29,330,37*77
$GPGSV,3,3,11,02,41,150,33,12,17,060,31,25,72,015,45*4C
$GPRMC,160850.00,A,3329.9477,N,11558.8409,W,7.11,83.6,080726,,,A*4C
$GPGGA,160851.00,3329.9479,N,11558.8385,W,1,11,0.80,305.2,M,-33.0,M,,*62
$GPGSA,A,3,05,07,13,15,18,20,24,30,02,12,25,,1.5,0.8,1.2*31
$GPGSV,3,1,11,05,55,120,44,07,34,210,38,13,21,300,35,15,60,045,44*72
$GPGSV,3,2,11,18,12,090,30,20,48,270,41,24,08,180,28,30,29,330,37*77
$GPGSV,3,3,11,02,41,150,33,12,17,060,31,25,72,015,45*4C
$GPRMC,160851.00,A,3329.9479,N,11558.8385,W,7.11,83.5,080726,,,A*43
$GPGGA,160852.00,3329.9481,N,11558.8362,W,1,11,0.80,305.2,M,-33.0,M,,*6F
$GPGSA,A,3,05,07,13,15,18,20,24,30,02,12,25,,1.5,0.8,1.2*31
$GPGSV,3,1,11,05,55,120,44,07,34,210,38,13,21,300,35,15,60,045,44*72
$GPGSV,3,2,11,18,12,090,30,20,48,270,41,24,08,180,28,30,29,330,37*77
$GPGSV,3,3,11,02,41,150,33,12,17,060,31,25,72,015,45*4C
$GPRMC,160852.00,A,3329.9481,N,11558.8362,W,7.12,83.5,080726,,,A*4D
$GPGGA,160853.00,3329.9483,N,11558.8338,W,1,11,0.80,305.2,M,-33.0,M,,*63
$GPGSA,A,3,05,07,13,15,18,20,24,30,02,12,25,,1.5,0.8,1.2*31
$GPGSV,3,1,11,05,55,120,44,07,34,210,38,13,21,300,35,15,60,045,44*72
$GPGSV,3,2,11,18,12,090,30,20,48,270,41,24,08,180,28,30,29,330,37*77
$GPGSV,3,3,11,02,41,150,33,12,17,060,31,25,72,015,45*4C
$GPRMC,160853.00,A,3329.9483,N,11558.8338,W,7.12,83.5,080726,,,A*41
$GPGGA,160854.00,3329.9486,N,11558.8315,W,1,11,0.80,305.2,M,-33.0,M,,*6E
$GPGSA,A,3,05,07,13,15,18,20,24,30,02,12,25,,1.5,0.8,1.2*31
$GPGSV,3,1,11,05,55,120,44,07,34,210,38,13,21,300,35,15,60,045,44*72
$GPGSV,3,2,11,18,12,090,30,20,48,270,41,24,08,180,28,30,29,330,37*77
$GPGSV,3,3,11,02,41,150,33,12,17,060,31,25,72,015,45*4C
$GPRMC,160854.00,A,3329.9486,N,11558.8315,W,7.12,83.4,080726,,,A*4D
$GPGGA,160855.00,3329.9488,N,11558.8291,W,1,11,0.80,305.2,M,-33.0,M,,*6C
$GPGSA,A,3,05,07,13,15,18,20,24,30,02,12,25,,1.5,0.8,1.2*31
$GPGSV,3,1,11,05,55,120,44,07,34,210,38,13,21,300,35,15,60,045,44*72
$GPGSV,3,2,11,18,12,090,30,20,48,270,41,24,08,180,28,30,29,330,37*77
$GPGSV,3,3,11,02,41,150,33,12,17,060,31,25,72,015,45*4C
$GPRMC,160855.00,A,3329.9488,N,11558.8291,W,7.12,83.4,080726,,,A*4F
$GPGGA,160856.00,3329.9490,N,11558.8268,W,1,11,0.80,305.2,M,-33.0,M,,*60
$GPGSA,A,3,05,07,13,15,18,20,24,30,02,12,25,,1.5,0.8,1.2*31
$GPGSV,3,1,11,05,55,120,44,07,34,210,38,13,21,300,35,15,60,045,44*72
$GPGSV,3,2,11,18,12,090,30,20,48,270,41,24,08,180,28,30,29,330,37*77
$GPGSV,3,3,11,02,41,150,33,12,17,060,31,25,72,015,45*4C
$GPRMC,160856.00,A,3329.9490,N,11558.8268,W,7.12,83.3,080726,,,A*44
$GPGGA,160857.00,3329.9492,N,11558.8244,W,1,11,0.80,305.2,M,-33.0,M,,*6D
$GPGSA,A,3,05,07,13,15,18,20,24,30,02,12,25,,1.5,0.8,1.2*31
$GPGSV,3,1,11,05,55,120,44,07,34,210,38,13,21,300,35,15,60,045,44*72
$GPGSV,3,2,11,18,12,090,30,20,48,270,41,24,08,180,28,30,29,330,37*77
$GPGSV,3,3,11,02,41,150,33,12,17,060,31,25,72,015,45*4C
$GPRMC,160857.00,A,3329.9492,N,11558.8244,W,7.12,83.3,080726,,,A*49
$GPGGA,160858.00,3329.9495,N,11558.8221,W,1,11,0.80,305.2,M,-33.0,M,,*66
$GPGSA,A,3,05,07,13,15,18,20,24,30,02,12,25,,1.5,0.8,1.2*31
$GPGSV,3,1,11,05,55,120,44,07,34,210,38,13,21,300,35,15,60,045,44*72
$GPGSV,3,2,11,18,12,090,30,20,48,270,41,24,08,180,28,30,29,330,37*77
$GPGSV,3,3,11,02,41,150,33,12,17,060,31,25,72,015,45*4C
$GPRMC,160858.00,A,3329.9495,N,11558.8221,W,7.13,83.3,080726,,,A*43
$GPGGA,160859.00,3329.9497,N,11558.8197,W,1,11,0.80,305.2,M,-33.0,M,,*6B
$GPGSA,A,3,05,07,13,15,18,20,24,30,02,12,25,,1.5,0.8,1.2*31
$GPGSV,3,1,11,05,55,120,44,07,34,210,38,13,21,300,35,15,60,045,44*72
$GPGSV,3,2,11,18,12,090,30,20,48,270,41,24,08,180,28,30,29,330,37*77
$GPGSV,3,3,11,02,41,150,33,12,17,060,31,25,72,015,45*4C
$GPRMC,160859.00,A,3329.9497,N,11558.8197,W,7.13,83.2,080726,,,A*4F
$GPGGA,160900.00,3329.9499,N,11558.8174,W,1,12,0.80,305.2,M,-33.0,M,,*66
$GPGSA,A,3,05,07,13,15,18,20,24,30,02,12,25,29,1.5,0.8,1.2*3A
$GPGSV,3,1,12,05,55,120,44,07,34,210,38,13,21,300,35,15,60,045,44*71
$GPGSV,3,2,12,18,12,090,30,20,48,270,41,24,08,180,28,30,29,330,37*74
$GPGSV,3,3,12,02,41,150,33,12,17,060,31,25,72,015,45,29,45,240,39*79
$GPRMC,160900.00,A,3329.9499,N,11558.8174,W,7.13,83.2,080726,,,A*41
$GPGGA,160901.00,3329.9502,N,11558.8150,W,1,12,0.80,305.2,M,-33.0,M,,*62
$GPGSA,A,3,05,07,13,15,18,20,24,30,02,12,25,29,1.5,0.8,1.2*3A
$GPGSV,3,1,12,05,55,120,44,07,34,210,38,13,21,300,35,15,60,045,44*71
$GPGSV,3,2,12,18,12,090,30,20,48,270,41,24,08,180,28,30,29,330,37*74
$GPGSV,3,3,12,02,41,150,33,12,17,060,31,25,72,015,45,29,45,240,39*79
$GPRMC,160901.00,A,3329.9502,N,11558.8150,W,7.13,83.2,080726,,,A*45
$GPGGA,160902.00,3329.9504,N,11558.8127,W,1,12,0.80,305.2,M,-33.0,M,,*67
$GPGSA,A,3,05,07,13,15,18,20,24,30,02,12,25,29,1.5,0.8,1.2*3A
$GPGSV,3,1,12,05,55,120,44,07,34,210,38,13,21,300,35,15,60,045,44*71
$GPGSV,3,2,12,18,12,090,30,20,48,270,41,24,08,180,28,30,29,330,37*74
$GPGSV,3,3,12,02,41,150,33,12,17,060,31,25,72,015,45,29,45,240,39*79
$GPRMC,160902.00,A,3329.9504,N,11558.8127,W,7.13,83.2,080726,,,A*40
$GPGGA,160903.00,3329.9506,N,11558.8103,W,1,12,0.80,305.3,M,-33.0,M,,*63
$GPGSA,A,3,05,07,13,15,18,20,24,30,02,12,25,29,1.5,0.8,1.2*3A
$GPGSV,3,1,12,05,55,120,44,07,34,210,38,13,21,300,35,15,60,045,44*71
$GPGSV,3,2,12,18,12,090,30,20,48,270,41,24,08,180,28,30,29,330,37*74
$GPGSV,3,3,12,02,41,150,33,12,17,060,31,25,72,015,45,29,45,240,39*79
$GPRMC,160903.00,A,3329.9506,N,11558.8103,W,7.13,83.1,080726,,,A*46
$GPGGA,160904.00,3329.9509,N,11558.8080,W,1,12,0.80,305.3,M,-33.0,M,,*61
$GPGSA,A,3,05,07,13,15,18,20,24,30,02,12,25,29,1.5,0.8,1.2*3A
$GPGSV,3,1,12,05,55,120,44,07,34,210,38,13,21,300,35,15,60,045,44*71
$GPGSV,3,2,12,18,12,090,30,20,48,270,41,24,08,180,28,30,29,330,37*74
$GPGSV,3,3,12,02,41,150,33,12,17,060,31,25,72,015,45,29,45,240,39*79
$GPRMC,160904.00,A,3329.9509,N,11558.8080,W,7.13,83.1,080726,,,A*44
$GPGGA,160905.00,3329.9511,N,11558.8056,W,1,12,0.80,305.3,M,-33.0,M,,*62
$GPGSA,A,3,05,07,13,15,18,20,24,30,02,12,25,29,1.5,0.8,1.2*3A
$GPGSV,3,1,12,05,55,120,44,07,34,210,38,13,21,300,35,15,60,045,44*71
$GPGSV,3,2,12,18,12,090,30,20,48,270,41,24,08,180,28,30,29,330,37*74
$GPGSV,3,3,12,02,41,150,33,12,17,060,31,25,72,015,45,29,45,240,39*79
$GPRMC,160905.00,A,3329.9511,N,11558.8056,W,7.13,83.1,080726,,,A*47
$GPGGA,160906.00,3329.9513,N,11558.8033,W,1,12,0.80,305.3,M,-33.0,M,,*60
$GPGSA,A,3,05,07,13,15,18,20,24,30,02,12,25,29,1.5,0.8,1.2*3A
$GPGSV,3,1,12,05,55,120,44,07,34,210,38,13,21,300,35,15,60,045,44*71
$GPGSV,3,2,12,18,12,090,30,20,48,270,41,24,08,180,28,30,29,330,37*74
$GPGSV,3,3,12,02,41,150,33,12,17,060,31,25,72,015,45,29,45,240,39*79
$GPRMC,160906.00,A,3329.9513,N,11558.8033,W,7.13,83.0,080726,,,A*44
$GPGGA,160907.00,3329.9516,N,11558.8009,W,1,12,0.80,305.3,M,-33.0,M,,*6D
$GPGSA,A,3,05,07,13,15,18,20,24,30,02,12,25,29,1.5,0.8,1.2*3A
$GPGSV,3,1,12,05,55,120,44,07,34,210,38,13,21,300,35,15,60,045,44*71
$GPGSV,3,2,12,18,12,090,30,20,48,270,41,24,08,180,28,30,29,330,37*74
$GPGSV,3,3,12,02,41,150,33,12,17,060,31,25,72,015,45,29,45,240,39*79
$GPRMC,160907.00,A,3329.9516,N,11558.8009,W,7.13,83.0,080726,,,A*49
$GPGGA,160908.00,3329.9518,N,11558.7985,W,1,12,0.80,305.3,M,-33.0,M,,*6E
$GPGSA,A,3,05,07,13,15,18,20,24,30,02,12,25,29,1.5,0.8,1.2*3A
$GPGSV,3,1,12,05,55,120,44,07,34,210,38,13,21,300,35,15,60,045,44*71
$GPGSV,3,2,12,18,12,090,30,20,48,270,41,24,08,180,28,30,29,330,37*74
$GPGSV,3,3,12,02,41,150,33,12,17,060,31,25,72,015,45,29,45,240,39*79
$GPRMC,160908.00,A,3329.9518,N,11558.7985,W,7.13,83.0,080726,,,A*4A
$GPGGA,160909.00,3329.9521,N,11558.7962,W,1,12,0.80,305.3,M,-33.0,M,,*6C
$GPGSA,A,3,05,07,13,15,18,20,24,30,02,12,25,29,1.5,0.8,1.2*3A
$GPGSV,3,1,12,05,55,120,44,07,34,210,38,13,21,300,35,15,60,045,44*71
$GPGSV,3,2,12,18,12,090,30,20,48,270,41,24,08,180,28,30,29,330,37*74
$GPGSV,3,3,12,02,41,150,33,12,17,060,31,25,72,015,45,29,45,240,39*79
$GPRMC,160909.00,A,3329.9521,N,11558.7962,W,7.13,82.9,080726,,,A*40
$GPGGA,160910.00,3329.9523,N,11558.7938,W,1,12,0.80,305.3,M,-33.0,M,,*69
$GPGSA,A,3,05,07,13,15,18,20,24,30,02,12,25,29,1.5,0.8,1.2*3A
$GPGSV,3,1,12,05,55,120,44,07,34,210,38,13,21,300,35,15,60,045,44*71
$GPGSV,3,2,12,18,12,090,30,20,48,270,41,24,08,180,28,30,29,330,37*74
$GPGSV,3,3,12,02,41,150,33,12,17,060,31,25,72,015,45,29,45,240,39*79
$GPRMC,160910.00,A,3329.9523,N,11558.7938,W,7.13,82.9,080726,,,A*45
$GPGGA,160911.00,3329.9526,N,11558.7915,W,1,12,0.80,305.3,M,-33.0,M,,*62
$GPGSA,A,3,05,07,13,15,18,20,24,30,02,12,25,29,1.5,0.8,1.2*3A
$GPGSV,3,1,12,05,55,120,44,07,34,210,38,13,21,300,35,15,60,045,44*71
$GPGSV,3,2,12,18,12,090,30,20,48,270,41,24,08,180,28,30,29,330,37*74
$GPGSV,3,3,12,02,41,150,33,12,17,060,31,25,72,015,45,29,45,240,39*79
$GPRMC,160911.00,A,3329.9526,N,11558.7915,W,7.13,82.9,080726,,,A*4E
$GPGGA,160912.00,3329.9528,N,11558.7891,W,1,12,0.80,305.3,M,-33.0,M,,*62
$GPGSA,A,3,05,07,13,15,18,20,24,30,02,12,25,29,1.5,0.8,1.2*3A
$GPGSV,3,1,12,05,55,120,44,07,34,210,38,13,21,300,35,15,60,045,44*71
$GPGSV,3,2,12,18,12,090,30,20,48,270,41,24,08,180,28,30,29,330,37*74
$GPGSV,3,3,12,02,41,150,33,12,17,060,31,25,72,015,45,29,45,240,39*79
$GPRMC,160912.00,A,3329.9528,N,11558.7891,W,7.13,82.9,080726,,,A*4E
$GPGGA,160913.00,3329.9531,N,11558.7868,W,1,12,0.80,305.3,M,-33.0,M,,*6D
$GPGSA,A,3,05,07,13,15,18,20,24,30,02,12,25,29,1.5,0.8,1.2*3A
$GPGSV,3,1,12,05,55,120,44,07,34,210,38,13,21,300,35,15,60,045,44*71
$GPGSV,3,2,12,18,12,090,30,20,48,270,41,24,08,180,28,30,29,330,37*74
$GPGSV,3,3,12,02,41,150,33,12,17,060,31,25,72,015,45,29,45,240,39*79
$GPRMC,160913.00,A,3329.9531,N,11558.7868,W,7.13,82.8,080726,,,A*40
$GPGGA,160914.00,3329.9533,N,11558.7844,W,1,12,0.80,305.3,M,-33.0,M,,*66
$GPGSA,A,3,05,07,13,15,18,20,24,30,02,12,25,29,1.5,0.8,1.2*3A
$GPGSV,3,1,12,05,55,120,44,07,34,210,38,13,21,300,35,15,60,045,44*71
$GPGSV,3,2,12,18,12,090,30,20,48,270,41,24,08,180,28,30,29,330,37*74
$GPGSV,3,3,12,02,41,150,33,12,17,060,31,25,72,015,45,29,45,240,39*79
$GPRMC,160914.00,A,3329.9533,N,11558.7844,W,7.13,82.8,080726,,,A*4B
$GPGGA,160915.00,3329.9535,N,11558.7821,W,1,12,0.80,305.3,M,-33.0,M,,*62
$GPGSA,A,3,05,07,13,15,18,20,24,30,02,12,25,29,1.5,0.8,1.2*3A
$GPGSV,3,1,12,05,55,120,44,07,34,210,38,13,21,300,35,15,60,045,44*71
$GPGSV,3,2,12,18,12,090,30,20,48,270,41,24,08,180,28,30,29,330,37*74
$GPGSV,3,3,12,02,41,150,33,12,17,060,31,25,72,015,45,29,45,240,39*79
$GPRMC,160915.00,A,3329.9535,N,11558.7821,W,7.13,82.8,080726,,,A*4F
$GPGGA,160916.00,3329.9538,N,11558.7797,W,1,12,0.80,305.3,M,-33.0,M,,*6E
$GPGSA,A,3,05,07,13,15,18,20,24,30,02,12,25,29,1.5,0.8,1.2*3A
$GPGSV,3,1,12,05,55,120,44,07,34,210,38,13,21,300,35,15,60,045,44*71
$GPGSV,3,2,12,18,12,090,30,20,48,270,41,24,08,180,28,30,29,330,37*74
$GPGSV,3,3,12,02,41,150,33,12,17,060,31,25,72,015,45,29,45,240,39*79
$GPRMC,160916.00,A,3329.9538,N,11558.7797,W,7.13,82.7,080726,,,A*4C
$GPGGA,160917.00,3329.9540,N,11558.7774,W,1,12,0.80,305.3,M,-33.0,M,,*6D
$GPGSA,A,3,05,07,13,15,18,20,24,30,02,12,25,29,1.5,0.8,1.2*3A
$GPGSV,3,1,12,05,55,120,44,07,34,210,38,13,21,300,35,15,60,045,44*71
$GPGSV,3,2,12,18,12,090,30,20,48,270,41,24,08,180,28,30,29,330,37*74
$GPGSV,3,3,12,02,41,150,33,12,17,060,31,25,72,015,45,29,45,240,39*79
$GPRMC,160917.00,A,3329.9540,N,11558.7774,W,7.13,82.7,080726,,,A*4F
$GPGGA,160918.00,3329.9543,N,11558.7750,W,1,12,0.80,305.3,M,-33.0,M,,*67
$GPGSA,A,3,05,07,13,15,18,20,24,30,02,12,25,29,1.5,0.8,1.2*3A
$GPGSV,3,1,12,05,55,120,44,07,34,210,38,13,21,300,35,15,60,045,44*71
$GPGSV,3,2,12,18,12,090,30,20,48,270,41,24,08,180,28,30,29,330,37*74
$GPGSV,3,3,12,02,41,150,33,12,17,060,31,25,72,015,45,29,45,240,39*79
$GPRMC,160918.00,A,3329.9543,N,11558.7750,W,7.13,82.7,080726,,,A*45
$GPGGA,160919.00,3329.9545,N,11558.7727,W,1,12,0.80,305.3,M,-33.0,M,,*60
$GPGSA,A,3,05,07,13,15,18,20,24,30,02,12,25,29,1.5,0.8,1.2*3A
$GPGSV,3,1,12,05,55,120,44,07,34,210,38,13,21,300,35,15,60,045,44*71
$GPGSV,3,2,12,18,12,090,30,20,48,270,41,24,08,180,28,30,29,330,37*74
$GPGSV,3,3,12,02,41,150,33,12,17,060,31,25,72,015,45,29,45,240,39*79
$GPRMC,160919.00,A,3329.9545,N,11558.7727,W,7.13,82.7,080726,,,A*42
$GPGGA,160920.00,3329.9548,N,11558.7703,W,1,12,0.80,305.3,M,-33.0,M,,*61
$GPGSA,A,3,05,07,13,15,18,20,24,30,02,12,25,29,1.5,0.8,1.2*3A
$GPGSV,3,1,12,05,55,120,44,07,34,210,38,13,21,300,35,15,60,045,44*71
$GPGSV,3,2,12,18,12,090,30,20,48,270,41,24,08,180,28,30,29,330,37*74
$GPGSV,3,3,12,02,41,150,33,12,17,060,31,25,72,015,45,29,45,240,39*79
$GPRMC,160920.00,A,3329.9548,N,11558.7703,W,7.13,82.6,080726,,,A*42
$GPGGA,160921.00,3329.9551,N,11558.7680,W,1,12,0.80,305.3,M,-33.0,M,,*62
$GPGSA,A,3,05,07,13,15,18,20,24,30,02,12,25,29,1.5,0.8,1.2*3A
$GPGSV,3,1,12,05,55,120,44,07,34,210,38,13,21,300,35,15,60,045,44*71
$GPGSV,3,2,12,18,12,090,30,20,48,270,41,24,08,180,28,30,29,330,37*74
$GPGSV,3,3,12,02,41,150,33,12,17,060,31,25,72,015,45,29,45,240,39*79
$GPRMC,160921.00,A,3329.9551,N,11558.7680,W,7.13,82.6,080726,,,A*41
$GPGGA,160922.00,3329.9553,N,11558.7656,W,1,12,0.80,305.3,M,-33.0,M,,*68
$GPGSA,A,3,05,07,13,15,18,20,24,30,02,12,25,29,1.5,0.8,1.2*3A
$GPGSV,3,1,12,05,55,120,44,07,34,210,38,13,21,300,35,15,60,045,44*71
$GPGSV,3,2,12,18,12,090,30,20,48,270,41,24,08,180,28,30,29,330,37*74
$GPGSV,3,3,12,02,41,150,33,12,17,060,31,25,72,015,45,29,45,240,39*79
$GPRMC,160922.00,A,3329.9553,N,11558.7656,W,7.13,82.6,080726,,,A*4B
$GPGGA,160923.00,3329.9556,N,11558.7633,W,1,12,0.80,305.3,M,-33.0,M,,*6F
$GPGSA,A,3,05,07,13,15,18,20,24,30,02,12,25,29,1.5,0.8,1.2*3A
$GPGSV,3,1,12,05,55,120,44,07,34,210,38,13,21,300,35,15,60,045,44*71
$GPGSV,3,2,12,18,12,090,30,20,48,270,41,24,08,180,28,30,29,330,37*74
$GPGSV,3,3,12,02,41,150,33,12,17,060,31,25,72,015,45,29,45,240,39*79
$GPRMC,160923.00,A,3329.9556,N,11558.7633,W,7.12,82.6,080726,,,A*4D
$GPGGA,160924.00,3329.9558,N,11558.7609,W,1,12,0.80,305.3,M,-33.0,M,,*6F
$GPGSA,A,3,05,07,13,15,18,20,24,30,02,12,25,29,1.5,0.8,1.2*3A
$GPGSV,3,1,12,05,55,120,44,07,34,210,38,13,21,300,35,15,60,045,44*71
$GPGSV,3,2,12,18,12,090,30,20,48,270,41,24,08,180,28,30,29,330,37*74
$GPGSV,3,3,12,02,41,150,33,12,17,060,31,25,72,015,45,29,45,240,39*79
$GPRMC,160924.00,A,3329.9558,N,11558.7609,W,7.12,82.6,080726,,,A*4D
$GPGGA,160925.00,3329.9561,N,11558.7586,W,1,12,0.80,305.3,M,-33.0,M,,*60
$GPGSA,A,3,05,07,13,15,18,20,24,30,02,12,25,29,1.5,0.8,1.2*3A
$GPGSV,3,1,12,05,55,120,44,07,34,210,38,13,21,300,35,15,60,045,44*71
$GPGSV,3,2,12,18,12,090,30,20,48,270,41,24,08,180,28,30,29,330,37*74
$GPGSV,3,3,12,02,41,150,33,12,17,060,31,25,72,015,45,29,45,240,39*79
$GPRMC,160925.00,A,3329.9561,N,11558.7586,W,7.12,82.5,080726,,,A*41
$GPGGA,160926.00,3329.9563,N,11558.7562,W,1,12,0.80,305.3,M,-33.0,M,,*6B
$GPGSA,A,3,05,07,13,15,18,20,24,30,02,12,25,29,1.5,0.8,1.2*3A
$GPGSV,3,1,12,05,55,120,44,07,34,210,38,13,21,300,35,15,60,045,44*71
$GPGSV,3,2,12,18,12,090,30,20,48,270,41,24,08,180,28,30,29,330,37*74
$GPGSV,3,3,12,02,41,150,33,12,17,060,31,25,72,015,45,29,45,240,39*79
$GPRMC,160926.00,A,3329.9563,N,11558.7562,W,7.12,82.5,080726,,,A*4A
$GPGGA,160927.00,3329.9566,N,11558.7539,W,1,12,0.80,305.3,M,-33.0,M,,*61
$GPGSA,A,3,05,07,13,15,18,20,24,30,02,12,25,29,1.5,0.8,1.2*3A
$GPGSV,3,1,12,05,55,120,44,07,34,210,38,13,21,300,35,15,60,045,44*71
$GPGSV,3,2,12,18,12,090,30,20,48,270,41,24,08,180,28,30,29,330,37*74
$GPGSV,3,3,12,02,41,150,33,12,17,060,31,25,72,015,45,29,45,240,39*79
$GPRMC,160927.00,A,3329.9566,N,11558.7539,W,7.12,82.5,080726,,,A*40
$GPGGA,160928.00,3329.9568,N,11558.7515,W,1,12,0.80,305.3,M,-33.0,M,,*6E
$GPGSA,A,3,05,07,13,15,18,20,24,30,02,12,25,29,1.5,0.8,1.2*3A
$GPGSV,3,1,12,05,55,120,44,07,34,210,38,13,21,300,35,15,60,045,44*71
$GPGSV,3,2,12,18,12,090,30,20,48,270,41,24,08,180,28,30,29,330,37*74
$GPGSV,3,3,12,02,41,150,33,12,17,060,31,25,72,015,45,29,45,240,39*79
$GPRMC,160928.00,A,3329.9568,N,11558.7515,W,7.11,82.5,080726,,,A*4C
$GPGGA,160929.00,3329.9571,N,11558.7492,W,1,12,0.80,305.3,M,-33.0,M,,*69
$GPGSA,A,3,05,07,13,15,18,20,24,30,02,12,25,29,1.5,0.8,1.2*3A
$GPGSV,3,1,12,05,55,120,44,07,34,210,38,13,21,300,35,15,60,045,44*71
$GPGSV,3,2,12,18,12,090,30,20,48,270,41,24,08,180,28,30,29,330,37*74
$GPGSV,3,3,12,02,41,150,33,12,17,060,31,25,72,015,45,29,45,240,39*79
$GPRMC,160929.00,A,3329.9571,N,11558.7492,W,7.11,82.4,080726,,,A*4A
$GPGGA,160930.00,3329.9574,N,11558.7468,W,1,12,0.80,305.3,M,-33.0,M,,*61
$GPGSA,A,3,05,07,13,15,18,20,24,30,02,12,25,29,1.5,0.8,1.2*3A
$GPGSV,3,1,12,05,55,120,44,07,34,210,38,13,21,300,35,15,60,045,44*71
$GPGSV,3,2,12,18,12,090,30,20,48,270,41,24,08,180,28,30,29,330,37*74
$GPGSV,3,3,12,02,41,150,33,12,17,060,31,25,72,015,45,29,45,240,39*79
$GPRMC,160930.00,A,3329.9574,N,11558.7468,W,7.11,82.4,080726,,,A*42
$GPGGA,160931.00,3329.9576,N,11558.7445,W,1,12,0.80,305.3,M,-33.0,M,,*6D
$GPGSA,A,3,05,07,13,15,18,20,24,30,02,12,25,29,1.5,0.8,1.2*3A
$GPGSV,3,1,12,05,55,120,44,07,34,210,38,13,21,300,35,15,60,045,44*71
$GPGSV,3,2,12,18,12,090,30,20,48,270,41,24,08,180,28,30,29,330,37*74
$GPGSV,3,3,12,02,41,150,33,12,17,060,31,25,72,015,45,29,45,240,39*79
$GPRMC,160931.00,A,3329.9576,N,11558.7445,W,7.11,82.4,080726,,,A*4E
$GPGGA,160932.00,3329.9579,N,11558.7422,W,1,12,0.80,305.3,M,-33.0,M,,*60
$GPGSA,A,3,05,07,13,15,18,20,24,30,02,12,25,29,1.5,0.8,1.2*3A
$GPGSV,3,1,12,05,55,120,44,07,34,210,38,13,21,300,35,15,60,045,44*71
$GPGSV,3,2,12,18,12,090,30,20,48,270,41,24,08,180,28,30,29,330,37*74
$GPGSV,3,3,12,02,41,150,33,12,17,060,31,25,72,015,45,29,45,240,39*79
$GPRMC,160932.00,A,3329.9579,N,11558.7422,W,7.10,82.4,080726,,,A*42
$GPGGA,160933.00,3329.9581,N,11558.7398,W,1,12,0.80,305.3,M,-33.0,M,,*60
$GPGSA,A,3,05,07,13,15,18,20,24,30,02,12,25,29,1.5,0.8,1.2*3A
$GPGSV,3,1,12,05,55,120,44,07,34,210,38,13,21,300,35,15,60,045,44*71
$GPGSV,3,2,12,18,12,090,30,20,48,270,41,24,08,180,28,30,29,330,37*74
$GPGSV,3,3,12,02,41,150,33,12,17,060,31,25,72,015,45,29,45,240,39*79
$GPRMC,160933.00,A,3329.9581,N,11558.7398,W,7.10,82.4,080726,,,A*42
$GPGGA,160934.00,3329.9584,N,11558.7375,W,1,12,0.80,305.3,M,-33.0,M,,*61
$GPGSA,A,3,05,07,13,15,18,20,24,30,02,12,25,29,1.5,0.8,1.2*3A
$GPGSV,3,1,12,05,55,120,44,07,34,210,38,13,21,300,35,15,60,045,44*71
$GPGSV,3,2,12,18,12,090,30,20,48,270,41,24,08,180,28,30,29,330,37*74
$GPGSV,3,3,12,02,41,150,33,12,17,060,31,25,72,015,45,29,45,240,39*79
$GPRMC,160934.00,A,3329.9584,N,11558.7375,W,7.10,82.4,080726,,,A*43
$GPGGA,160935.00,3329.9587,N,11558.7351,W,1,12,0.80,305.3,M,-33.0,M,,*65
$GPGSA,A,3,05,07,13,15,18,20,24,30,02,12,25,29,1.5,0.8,1.2*3A
$GPGSV,3,1,12,05,55,120,44,07,34,210,38,13,21,300,35,15,60,045,44*71
$GPGSV,3,2,12,18,12,090,30,20,48,270,41,24,08,180,28,30,29,330,37*74
$GPGSV,3,3,12,02,41,150,33,12,17,060,31,25,72,015,45,29,45,240,39*79
$GPRMC,160935.00,A,3329.9587,N,11558.7351,W,7.10,82.3,080726,,,A*40
$GPGGA,160936.00,3329.9589,N,11558.7328,W,1,12,0.80,305.3,M,-33.0,M,,*66
$GPGSA,A,3,05,07,13,15,18,20,24,30,02,12,25,29,1.5,0.8,1.2*3A
$GPGSV,3,1,12,05,55,120,44,07,34,210,38,13,21,300,35,15,60,045,44*71
$GPGSV,3,2,12,18,12,090,30,20,48,270,41,24,08,180,28,30,29,330,37*74
$GPGSV,3,3,12,02,41,150,33,12,17,060,31,25,72,015,45,29,45,240,39*79
$GPRMC,160936.00,A,3329.9589,N,11558.7328,W,7.09,82.3,080726,,,A*4B
$GPGGA,160937.00,3329.9592,N,11558.7305,W,1,12,0.80,305.3,M,-33.0,M,,*62
$GPGSA,A,3,05,07,13,15,18,20,24,30,02,12,25,29,1.5,0.8,1.2*3A
$GPGSV,3,1,12,05,55,120,44,07,34,210,38,13,21,300,35,15,60,045,44*71
$GPGSV,3,2,12,18,12,090,30,20,48,270,41,24,08,180,28,30,29,330,37*74
$GPGSV,3,3,12,02,41,150,33,12,17,060,31,25,72,015,45,29,45,240,39*79
$GPRMC,160937.00,A,3329.9592,N,11558.7305,W,7.09,82.3,080726,,,A*4F
$GPGGA,160938.00,3329.9595,N,11558.7281,W,1,12,0.80,305.3,M,-33.0,M,,*67
$GPGSA,A,3,05,07,13,15,18,20,24,30,02,12,25,29,1.5,0.8,1.2*3A
$GPGSV,3,1,12,05,55,120,44,07,34,210,38,13,21,300,35,15,60,045,44*71
$GPGSV,3,2,12,18,12,090,30,20,48,270,41,24,08,180,28,30,29,330,37*74
$GPGSV,3,3,12,02,41,150,33,12,17,060,31,25,72,015,45,29,45,240,39*79
$GPRMC,160938.00,A,3329.9595,N,11558.7281,W,7.09,82.3,080726,,,A*4A
$GPGGA,160939.00,3329.9597,N,11558.7258,W,1,12,0.80,305.3,M,-33.0,M,,*60
$GPGSA,A,3,05,07,13,15,18,20,24,30,02,12,25,29,1.5,0.8,1.2*3A
$GPGSV,3,1,12,05,55,120,44,07,34,210,38,13,21,300,35,15,60,045,44*71
$GPGSV,3,2,12,18,12,090,30,20,48,270,41,24,08,180,28,30,29,330,37*74
$GPGSV,3,3,12,02,41,150,33,12,17,060,31,25,72,015,45,29,45,240,39*79
$GPRMC,160939.00,A,3329.9597,N,11558.7258,W,7.08,82.3,080726,,,A*4C
$GPGGA,160940.00,3329.9600,N,11558.7234,W,1,12,0.80,305.3,M,-33.0,M,,*69
$GPGSA,A,3,05,07,13,15,18,20,24,30,02,12,25,29,1.5,0.8,1.2*3A
$GPGSV,3,1,12,05,55,120,44,07,34,210,38,13,21,300,35,15,60,045,44*71
$GPGSV,3,2,12,18,12,090,30,20,48,270,41,24,08,180,28,30,29,330,37*74
$GPGSV,3,3,12,02,41,150,33,12,17,060,31,25,72,015,45,29,45,240,39*79
$GPRMC,160940.00,A,3329.9600,N,11558.7234,W,7.08,82.3,080726,,,A*45
$GPGGA,160941.00,3329.9602,N,11558.7211,W,1,12,0.80,305.3,M,-33.0,M,,*6D
$GPGSA,A,3,05,07,13,15,18,20,24,30,02,12,25,29,1.5,0.8,1.2*3A
$GPGSV,3,1,12,05,55,120,44,07,34,210,38,13,21,300,35,15,60,045,44*71
$GPGSV,3,2,12,18,12,090,30,20,48,270,41,24,08,180,28,30,29,330,37*74
$GPGSV,3,3,12,02,41,150,33,12,17,060,31,25,72,015,45,29,45,240,39*79
$GPRMC,160941.00,A,3329.9602,N,11558.7211,W,7.08,82.2,080726,,,A*40
$GPGGA,160942.00,3329.9605,N,11558.7188,W,1,12,0.80,305.3,M,-33.0,M,,*6A
$GPGSA,A,3,05,07,13,15,18,20,24,30,02,12,25,29,1.5,0.8,1.2*3A
$GPGSV,3,1,12,05,55,120,44,07,34,210,38,13,21,300,35,15,60,045,44*71
$GPGSV,3,2,12,18,12,090,30,20,48,270,41,24,08,180,28,30,29,330,37*74
$GPGSV,3,3,12,02,41,150,33,12,17,060,31,25,72,015,45,29,45,240,39*79
$GPRMC,160942.00,A,3329.9605,N,11558.7188,W,7.07,82.2,080726,,,A*48
$GPGGA,160943.00,3329.9608,N,11558.7165,W,1,12,0.80,305.3,M,-33.0,M,,*65
$GPGSA,A,3,05,07,13,15,18,20,24,30,02,12,25,29,1.5,0.8,1.2*3A
$GPGSV,3,1,12,05,55,120,44,07,34,210,38,13,21,300,35,15,60,045,44*71
$GPGSV,3,2,12,18,12,090,30,20,48,270,41,24,08,180,28,30,29,330,37*74
$GPGSV,3,3,12,02,41,150,33,12,17,060,31,25,72,015,45,29,45,240,39*79
$GPRMC,160943.00,A,3329.9608,N,11558.7165,W,7.07,82.2,080726,,,A*47
$GPGGA,160944.00,3329.9610,N,11558.7141,W,1,12,0.80,305.3,M,-33.0,M,,*6D
$GPGSA,A,3,05,07,13,15,18,20,24,30,02,12,25,29,1.5,0.8,1.2*3A
$GPGSV,3,1,12,05,55,120,44,07,34,210,38,13,21,300,35,15,60,045,44*71
$GPGSV,3,2,12,18,12,090,30,20,48,270,41,24,08,180,28,30,29,330,37*74
$GPGSV,3,3,12,02,41,150,33,12,17,060,31,25,72,015,45,29,45,240,39*79
$GPRMC,160944.00,A,3329.9610,N,11558.7141,W,7.07,82.2,080726,,,A*4F
$GPGGA,160945.00,3329.9613,N,11558.7118,W,1,11,0.80,305.3,M,-33.0,M,,*60
$GPGSA,A,3,05,07,13,15,18,20,24,30,02,12,25,,1.5,0.8,1.2*31
$GPGSV,3,1,11,05,55,120,44,07,34,210,38,13,21,300,35,15,60,045,44*72
$GPGSV,3,2,11,18,12,090,30,20,48,270,41,24,08,180,28,30,29,330,37*77
$GPGSV,3,3,11,02,41,150,33,12,17,060,31,25,72,015,45*4C
$GPRMC,160945.00,A,3329.9613,N,11558.7118,W,7.06,82.2,080726,,,A*40
$GPGGA,160946.00,3329.9616,N,11558.7095,W,1,11,0.80,305.3,M,-33.0,M,,*62
$GPGSA,A,3,05,07,13,15,18,20,24,30,02,12,25,,1.5,0.8,1.2*31
$GPGSV,3,1,11,05,55,120,44,07,34,210,38,13,21,300,35,15,60,045,44*72
$GPGSV,3,2,11,18,12,090,30,20,48,270,41,24,08,180,28,30,29,330,37*77
$GPGSV,3,3,11,02,41,150,33,12,17,060,31,25,72,015,45*4C
$GPRMC,160946.00,A,3329.9616,N,11558.7095,W,7.06,82.2,080726,,,A*42
$GPGGA,160947.00,3329.9618,N,11558.7071,W,1,11,0.80,305.3,M,-33.0,M,,*67
$GPGSA,A,3,05,07,13,15,18,20,24,30,02,12,25,,1.5,0.8,1.2*31
$GPGSV,3,1,11,05,55,120,44,07,34,210,38,13,21,300,35,15,60,045,44*72
$GPGSV,3,2,11,18,12,090,30,20,48,270,41,24,08,180,28,30,29,330,37*77
$GPGSV,3,3,11,02,41,150,33,12,17,060,31,25,72,015,45*4C
$GPRMC,160947.00,A,3329.9618,N,11558.7071,W,7.05,82.2,080726,,,A*44
$GPGGA,160948.00,3329.9621,N,11558.7048,W,1,11,0.80,305.3,M,-33.0,M,,*68
$GPGSA,A,3,05,07,13,15,18,20,24,30,02,12,25,,1.5,0.8,1.2*31
$GPGSV,3,1,11,05,55,120,44,07,34,210,38,13,21,300,35,15,60,045,44*72
$GPGSV,3,2,11,18,12,090,30,20,48,270,41,24,08,180,28,30,29,330,37*77
$GPGSV,3,3,11,02,41,150,33,12,17,060,31,25,72,015,45*4C
$GPRMC,160948.00,A,3329.9621,N,11558.7048,W,7.05,82.1,080726,,,A*48
$GPGGA,160949.00,3329.9624,N,11558.7025,W,1,11,0.80,305.2,M,-33.0,M,,*66
$GPGSA,A,3,05,07,13,15,18,20,24,30,02,12,25,,1.5,0.8,1.2*31
$GPGSV,3,1,11,05,55,120,44,07,34,210,38,13,21,300,35,15,60,045,44*72
$GPGSV,3,2,11,18,12,090,30,20,48,270,41,24,08,180,28,30,29,330,37*77
$GPGSV,3,3,11,02,41,150,33,12,17,060,31,25,72,015,45*4C
$GPRMC,160949.00,A,3329.9624,N,11558.7025,W,7.04,82.1,080726,,,A*46
$GPGGA,160950.00,3329.9626,N,11558.7002,W,1,11,0.80,305.2,M,-33.0,M,,*69
$GPGSA,A,3,05,07,13,15,18,20,24,30,02,12,25,,1.5,0.8,1.2*31
$GPGSV,3,1,11,05,55,120,44,07,34,210,38,13,21,300,35,15,60,045,44*72
$GPGSV,3,2,11,18,12,090,30,20,48,270,41,24,08,180,28,30,29,330,37*77
$GPGSV,3,3,11,02,41,150,33,12,17,060,31,25,72,015,45*4C
$GPRMC,160950.00,A,3329.9626,N,11558.7002,W,7.04,82.1,080726,,,A*49
$GPGGA,160951.00,3329.9629,N,11558.6979,W,1,11,0.80,305.2,M,-33.0,M,,*63
$GPGSA,A,3,05,07,13,15,18,20,24,30,02,12,25,,1.5,0.8,1.2*31
$GPGSV,3,1,11,05,55,120,44,07,34,210,38,13,21,300,35,15,60,045,44*72
$GPGSV,3,2,11,18,12,090,30,20,48,270,41,24,08,180,28,30,29,330,37*77
$GPGSV,3,3,11,02,41,150,33,12,17,060,31,25,72,015,45*4C
$GPRMC,160951.00,A,3329.9629,N,11558.6979,W,7.04,82.1,080726,,,A*43
$GPGGA,160952.00,3329.9632,N,11558.6955,W,1,11,0.80,305.2,M,-33.0,M,,*64
$GPGSA,A,3,05,07,13,15,18,20,24,30,02,12,25,,1.5,0.8,1.2*31
$GPGSV,3,1,11,05,55,120,44,07,34,210,38,13,21,300,35,15,60,045,44*72
$GPGSV,3,2,11,18,12,090,30,20,48,270,41,24,08,180,28,30,29,330,37*77
$GPGSV,3,3,11,02,41,150,33,12,17,060,31,25,72,015,45*4C
$GPRMC,160952.00,A,3329.9632,N,11558.6955,W,7.03,82.1,080726,,,A*43
$GPGGA,160953.00,3329.9634,N,11558.6932,W,1,11,0.80,305.2,M,-33.0,M,,*62
$GPGSA,A,3,05,07,13,15,18,20,24,30,02,12,25,,1.5,0.8,1.2*31
$GPGSV,3,1,11,05,55,120,44,07,34,210,38,13,21,300,35,15,60,045,44*72
$GPGSV,3,2,11,18,12,090,30,20,48,270,41,24,08,180,28,30,29,330,37*77
$GPGSV,3,3,11,02,41,150,33,12,17,060,31,25,72,015,45*4C
$GPRMC,160953.00,A,3329.9634,N,11558.6932,W,7.03,82.1,080726,,,A*45
$GPGGA,160954.00,3329.9637,N,11558.6909,W,1,11,0.80,305.2,M,-33.0,M,,*6E
$GPGSA,A,3,05,07,13,15,18,20,24,30,02,12,25,,1.5,0.8,1.2*31
$GPGSV,3,1,11,05,55,120,44,07,34,210,38,13,21,300,35,15,60,045,44*72
$GPGSV,3,2,11,18,12,090,30,20,48,270,41,24,08,180,28,30,29,330,37*77
$GPGSV,3,3,11,02,41,150,33,12,17,060,31,25,72,015,45*4C
$GPRMC,160954.00,A,3329.9637,N,11558.6909,W,7.02,82.1,080726,,,A*48
$GPGGA,160955.00,3329.9640,N,11558.6886,W,1,11,0.80,305.2,M,-33.0,M,,*69
$GPGSA,A,3,05,07,13,15,18,20,24,30,02,12,25,,1.5,0.8,1.2*31
$GPGSV,3,1,11,05,55,120,44,07,34,210,38,13,21,300,35,15,60,045,44*72
$GPGSV,3,2,11,18,12,090,30,20,48,270,41,24,08,180,28,30,29,330,37*77
$GPGSV,3,3,11,02,41,150,33,12,17,060,31,25,72,015,45*4C
$GPRMC,160955.00,A,3329.9640,N,11558.6886,W,7.02,82.1,080726,,,A*4F
$GPGGA,160956.00,3329.9643,N,11558.6863,W,1,11,0.80,305.2,M,-33.0,M,,*62
$GPGSA,A,3,05,07,13,15,18,20,24,30,02,12,25,,1.5,0.8,1.2*31
$GPGSV,3,1,11,05,55,120,44,07,34,210,38,13,21,300,35,15,60,045,44*72
$GPGSV,3,2,11,18,12,090,30,20,48,270,41,24,08,180,28,30,29,330,37*77
$GPGSV,3,3,11,02,41,150,33,12,17,060,31,25,72,015,45*4C
$GPRMC,160956.00,A,3329.9643,N,11558.6863,W,7.01,82.1,080726,,,A*47
$GPGGA,160957.00,3329.9645,N,11558.6840,W,1,11,0.80,305.2,M,-33.0,M,,*64
$GPGSA,A,3,05,07,13,15,18,20,24,30,02,12,25,,1.5,0.8,1.2*31
$GPGSV,3,1,11,05,55,120,44,07,34,210,38,13,21,300,35,15,60,045,44*72
$GPGSV,3,2,11,18,12,090,30,20,48,270,41,24,08,180,28,30,29,330,37*77
$GPGSV,3,3,11,02,41,150,33,12,17,060,31,25,72,015,45*4C
$GPRMC,160957.00,A,3329.9645,N,11558.6840,W,7.01,82.1,080726,,,A*41
$GPGGA,160958.00,3329.9648,N,11558.6817,W,1,11,0.80,305.2,M,-33.0,M,,*64
$GPGSA,A,3,05,07,13,15,18,20,24,30,02,12,25,,1.5,0.8,1.2*31
$GPGSV,3,1,11,05,55,120,44,07,34,210,38,13,21,300,35,15,60,045,44*72
$GPGSV,3,2,11,18,12,090,30,20,48,270,41,24,08,180,28,30,29,330,37*77
$GPGSV,3,3,11,02,41,150,33,12,17,060,31,25,72,015,45*4C
$GPRMC,160958.00,A,3329.9648,N,11558.6817,W,7.00,82.1,080726,,,A*40
$GPGGA,160959.00,3329.9651,N,11558.6794,W,1,11,0.80,305.2,M,-33.0,M,,*69
$GPGSA,A,3,05,07,13,15,18,20,24,30,02,12,25,,1.5,0.8,1.2*31
$GPGSV,3,1,11,05,55,120,44,07,34,210,38,13,21,300,35,15,60,045,44*72
$GPGSV,3,2,11,18,12,090,30,20,48,270,41,24,08,180,28,30,29,330,37*77
$GPGSV,3,3,11,02,41,150,33,12,17,060,31,25,72,015,45*4C
$GPRMC,160959.00,A,3329.9651,N,11558.6794,W,7.00,82.0,080726,,,A*4C
