$GPGSV,3,1,11,05,55,120,44,07,34,210,38,13,21,300,35,15,60,045,44*72
$GPGSV,3,2,11,18,12,090,30,20,48,270,41,24,08,180,28,30,29,330,37*77
$GPGSV,3,3,11,02,41,150,33,12,17,060,31,25,72,015,45*4C
$GPGGA,073000.00,4000.9000,N,10516.2283,W,1,11,0.94,1600.0,M,-21.3,M,,*58
$GPRMC,073000.00,A,4000.9000,N,10516.2283,W,4.67,90.0,080726,,,A*4A
$GPGGA,073001.00,4000.9000,N,10516.2266,W,1,11,0.94,1600.0,M,-21.3,M,,*52
$GPRMC,073001.00,A,4000.9000,N,10516.2266,W,4.67,90.0,080726,,,A*40
$GPGGA,073002.00,4000.9000,N,10516.2249,W,1,11,0.94,1600.0,M,-21.3,M,,*5C
$GPRMC,073002.00,A,4000.9000,N,10516.2249,W,4.67,90.0,080726,,,A*4E
$GPGGA,073003.00,4000.9000,N,10516.2232,W,1,11,0.94,1600.0,M,-21.3,M,,*51
$GPRMC,073003.00,A,4000.9000,N,10516.2232,W,4.67,90.0,080726,,,A*43
$GPGGA,073004.00,4000.9000,N,10516.2216,W,1,11,0.94,1600.0,M,-21.3,M,,*50
$GPRMC,073004.00,A,4000.9000,N,10516.2216,W,4.67,90.0,080726,,,A*42
$GPGGA,073005.00,4000.9000,N,10516.2199,W,1,11,0.94,1600.0,M,-21.3,M,,*55
$GPRMC,073005.00,A,4000.9000,N,10516.2199,W,4.67,90.0,080726,,,A*47
$GPGGA,073006.00,4000.9000,N,10516.2182,W,1,11,0.94,1600.0,M,-21.3,M,,*5C
$GPRMC,073006.00,A,4000.9000,N,10516.2182,W,4.67,90.0,080726,,,A*4E
$GPGGA,073007.00,4000.9000,N,10516.2165,W,1,11,0.94,1600.0,M,-21.3,M,,*54
$GPRMC,073007.00,A,4000.9000,N,10516.2165,W,4.67,90.0,080726,,,A*46
$GPGGA,073008.00,4000.9000,N,10516.2152,W,1,11,0.94,1600.5,M,-21.3,M,,*5A
$GPRMC,073008.00,A,4000.9000,N,10516.2152,W,3.69,90.0,080726,,,A*44
$GPGGA,073009.00,4000.9000,N,10516.2138,W,1,11,0.94,1601.0,M,-21.3,M,,*53
$GPRMC,073009.00,A,4000.9000,N,10516.2138,W,3.69,90.0,080726,,,A*49
$GPGGA,073010.00,4000.9000,N,10516.2125,W,1,11,0.94,1601.5,M,-21.3,M,,*52
$GPRMC,073010.00,A,4000.9000,N,10516.2125,W,3.69,90.0,080726,,,A*4D
$GPGGA,073011.00,4000.9000,N,10516.2111,W,1,11,0.94,1602.0,M,-21.3,M,,*52
$GPRMC,073011.00,A,4000.9000,N,10516.2111,W,3.69,90.0,080726,,,A*4B
$GPGGA,073012.00,4000.9000,N,10516.2098,W,1,11,0.94,1602.5,M,-21.3,M,,*54
$GPRMC,073012.00,A,4000.9000,N,10516.2098,W,3.69,90.0,080726,,,A*48
$GPGGA,073013.00,4000.9000,N,10516.2085,W,1,11,0.94,1603.0,M,-21.3,M,,*5D
$GPRMC,073013.00,A,4000.9000,N,10516.2085,W,3.69,90.0,080726,,,A*45
$GPGGA,073014.00,4000.9000,N,10516.2071,W,1,11,0.94,1603.5,M,-21.3,M,,*54
$GPRMC,073014.00,A,4000.9000,N,10516.2071,W,3.69,90.0,080726,,,A*49
$GPGGA,073015.00,4000.9000,N,10516.2058,W,1,11,0.94,1604.0,M,-21.3,M,,*5C
$GPRMC,073015.00,A,4000.9000,N,10516.2058,W,3.69,90.0,080726,,,A*43
$GPGGA,073016.00,4000.9000,N,10516.2045,W,1,11,0.94,1604.4,M,-21.3,M,,*57
$GPRMC,073016.00,A,4000.9000,N,10516.2045,W,3.69,90.0,080726,,,A*4C
$GPGGA,073017.00,4000.9000,N,10516.2031,W,1,11,0.94,1604.9,M,-21.3,M,,*58
$GPRMC,073017.00,A,4000.9000,N,10516.2031,W,3.69,90.0,080726,,,A*4E
$GPGGA,073018.00,4000.9000,N,10516.2018,W,1,11,0.94,1605.4,M,-21.3,M,,*50
$GPRMC,073018.00,A,4000.9000,N,10516.2018,W,3.69,90.0,080726,,,A*4A
$GPGGA,073019.00,4000.9000,N,10516.2004,W,1,11,0.94,1605.9,M,-21.3,M,,*51
$GPRMC,073019.00,A,4000.9000,N,10516.2004,W,3.69,90.0,080726,,,A*46
$GPGGA,073020.00,4000.9000,N,10516.1991,W,1,11,0.94,1606.4,M,-21.3,M,,*53
$GPRMC,073020.00,A,4000.9000,N,10516.1991,W,3.69,90.0,080726,,,A*4A
$GPGGA,073021.00,4000.9000,N,10516.1978,W,1,11,0.94,1606.9,M,-21.3,M,,*58
$GPRMC,073021.00,A,4000.9000,N,10516.1978,W,3.69,90.0,080726,,,A*4C
$GPGGA,073022.00,4000.9000,N,10516.1964,W,1,11,0.94,1607.4,M,-21.3,M,,*5A
$GPRMC,073022.00,A,4000.9000,N,10516.1964,W,3.69,90.0,080726,,,A*42
$GPGGA,073023.00,4000.9000,N,10516.1951,W,1,11,0.94,1607.9,M,-21.3,M,,*50
$GPRMC,073023.00,A,4000.9000,N,10516.1951,W,3.69,90.0,080726,,,A*45
$GPGGA,073024.00,4000.9000,N,10516.1938,W,1,11,0.94,1608.4,M,-21.3,M,,*5A
$GPRMC,073024.00,A,4000.9000,N,10516.1938,W,3.69,90.0,080726,,,A*4D
$GPGGA,073025.00,4000.9000,N,10516.1924,W,1,11,0.94,1608.9,M,-21.3,M,,*5B
$GPRMC,073025.00,A,4000.9000,N,10516.1924,W,3.69,90.0,080726,,,A*41
$GPGGA,073026.00,4000.9000,N,10516.1911,W,1,11,0.94,1609.4,M,-21.3,M,,*52
$GPRMC,073026.00,A,4000.9000,N,10516.1911,W,3.69,90.0,080726,,,A*44
$GPGGA,073027.00,4000.9000,N,10516.1897,W,1,11,0.94,1609.9,M,-21.3,M,,*51
$GPRMC,073027.00,A,4000.9000,N,10516.1897,W,3.69,90.0,080726,,,A*4A
$GPGGA,073028.00,4000.9000,N,10516.1884,W,1,11,0.94,1610.4,M,-21.3,M,,*59
$GPRMC,073028.00,A,4000.9000,N,10516.1884,W,3.69,90.0,080726,,,A*47
$GPGGA,073029.00,4000.9000,N,10516.1871,W,1,11,0.94,1610.9,M,-21.3,M,,*5F
$GPRMC,073029.00,A,4000.9000,N,10516.1871,W,3.69,90.0,080726,,,A*4C
$GPGSV,3,1,11,05,55,120,44,07,34,210,38,13,21,300,35,15,60,045,44*72
$GPGSV,3,2,11,18,12,090,30,20,48,270,41,24,08,180,28,30,29,330,37*77
$GPGSV,3,3,11,02,41,150,33,12,17,060,31,25,72,015,45*4C
$GPGGA,073030.00,4000.9000,N,10516.1857,W,1,11,0.94,1611.4,M,-21.3,M,,*5F
$GPRMC,073030.00,A,4000.9000,N,10516.1857,W,3.69,90.0,080726,,,A*40
$GPGGA,073031.00,4000.9000,N,10516.1844,W,1,11,0.94,1611.9,M,-21.3,M,,*51
$GPRMC,073031.00,A,4000.9000,N,10516.1844,W,3.69,90.0,080726,,,A*43
$GPGGA,073032.00,4000.9000,N,10516.1831,W,1,11,0.94,1612.3,M,-21.3,M,,*59
$GPRMC,073032.00,A,4000.9000,N,10516.1831,W,3.69,90.0,080726,,,A*42
$GPGGA,073033.00,4000.9000,N,10516.1817,W,1,11,0.94,1612.8,M,-21.3,M,,*57
$GPRMC,073033.00,A,4000.9000,N,10516.1817,W,3.69,90.0,080726,,,A*47
$GPGGA,073034.00,4000.9000,N,10516.1804,W,1,11,0.94,1613.3,M,-21.3,M,,*58
$GPRMC,073034.00,A,4000.9000,N,10516.1804,W,3.69,90.0,080726,,,A*42
$GPGGA,073035.00,4000.9000,N,10516.1790,W,1,11,0.94,1613.8,M,-21.3,M,,*50
$GPRMC,073035.00,A,4000.9000,N,10516.1790,W,3.69,90.0,080726,,,A*41
$GPGGA,073036.00,4000.9000,N,10516.1777,W,1,11,0.94,1614.3,M,-21.3,M,,*56
$GPRMC,073036.00,A,4000.9000,N,10516.1777,W,3.69,90.0,080726,,,A*4B
$GPGGA,073037.00,4000.9000,N,10516.1764,W,1,11,0.94,1614.8,M,-21.3,M,,*5E
$GPRMC,073037.00,A,4000.9000,N,10516.1764,W,3.69,90.0,080726,,,A*48
$GPGGA,073038.00,4000.9000,N,10516.1750,W,1,11,0.94,1615.3,M,-21.3,M,,*5C
$GPRMC,073038.00,A,4000.9000,N,10516.1750,W,3.69,90.0,080726,,,A*40
$GPGGA,073039.00,4000.9000,N,10516.1737,W,1,11,0.94,1615.8,M,-21.3,M,,*57
$GPRMC,073039.00,A,4000.9000,N,10516.1737,W,3.69,90.0,080726,,,A*40
$GPGGA,073040.00,4000.9000,N,10516.1724,W,1,11,0.94,1616.3,M,-21.3,M,,*53
$GPRMC,073040.00,A,4000.9000,N,10516.1724,W,3.69,90.0,080726,,,A*4C
$GPGGA,073041.00,4000.9000,N,10516.1710,W,1,11,0.94,1616.8,M,-21.3,M,,*5E
$GPRMC,073041.00,A,4000.9000,N,10516.1710,W,3.69,90.0,080726,,,A*4A
$GPGGA,073042.00,4000.9000,N,10516.1697,W,1,11,0.94,1617.3,M,-21.3,M,,*59
$GPRMC,073042.00,A,4000.9000,N,10516.1697,W,3.69,90.0,080726,,,A*47
$GPGGA,073043.00,4000.9000,N,10516.1684,W,1,11,0.94,1617.8,M,-21.3,M,,*51
$GPRMC,073043.00,A,4000.9000,N,10516.1684,W,3.69,90.0,080726,,,A*44
$GPGGA,073044.00,4000.9000,N,10516.1670,W,1,11,0.94,1618.3,M,-21.3,M,,*59
$GPRMC,073044.00,A,4000.9000,N,10516.1670,W,3.69,90.0,080726,,,A*48
$GPGGA,073045.00,4000.9000,N,10516.1657,W,1,11,0.94,1618.8,M,-21.3,M,,*56
$GPRMC,073045.00,A,4000.9000,N,10516.1657,W,3.69,90.0,080726,,,A*4C
$GPGGA,073046.00,4000.9000,N,10516.1643,W,1,11,0.94,1619.3,M,-21.3,M,,*5A
$GPRMC,073046.00,A,4000.9000,N,10516.1643,W,3.69,90.0,080726,,,A*4A
$GPGGA,073047.00,4000.9000,N,10516.1630,W,1,11,0.94,1619.8,M,-21.3,M,,*54
$GPRMC,073047.00,A,4000.9000,N,10516.1630,W,3.69,90.0,080726,,,A*4F
$GPGGA,073048.00,4000.9000,N,10516.1617,W,1,11,0.94,1620.3,M,-21.3,M,,*5F
$GPRMC,073048.00,A,4000.9000,N,10516.1617,W,3.69,90.0,080726,,,A*45
$GPGGA,073049.00,4000.9000,N,10516.1603,W,1,11,0.94,1620.7,M,-21.3,M,,*5F
$GPRMC,073049.00,A,4000.9000,N,10516.1603,W,3.69,90.0,080726,,,A*41
$GPGGA,073050.00,4000.9000,N,10516.1590,W,1,11,0.94,1621.2,M,-21.3,M,,*5A
$GPRMC,073050.00,A,4000.9000,N,10516.1590,W,3.69,90.0,080726,,,A*40
$GPGGA,073051.00,4000.9000,N,10516.1577,W,1,11,0.94,1621.7,M,-21.3,M,,*57
$GPRMC,073051.00,A,4000.9000,N,10516.1577,W,3.69,90.0,080726,,,A*48
$GPGGA,073052.00,4000.9000,N,10516.1563,W,1,11,0.94,1622.2,M,-21.3,M,,*57
$GPRMC,073052.00,A,4000.9000,N,10516.1563,W,3.69,90.0,080726,,,A*4E
$GPGGA,073053.00,4000.9000,N,10516.1550,W,1,11,0.94,1622.7,M,-21.3,M,,*53
$GPRMC,073053.00,A,4000.9000,N,10516.1550,W,3.69,90.0,080726,,,A*4F
$GPGGA,073054.00,4000.9000,N,10516.1536,W,1,11,0.94,1623.2,M,-21.3,M,,*50
$GPRMC,073054.00,A,4000.9000,N,10516.1536,W,3.69,90.0,080726,,,A*48
$GPGGA,073055.00,4000.9000,N,10516.1523,W,1,11,0.94,1623.7,M,-21.3,M,,*50
$GPRMC,073055.00,A,4000.9000,N,10516.1523,W,3.69,90.0,080726,,,A*4D
$GPGGA,073056.00,4000.9000,N,10516.1510,W,1,11,0.94,1624.2,M,-21.3,M,,*51
$GPRMC,073056.00,A,4000.9000,N,10516.1510,W,3.69,90.0,080726,,,A*4E
$GPGGA,073057.00,4000.9000,N,10516.1496,W,1,11,0.94,1624.7,M,-21.3,M,,*5A
$GPRMC,073057.00,A,4000.9000,N,10516.1496,W,3.69,90.0,080726,,,A*40
$GPGGA,073058.00,4000.9000,N,10516.1483,W,1,11,0.94,1625.2,M,-21.3,M,,*55
$GPRMC,073058.00,A,4000.9000,N,10516.1483,W,3.69,90.0,080726,,,A*4B
$GPGGA,073059.00,4000.9000,N,10516.1470,W,1,11,0.94,1625.7,M,-21.3,M,,*5D
$GPRMC,073059.00,A,4000.9000,N,10516.1470,W,3.69,90.0,080726,,,A*46
$GPGSV,3,1,11,05,55,120,44,07,34,210,38,13,21,300,35,15,60,045,44*72
$GPGSV,3,2,11,18,12,090,30,20,48,270,41,24,08,180,28,30,29,330,37*77
$GPGSV,3,3,11,02,41,150,33,12,17,060,31,25,72,015,45*4C
$GPGGA,073100.00,4000.9000,N,10516.1456,W,1,11,0.94,1626.2,M,-21.3,M,,*52
$GPRMC,073100.00,A,4000.9000,N,10516.1456,W,3.69,90.0,080726,,,A*4F
$GPGGA,073101.00,4000.9000,N,10516.1443,W,1,11,0.94,1626.7,M,-21.3,M,,*52
$GPRMC,073101.00,A,4000.9000,N,10516.1443,W,3.69,90.0,080726,,,A*4A
$GPGGA,073102.00,4000.9000,N,10516.1429,W,1,11,0.94,1627.2,M,-21.3,M,,*59
$GPRMC,073102.00,A,4000.9000,N,10516.1429,W,3.69,90.0,080726,,,A*45
$GPGGA,073103.00,4000.9000,N,10516.1416,W,1,10,1.08,1627.7,M,-21.3,M,,*54
$GPRMC,073103.00,A,4000.9000,N,10516.1416,W,3.69,90.0,080726,,,A*48
$GPGGA,073104.00,4000.9000,N,10516.1403,W,1,10,1.08,1628.2,M,-21.3,M,,*5D
$GPRMC,073104.00,A,4000.9000,N,10516.1403,W,3.69,90.0,080726,,,A*4B
$GPGGA,073105.00,4000.9000,N,10516.1389,W,1,10,1.08,1628.7,M,-21.3,M,,*5C
$GPRMC,073105.00,A,4000.9000,N,10516.1389,W,3.69,90.0,080726,,,A*4F
$GPGGA,073106.00,4000.9000,N,10516.1376,W,1,10,1.08,1629.1,M,-21.3,M,,*58
$GPRMC,073106.00,A,4000.9000,N,10516.1376,W,3.69,90.0,080726,,,A*4C
$GPGGA,073107.00,4000.9000,N,10516.1363,W,1,10,1.08,1629.6,M,-21.3,M,,*5A
$GPRMC,073107.00,A,4000.9000,N,10516.1363,W,3.69,90.0,080726,,,A*49
$GPGGA,073108.00,4000.9000,N,10516.1349,W,1,10,1.08,1630.1,M,-21.3,M,,*52
$GPRMC,073108.00,A,4000.9000,N,10516.1349,W,3.69,90.0,080726,,,A*4E
$GPGGA,073109.00,4000.9000,N,10516.1336,W,1,10,1.08,1630.6,M,-21.3,M,,*5C
$GPRMC,073109.00,A,4000.9000,N,10516.1336,W,3.69,90.0,080726,,,A*47
$GPGGA,073110.00,4000.9000,N,10516.1322,W,1,10,1.08,1631.1,M,-21.3,M,,*57
$GPRMC,073110.00,A,4000.9000,N,10516.1322,W,3.69,90.0,080726,,,A*4A
$GPGGA,073111.00,4000.9000,N,10516.1309,W,1,10,1.08,1631.6,M,-21.3,M,,*58
$GPRMC,073111.00,A,4000.9000,N,10516.1309,W,3.69,90.0,080726,,,A*42
$GPGGA,073112.00,4000.9000,N,10516.1296,W,1,10,1.08,1632.1,M,-21.3,M,,*58
$GPRMC,073112.00,A,4000.9000,N,10516.1296,W,3.69,90.0,080726,,,A*46
$GPGGA,073113.00,4000.9000,N,10516.1282,W,1,10,1.08,1632.6,M,-21.3,M,,*5B
$GPRMC,073113.00,A,4000.9000,N,10516.1282,W,3.69,90.0,080726,,,A*42
$GPGGA,073114.00,4000.9000,N,10516.1269,W,1,10,1.08,1633.1,M,-21.3,M,,*5F
$GPRMC,073114.00,A,4000.9000,N,10516.1269,W,3.69,90.0,080726,,,A*40
$GPGGA,073115.00,4000.9000,N,10516.1256,W,1,10,1.08,1633.6,M,-21.3,M,,*55
$GPRMC,073115.00,A,4000.9000,N,10516.1256,W,3.69,90.0,080726,,,A*4D
$GPGGA,073116.00,4000.9000,N,10516.1242,W,1,10,1.08,1634.1,M,-21.3,M,,*53
$GPRMC,073116.00,A,4000.9000,N,10516.1242,W,3.69,90.0,080726,,,A*4B
$GPGGA,073117.00,4000.9000,N,10516.1229,W,1,10,1.08,1634.6,M,-21.3,M,,*58
$GPRMC,073117.00,A,4000.9000,N,10516.1229,W,3.69,90.0,080726,,,A*47
$GPGGA,073118.00,4000.9000,N,10516.1216,W,1,10,1.08,1635.1,M,-21.3,M,,*5D
$GPRMC,073118.00,A,4000.9000,N,10516.1216,W,3.69,90.0,080726,,,A*44
$GPGGA,073119.00,4000.9000,N,10516.1202,W,1,10,1.08,1635.6,M,-21.3,M,,*5E
$GPRMC,073119.00,A,4000.9000,N,10516.1202,W,3.69,90.0,080726,,,A*40
$GPGGA,073120.00,4000.9000,N,10516.1189,W,1,10,1.08,1636.1,M,-21.3,M,,*50
$GPRMC,073120.00,A,4000.9000,N,10516.1189,W,3.69,90.0,080726,,,A*4A
$GPGGA,073121.00,4000.9000,N,10516.1175,W,1,10,1.08,1636.6,M,-21.3,M,,*55
$GPRMC,073121.00,A,4000.9000,N,10516.1175,W,3.69,90.0,080726,,,A*48
$GPGGA,073122.00,4000.9000,N,10516.1162,W,1,10,1.08,1637.0,M,-21.3,M,,*57
$GPRMC,073122.00,A,4000.9000,N,10516.1162,W,3.69,90.0,080726,,,A*4D
$GPGGA,073123.00,4000.9000,N,10516.1149,W,1,10,1.08,1637.5,M,-21.3,M,,*5A
$GPRMC,073123.00,A,4000.9000,N,10516.1149,W,3.69,90.0,080726,,,A*45
$GPGGA,073124.00,4000.9000,N,10516.1135,W,1,10,1.08,1638.0,M,-21.3,M,,*5C
$GPRMC,073124.00,A,4000.9000,N,10516.1135,W,3.69,90.0,080726,,,A*49
$GPGGA,073125.00,4000.9000,N,10516.1122,W,1,10,1.08,1638.5,M,-21.3,M,,*5E
$GPRMC,073125.00,A,4000.9000,N,10516.1122,W,3.69,90.0,080726,,,A*4E
$GPGGA,073126.00,4000.9000,N,10516.1109,W,1,10,1.08,1639.0,M,-21.3,M,,*50
$GPRMC,073126.00,A,4000.9000,N,10516.1109,W,3.69,90.0,080726,,,A*44
$GPGGA,073127.00,4000.9000,N,10516.1095,W,1,10,1.08,1639.5,M,-21.3,M,,*50
$GPRMC,073127.00,A,4000.9000,N,10516.1095,W,3.69,90.0,080726,,,A*41
$GPGGA,073128.00,4000.9000,N,10516.1082,W,1,10,1.08,1640.0,M,-21.3,M,,*52
$GPRMC,073128.00,A,4000.9000,N,10516.1082,W,3.69,90.0,080726,,,A*48
$GPGGA,073129.00,4000.9000,N,10516.1068,W,1,10,1.08,1640.5,M,-21.3,M,,*52
$GPRMC,073129.00,A,4000.9000,N,10516.1068,W,3.69,90.0,080726,,,A*4D
$GPGSV,3,1,10,05,55,120,44,07,34,210,38,13,21,300,35,15,60,045,44*73
$GPGSV,3,2,10,18,12,090,30,20,48,270,41,24,08,180,28,30,29,330,37*76
$GPGSV,3,3,10,02,41,150,33,12,17,060,31*7A
$GPGGA,073130.00,4000.9000,N,10516.1055,W,1,10,1.08,1641.0,M,-21.3,M,,*50
$GPRMC,073130.00,A,4000.9000,N,10516.1055,W,3.69,90.0,080726,,,A*4B
$GPGGA,073131.00,4000.9000,N,10516.1042,W,1,10,1.08,1641.5,M,-21.3,M,,*52
$GPRMC,073131.00,A,4000.9000,N,10516.1042,W,3.69,90.0,080726,,,A*4C
$GPGGA,073132.00,4000.9000,N,10516.1028,W,1,10,1.08,1642.0,M,-21.3,M,,*5B
$GPRMC,073132.00,A,4000.9000,N,10516.1028,W,3.69,90.0,080726,,,A*43
$GPGGA,073133.00,4000.9000,N,10516.1015,W,1,10,1.08,1642.5,M,-21.3,M,,*51
$GPRMC,073133.00,A,4000.9000,N,10516.1015,W,3.69,90.0,080726,,,A*4C
$GPGGA,073134.00,4000.9000,N,10516.1002,W,1,10,1.08,1643.0,M,-21.3,M,,*54
$GPRMC,073134.00,A,4000.9000,N,10516.1002,W,3.69,90.0,080726,,,A*4D
$GPGGA,073135.00,4000.9000,N,10516.0988,W,1,10,1.08,1643.5,M,-21.3,M,,*5A
$GPRMC,073135.00,A,4000.9000,N,10516.0988,W,3.69,90.0,080726,,,A*46
$GPGGA,073136.00,4000.9000,N,10516.0975,W,1,10,1.08,1644.0,M,-21.3,M,,*59
$GPRMC,073136.00,A,4000.9000,N,10516.0975,W,3.69,90.0,080726,,,A*47
$GPGGA,073137.00,4000.9000,N,10516.0961,W,1,10,1.08,1644.5,M,-21.3,M,,*58
$GPRMC,073137.00,A,4000.9000,N,10516.0961,W,3.69,90.0,080726,,,A*43
$GPGGA,073138.00,4000.9000,N,10516.0948,W,1,10,1.08,1645.0,M,-21.3,M,,*58
$GPRMC,073138.00,A,4000.9000,N,10516.0948,W,3.69,90.0,080726,,,A*47
$GPGGA,073139.00,4000.9000,N,10516.0935,W,1,10,1.08,1645.4,M,-21.3,M,,*57
$GPRMC,073139.00,A,4000.9000,N,10516.0935,W,3.69,90.0,080726,,,A*4C
$GPGGA,073140.00,4000.9000,N,10516.0921,W,1,10,1.08,1645.9,M,-21.3,M,,*51
$GPRMC,073140.00,A,4000.9000,N,10516.0921,W,3.69,90.0,080726,,,A*47
$GPGGA,073141.00,4000.9000,N,10516.0908,W,1,10,1.08,1646.4,M,-21.3,M,,*55
$GPRMC,073141.00,A,4000.9000,N,10516.0908,W,3.69,90.0,080726,,,A*4D
$GPGGA,073142.00,4000.9000,N,10516.0895,W,1,10,1.08,1646.9,M,-21.3,M,,*5E
$GPRMC,073142.00,A,4000.9000,N,10516.0895,W,3.69,90.0,080726,,,A*4B
$GPGGA,073143.00,4000.9000,N,10516.0881,W,1,10,1.08,1647.4,M,-21.3,M,,*56
$GPRMC,073143.00,A,4000.9000,N,10516.0881,W,3.69,90.0,080726,,,A*4F
$GPGGA,073144.00,4000.9000,N,10516.0868,W,1,10,1.08,1647.9,M,-21.3,M,,*5B
$GPRMC,073144.00,A,4000.9000,N,10516.0868,W,3.69,90.0,080726,,,A*4F
$GPGGA,073145.00,4000.9000,N,10516.0854,W,1,10,1.08,1648.4,M,-21.3,M,,*57
$GPRMC,073145.00,A,4000.9000,N,10516.0854,W,3.69,90.0,080726,,,A*41
$GPGGA,073146.00,4000.9000,N,10516.0841,W,1,10,1.08,1648.9,M,-21.3,M,,*5D
$GPRMC,073146.00,A,4000.9000,N,10516.0841,W,3.69,90.0,080726,,,A*46
$GPGGA,073147.00,4000.9000,N,10516.0828,W,1,10,1.08,1649.4,M,-21.3,M,,*5F
$GPRMC,073147.00,A,4000.9000,N,10516.0828,W,3.69,90.0,080726,,,A*48
$GPGGA,073148.00,4000.9000,N,10516.0814,W,1,10,1.08,1649.9,M,-21.3,M,,*52
$GPRMC,073148.00,A,4000.9000,N,10516.0814,W,3.69,90.0,080726,,,A*48
$GPGGA,073149.00,4000.9000,N,10516.0801,W,1,10,1.08,1650.4,M,-21.3,M,,*52
$GPRMC,073149.00,A,4000.9000,N,10516.0801,W,3.69,90.0,080726,,,A*4D
$GPGGA,073150.00,4000.9000,N,10516.0788,W,1,10,1.08,1650.9,M,-21.3,M,,*59
$GPRMC,073150.00,A,4000.9000,N,10516.0788,W,3.69,90.0,080726,,,A*4B
$GPGGA,073151.00,4000.9000,N,10516.0774,W,1,10,1.08,1651.4,M,-21.3,M,,*57
$GPRMC,073151.00,A,4000.9000,N,10516.0774,W,3.69,90.0,080726,,,A*49
$GPGGA,073152.00,4000.9000,N,10516.0761,W,1,10,1.08,1651.9,M,-21.3,M,,*5D
$GPRMC,073152.00,A,4000.9000,N,10516.0761,W,3.69,90.0,080726,,,A*4E
$GPGGA,073153.00,4000.9000,N,10516.0748,W,1,10,1.08,1652.4,M,-21.3,M,,*59
$GPRMC,073153.00,A,4000.9000,N,10516.0748,W,3.69,90.0,080726,,,A*44
$GPGGA,073154.00,4000.9000,N,10516.0734,W,1,10,1.08,1652.9,M,-21.3,M,,*58
$GPRMC,073154.00,A,4000.9000,N,10516.0734,W,3.69,90.0,080726,,,A*48
$GPGGA,073155.00,4000.9000,N,10516.0721,W,1,10,1.08,1653.4,M,-21.3,M,,*51
$GPRMC,073155.00,A,4000.9000,N,10516.0721,W,3.69,90.0,080726,,,A*4D
$GPGGA,073156.00,4000.9000,N,10516.0707,W,1,10,1.08,1653.8,M,-21.3,M,,*5A
$GPRMC,073156.00,A,4000.9000,N,10516.0707,W,3.69,90.0,080726,,,A*4A
$GPGGA,073157.00,4000.9000,N,10516.0694,W,1,10,1.08,1654.3,M,-21.3,M,,*5C
$GPRMC,073157.00,A,4000.9000,N,10516.0694,W,3.69,90.0,080726,,,A*40
$GPGGA,073158.00,4000.9000,N,10516.0681,W,1,10,1.08,1654.8,M,-21.3,M,,*5C
$GPRMC,073158.00,A,4000.9000,N,10516.0681,W,3.69,90.0,080726,,,A*4B
$GPGGA,073159.00,4000.9000,N,10516.0667,W,1,10,1.08,1655.3,M,-21.3,M,,*5F
$GPRMC,073159.00,A,4000.9000,N,10516.0667,W,3.69,90.0,080726,,,A*42
$GPGSV,3,1,10,05,55,120,44,07,34,210,38,13,21,300,35,15,60,045,44*73
$GPGSV,3,2,10,18,12,090,30,20,48,270,41,24,08,180,28,30,29,330,37*76
$GPGSV,3,3,10,02,41,150,33,12,17,060,31*7A
$GPGGA,073200.00,4000.9000,N,10516.0654,W,1,10,1.08,1655.8,M,-21.3,M,,*5B
$GPRMC,073200.00,A,4000.9000,N,10516.0654,W,3.69,90.0,080726,,,A*4D
$GPGGA,073201.00,4000.9000,N,10516.0641,W,1,10,1.08,1656.3,M,-21.3,M,,*56
$GPRMC,073201.00,A,4000.9000,N,10516.0641,W,3.69,90.0,080726,,,A*48
$GPGGA,073202.00,4000.9000,N,10516.0627,W,1,10,1.08,1656.8,M,-21.3,M,,*5E
$GPRMC,073202.00,A,4000.9000,N,10516.0627,W,3.69,90.0,080726,,,A*4B
$GPGGA,073203.00,4000.9000,N,10516.0614,W,1,10,1.08,1657.3,M,-21.3,M,,*55
$GPRMC,073203.00,A,4000.9000,N,10516.0614,W,3.69,90.0,080726,,,A*4A
$GPGGA,073204.00,4000.9000,N,10516.0600,W,1,10,1.08,1657.8,M,-21.3,M,,*5C
$GPRMC,073204.00,A,4000.9000,N,10516.0600,W,3.69,90.0,080726,,,A*48
$GPGGA,073205.00,4000.9000,N,10516.0587,W,1,10,1.08,1658.3,M,-21.3,M,,*55
$GPRMC,073205.00,A,4000.9000,N,10516.0587,W,3.69,90.0,080726,,,A*45
$GPGGA,073206.00,4000.9000,N,10516.0574,W,1,10,1.08,1658.8,M,-21.3,M,,*51
$GPRMC,073206.00,A,4000.9000,N,10516.0574,W,3.69,90.0,080726,,,A*4A
$GPGGA,073207.00,4000.9000,N,10516.0560,W,1,10,1.08,1659.3,M,-21.3,M,,*5F
$GPRMC,073207.00,A,4000.9000,N,10516.0560,W,3.69,90.0,080726,,,A*4E
$GPGGA,073208.00,4000.9000,N,10516.0547,W,1,10,1.08,1659.8,M,-21.3,M,,*5E
$GPRMC,073208.00,A,4000.9000,N,10516.0547,W,3.69,90.0,080726,,,A*44
$GPGGA,073209.00,4000.9000,N,10516.0534,W,1,10,1.08,1660.3,M,-21.3,M,,*5A
$GPRMC,073209.00,A,4000.9000,N,10516.0534,W,3.69,90.0,080726,,,A*41
$GPGGA,073210.00,4000.9000,N,10516.0520,W,1,10,1.08,1660.8,M,-21.3,M,,*5C
$GPRMC,073210.00,A,4000.9000,N,10516.0520,W,3.69,90.0,080726,,,A*4C
$GPGGA,073211.00,4000.9000,N,10516.0507,W,1,10,1.08,1661.3,M,-21.3,M,,*52
$GPRMC,073211.00,A,4000.9000,N,10516.0507,W,3.69,90.0,080726,,,A*48
$GPGGA,073212.00,4000.9000,N,10516.0493,W,1,10,1.08,1661.7,M,-21.3,M,,*59
$GPRMC,073212.00,A,4000.9000,N,10516.0493,W,3.69,90.0,080726,,,A*47
$GPGGA,073213.00,4000.9000,N,10516.0480,W,1,10,1.08,1662.2,M,-21.3,M,,*5C
$GPRMC,073213.00,A,4000.9000,N,10516.0480,W,3.69,90.0,080726,,,A*44
$GPGGA,073214.00,4000.9000,N,10516.0467,W,1,10,1.08,1662.7,M,-21.3,M,,*57
$GPRMC,073214.00,A,4000.9000,N,10516.0467,W,3.69,90.0,080726,,,A*4A
$GPGGA,073215.00,4000.9000,N,10516.0453,W,1,10,1.08,1663.2,M,-21.3,M,,*55
$GPRMC,073215.00,A,4000.9000,N,10516.0453,W,3.69,90.0,080726,,,A*4C
$GPGGA,073216.00,4000.9000,N,10516.0440,W,1,10,1.08,1663.7,M,-21.3,M,,*51
$GPRMC,073216.00,A,4000.9000,N,10516.0440,W,3.69,90.0,080726,,,A*4D
$GPGGA,073217.00,4000.9000,N,10516.0427,W,1,10,1.08,1664.2,M,-21.3,M,,*53
$GPRMC,073217.00,A,4000.9000,N,10516.0427,W,3.69,90.0,080726,,,A*4D
$GPGGA,073218.00,4000.9000,N,10516.0413,W,1,10,1.08,1664.7,M,-21.3,M,,*5E
$GPRMC,073218.00,A,4000.9000,N,10516.0413,W,3.69,90.0,080726,,,A*45
$GPGGA,073219.00,4000.9000,N,10516.0400,W,1,10,1.08,1665.2,M,-21.3,M,,*59
$GPRMC,073219.00,A,4000.9000,N,10516.0400,W,3.69,90.0,080726,,,A*46
$GPGGA,073220.00,4000.9000,N,10516.0386,W,1,10,1.08,1665.7,M,-21.3,M,,*5F
$GPRMC,073220.00,A,4000.9000,N,10516.0386,W,3.69,90.0,080726,,,A*45
$GPGGA,073221.00,4000.9000,N,10516.0373,W,1,10,1.08,1666.2,M,-21.3,M,,*52
$GPRMC,073221.00,A,4000.9000,N,10516.0373,W,3.69,90.0,080726,,,A*4E
$GPGGA,073222.00,4000.9000,N,10516.0360,W,1,10,1.08,1666.7,M,-21.3,M,,*56
$GPRMC,073222.00,A,4000.9000,N,10516.0360,W,3.69,90.0,080726,,,A*4F
$GPGGA,073223.00,4000.9000,N,10516.0346,W,1,10,1.08,1667.2,M,-21.3,M,,*57
$GPRMC,073223.00,A,4000.9000,N,10516.0346,W,3.69,90.0,080726,,,A*4A
$GPGGA,073224.00,4000.9000,N,10516.0333,W,1,10,1.08,1667.7,M,-21.3,M,,*57
$GPRMC,073224.00,A,4000.9000,N,10516.0333,W,3.69,90.0,080726,,,A*4F
$GPGGA,073225.00,4000.9000,N,10516.0320,W,1,10,1.08,1668.2,M,-21.3,M,,*5E
$GPRMC,073225.00,A,4000.9000,N,10516.0320,W,3.69,90.0,080726,,,A*4C
$GPGGA,073226.00,4000.9000,N,10516.0306,W,1,10,1.08,1668.7,M,-21.3,M,,*5C
$GPRMC,073226.00,A,4000.9000,N,10516.0306,W,3.69,90.0,080726,,,A*4B
$GPGGA,073227.00,4000.9000,N,10516.0293,W,1,10,1.08,1669.2,M,-21.3,M,,*54
$GPRMC,073227.00,A,4000.9000,N,10516.0293,W,3.69,90.0,080726,,,A*47
$GPGGA,073228.00,4000.9000,N,10516.0280,W,1,10,1.08,1669.7,M,-21.3,M,,*5C
$GPRMC,073228.00,A,4000.9000,N,10516.0280,W,3.69,90.0,080726,,,A*4A
$GPGGA,073229.00,4000.9000,N,10516.0266,W,1,10,1.08,1670.1,M,-21.3,M,,*5B
$GPRMC,073229.00,A,4000.9000,N,10516.0266,W,3.69,90.0,080726,,,A*43
$GPGSV,3,1,10,05,55,120,44,07,34,210,38,13,21,300,35,15,60,045,44*73
$GPGSV,3,2,10,18,12,090,30,20,48,270,41,24,08,180,28,30,29,330,37*76
$GPGSV,3,3,10,02,41,150,33,12,17,060,31*7A
$GPGGA,073230.00,4000.9000,N,10516.0253,W,1,10,1.08,1670.6,M,-21.3,M,,*52
$GPRMC,073230.00,A,4000.9000,N,10516.0253,W,3.69,90.0,080726,,,A*4D
$GPGGA,073231.00,4000.9000,N,10516.0239,W,1,10,1.08,1671.1,M,-21.3,M,,*59
$GPRMC,073231.00,A,4000.9000,N,10516.0239,W,3.69,90.0,080726,,,A*40
$GPGGA,073232.00,4000.9000,N,10516.0226,W,1,10,1.08,1671.6,M,-21.3,M,,*53
$GPRMC,073232.00,A,4000.9000,N,10516.0226,W,3.69,90.0,080726,,,A*4D
$GPGGA,073233.00,4000.9000,N,10516.0213,W,1,10,1.08,1672.1,M,-21.3,M,,*50
$GPRMC,073233.00,A,4000.9000,N,10516.0213,W,3.69,90.0,080726,,,A*4A
$GPGGA,073234.00,4000.9000,N,10516.0199,W,1,10,1.08,1672.6,M,-21.3,M,,*51
$GPRMC,073234.00,A,4000.9000,N,10516.0199,W,3.69,90.0,080726,,,A*4C
$GPGGA,073235.00,4000.9000,N,10516.0186,W,1,10,1.08,1673.1,M,-21.3,M,,*58
$GPRMC,073235.00,A,4000.9000,N,10516.0186,W,3.69,90.0,080726,,,A*43
$GPGGA,073236.00,4000.9000,N,10516.0173,W,1,10,1.08,1673.6,M,-21.3,M,,*56
$GPRMC,073236.00,A,4000.9000,N,10516.0173,W,3.69,90.0,080726,,,A*4A
$GPGGA,073237.00,4000.9000,N,10516.0159,W,1,10,1.08,1674.1,M,-21.3,M,,*5F
$GPRMC,073237.00,A,4000.9000,N,10516.0159,W,3.69,90.0,080726,,,A*43
$GPGGA,073238.00,4000.9000,N,10516.0146,W,1,10,1.08,1674.6,M,-21.3,M,,*59
$GPRMC,073238.00,A,4000.9000,N,10516.0146,W,3.69,90.0,080726,,,A*42
$GPGGA,073239.00,4000.9000,N,10516.0132,W,1,10,1.08,1675.1,M,-21.3,M,,*5D
$GPRMC,073239.00,A,4000.9000,N,10516.0132,W,3.69,90.0,080726,,,A*40
$GPGGA,073240.00,4000.9000,N,10516.0119,W,1,10,1.08,1675.6,M,-21.3,M,,*5D
$GPRMC,073240.00,A,4000.9000,N,10516.0119,W,3.69,90.0,080726,,,A*47
$GPGGA,073241.00,4000.9000,N,10516.0106,W,1,10,1.08,1676.1,M,-21.3,M,,*56
$GPRMC,073241.00,A,4000.9000,N,10516.0106,W,3.69,90.0,080726,,,A*48
$GPGGA,073242.00,4000.9000,N,10516.0092,W,1,10,1.08,1676.6,M,-21.3,M,,*5E
$GPRMC,073242.00,A,4000.9000,N,10516.0092,W,3.69,90.0,080726,,,A*47
$GPGGA,073243.00,4000.9000,N,10516.0079,W,1,10,1.08,1677.1,M,-21.3,M,,*5C
$GPRMC,073243.00,A,4000.9000,N,10516.0079,W,3.69,90.0,080726,,,A*43
$GPGGA,073244.00,4000.9000,N,10516.0066,W,1,10,1.08,1677.6,M,-21.3,M,,*52
$GPRMC,073244.00,A,4000.9000,N,10516.0066,W,3.69,90.0,080726,,,A*4A
$GPGGA,073245.00,4000.9000,N,10516.0052,W,1,10,1.08,1678.1,M,-21.3,M,,*5C
$GPRMC,073245.00,A,4000.9000,N,10516.0052,W,3.69,90.0,080726,,,A*4C
$GPGGA,073246.00,4000.9000,N,10516.0039,W,1,10,1.08,1678.5,M,-21.3,M,,*56
$GPRMC,073246.00,A,4000.9000,N,10516.0039,W,3.69,90.0,080726,,,A*42
$GPGGA,073247.00,4000.9000,N,10516.0025,W,1,10,1.08,1679.0,M,-21.3,M,,*5E
$GPRMC,073247.00,A,4000.9000,N,10516.0025,W,3.69,90.0,080726,,,A*4E
$GPGGA,073248.00,4000.9000,N,10516.0012,W,1,10,1.08,1679.5,M,-21.3,M,,*50
$GPRMC,073248.00,A,4000.9000,N,10516.0012,W,3.69,90.0,080726,,,A*45
$GPGGA,073249.00,4000.9000,N,10515.9999,W,1,10,1.08,1680.0,M,-21.3,M,,*52
$GPRMC,073249.00,A,4000.9000,N,10515.9999,W,3.69,90.0,080726,,,A*44
$GPGGA,073250.00,4000.9000,N,10515.9985,W,1,10,1.08,1680.5,M,-21.3,M,,*52
$GPRMC,073250.00,A,4000.9000,N,10515.9985,W,3.69,90.0,080726,,,A*41
$GPGGA,073251.00,4000.9000,N,10515.9972,W,1,10,1.08,1681.0,M,-21.3,M,,*5F
$GPRMC,073251.00,A,4000.9000,N,10515.9972,W,3.69,90.0,080726,,,A*48
$GPGGA,073252.00,4000.9000,N,10515.9959,W,1,10,1.08,1681.5,M,-21.3,M,,*50
$GPRMC,073252.00,A,4000.9000,N,10515.9959,W,3.69,90.0,080726,,,A*42
$GPGGA,073253.00,4000.9000,N,10515.9945,W,1,10,1.08,1682.0,M,-21.3,M,,*5A
$GPRMC,073253.00,A,4000.9000,N,10515.9945,W,3.69,90.0,080726,,,A*4E
$GPGGA,073254.00,4000.9000,N,10515.9932,W,1,10,1.08,1682.5,M,-21.3,M,,*58
$GPRMC,073254.00,A,4000.9000,N,10515.9932,W,3.69,90.0,080726,,,A*49
$GPGGA,073255.00,4000.9000,N,10515.9919,W,1,09,1.22,1683.0,M,-21.3,M,,*54
$GPRMC,073255.00,A,4000.9000,N,10515.9919,W,3.69,90.0,080726,,,A*41
$GPGGA,073256.00,4000.9000,N,10515.9905,W,1,09,1.22,1683.5,M,-21.3,M,,*5F
$GPRMC,073256.00,A,4000.9000,N,10515.9905,W,3.69,90.0,080726,,,A*4F
$GPGGA,073257.00,4000.9000,N,10515.9892,W,1,09,1.22,1684.0,M,-21.3,M,,*53
$GPRMC,073257.00,A,4000.9000,N,10515.9892,W,3.69,90.0,080726,,,A*41
$GPGGA,073258.00,4000.9000,N,10515.9878,W,1,09,1.22,1684.5,M,-21.3,M,,*5D
$GPRMC,073258.00,A,4000.9000,N,10515.9878,W,3.69,90.0,080726,,,A*4A
$GPGGA,073259.00,4000.9000,N,10515.9865,W,1,09,1.22,1685.0,M,-21.3,M,,*54
$GPRMC,073259.00,A,4000.9000,N,10515.9865,W,3.69,90.0,080726,,,A*47
$GPGSV,3,1,09,05,55,120,44,07,34,210,38,13,21,300,35,15,60,045,44*7B
$GPGSV,3,2,09,18,12,090,30,20,48,270,41,24,08,180,28,30,29,330,37*7E
$GPGSV,3,3,09,02,41,150,33*43
$GPGGA,073300.00,4000.9000,N,10515.9852,W,1,09,1.22,1685.5,M,-21.3,M,,*58
$GPRMC,073300.00,A,4000.9000,N,10515.9852,W,3.69,90.0,080726,,,A*4E
$GPGGA,073301.00,4000.9000,N,10515.9838,W,1,09,1.22,1686.0,M,-21.3,M,,*53
$GPRMC,073301.00,A,4000.9000,N,10515.9838,W,3.69,90.0,080726,,,A*43
$GPGGA,073302.00,4000.9000,N,10515.9825,W,1,09,1.22,1686.4,M,-21.3,M,,*58
$GPRMC,073302.00,A,4000.9000,N,10515.9825,W,3.69,90.0,080726,,,A*4C
$GPGGA,073303.00,4000.9000,N,10515.9812,W,1,09,1.22,1686.9,M,-21.3,M,,*50
$GPRMC,073303.00,A,4000.9000,N,10515.9812,W,3.69,90.0,080726,,,A*49
$GPGGA,073304.00,4000.9000,N,10515.9798,W,1,09,1.22,1687.4,M,-21.3,M,,*56
$GPRMC,073304.00,A,4000.9000,N,10515.9798,W,3.69,90.0,080726,,,A*43
$GPGGA,073305.00,4000.9000,N,10515.9785,W,1,09,1.22,1687.9,M,-21.3,M,,*56
$GPRMC,073305.00,A,4000.9000,N,10515.9785,W,3.69,90.0,080726,,,A*4E
$GPGGA,073306.00,4000.9000,N,10515.9771,W,1,09,1.22,1688.4,M,-21.3,M,,*5C
$GPRMC,073306.00,A,4000.9000,N,10515.9771,W,3.69,90.0,080726,,,A*46
$GPGGA,073307.00,4000.9000,N,10515.9758,W,1,09,1.22,1688.9,M,-21.3,M,,*5B
$GPRMC,073307.00,A,4000.9000,N,10515.9758,W,3.69,90.0,080726,,,A*4C
$GPGGA,073308.00,4000.9000,N,10515.9745,W,1,09,1.22,1689.4,M,-21.3,M,,*54
$GPRMC,073308.00,A,4000.9000,N,10515.9745,W,3.69,90.0,080726,,,A*4F
$GPGGA,073309.00,4000.9000,N,10515.9731,W,1,09,1.22,1689.9,M,-21.3,M,,*5B
$GPRMC,073309.00,A,4000.9000,N,10515.9731,W,3.69,90.0,080726,,,A*4D
$GPGGA,073310.00,4000.9000,N,10515.9718,W,1,09,1.22,1690.4,M,-21.3,M,,*5D
$GPRMC,073310.00,A,4000.9000,N,10515.9718,W,3.69,90.0,080726,,,A*4E
$GPGGA,073311.00,4000.9000,N,10515.9705,W,1,09,1.22,1690.9,M,-21.3,M,,*5D
$GPRMC,073311.00,A,4000.9000,N,10515.9705,W,3.69,90.0,080726,,,A*43
$GPGGA,073312.00,4000.9000,N,10515.9691,W,1,09,1.22,1691.4,M,-21.3,M,,*5E
$GPRMC,073312.00,A,4000.9000,N,10515.9691,W,3.69,90.0,080726,,,A*4C
$GPGGA,073313.00,4000.9000,N,10515.9678,W,1,09,1.22,1691.9,M,-21.3,M,,*55
$GPRMC,073313.00,A,4000.9000,N,10515.9678,W,3.69,90.0,080726,,,A*4A
$GPGGA,073314.00,4000.9000,N,10515.9664,W,1,09,1.22,1692.4,M,-21.3,M,,*51
$GPRMC,073314.00,A,4000.9000,N,10515.9664,W,3.69,90.0,080726,,,A*40
$GPGGA,073315.00,4000.9000,N,10515.9651,W,1,09,1.22,1692.9,M,-21.3,M,,*5B
$GPRMC,073315.00,A,4000.9000,N,10515.9651,W,3.69,90.0,080726,,,A*47
$GPGGA,073316.00,4000.9000,N,10515.9638,W,1,09,1.22,1693.4,M,-21.3,M,,*5B
$GPRMC,073316.00,A,4000.9000,N,10515.9638,W,3.69,90.0,080726,,,A*4B
$GPGGA,073317.00,4000.9000,N,10515.9624,W,1,09,1.22,1693.9,M,-21.3,M,,*5A
$GPRMC,073317.00,A,4000.9000,N,10515.9624,W,3.69,90.0,080726,,,A*47
$GPGGA,073318.00,4000.9000,N,10515.9611,W,1,09,1.22,1694.4,M,-21.3,M,,*59
$GPRMC,073318.00,A,4000.9000,N,10515.9611,W,3.69,90.0,080726,,,A*4E
$GPGGA,073319.00,4000.9000,N,10515.9598,W,1,09,1.22,1694.8,M,-21.3,M,,*56
$GPRMC,073319.00,A,4000.9000,N,10515.9598,W,3.69,90.0,080726,,,A*4D
$GPGGA,073320.00,4000.9000,N,10515.9584,W,1,09,1.22,1695.3,M,-21.3,M,,*5B
$GPRMC,073320.00,A,4000.9000,N,10515.9584,W,3.69,90.0,080726,,,A*4A
$GPGGA,073321.00,4000.9000,N,10515.9571,W,1,09,1.22,1695.8,M,-21.3,M,,*5B
$GPRMC,073321.00,A,4000.9000,N,10515.9571,W,3.69,90.0,080726,,,A*41
$GPGGA,073322.00,4000.9000,N,10515.9557,W,1,09,1.22,1696.3,M,-21.3,M,,*54
$GPRMC,073322.00,A,4000.9000,N,10515.9557,W,3.69,90.0,080726,,,A*46
$GPGGA,073323.00,4000.9000,N,10515.9544,W,1,09,1.22,1696.8,M,-21.3,M,,*5C
$GPRMC,073323.00,A,4000.9000,N,10515.9544,W,3.69,90.0,080726,,,A*45
$GPGGA,073324.00,4000.9000,N,10515.9531,W,1,09,1.22,1697.3,M,-21.3,M,,*53
$GPRMC,073324.00,A,4000.9000,N,10515.9531,W,3.69,90.0,080726,,,A*40
$GPGGA,073325.00,4000.9000,N,10515.9517,W,1,09,1.22,1697.8,M,-21.3,M,,*5D
$GPRMC,073325.00,A,4000.9000,N,10515.9517,W,3.69,90.0,080726,,,A*45
$GPGGA,073326.00,4000.9000,N,10515.9504,W,1,09,1.22,1698.3,M,-21.3,M,,*58
$GPRMC,073326.00,A,4000.9000,N,10515.9504,W,3.69,90.0,080726,,,A*44
$GPGGA,073327.00,4000.9000,N,10515.9491,W,1,09,1.22,1698.8,M,-21.3,M,,*5F
$GPRMC,073327.00,A,4000.9000,N,10515.9491,W,3.69,90.0,080726,,,A*48
$GPGGA,073328.00,4000.9000,N,10515.9477,W,1,09,1.22,1699.3,M,-21.3,M,,*52
$GPRMC,073328.00,A,4000.9000,N,10515.9477,W,3.69,90.0,080726,,,A*4F
$GPGGA,073329.00,4000.9000,N,10515.9464,W,1,09,1.22,1699.8,M,-21.3,M,,*5A
$GPRMC,073329.00,A,4000.9000,N,10515.9464,W,3.69,90.0,080726,,,A*4C
$GPGSV,3,1,09,05,55,120,44,07,34,210,38,13,21,300,35,15,60,045,44*7B
$GPGSV,3,2,09,18,12,090,30,20,48,270,41,24,08,180,28,30,29,330,37*7E
$GPGSV,3,3,09,02,41,150,33*43
$GPGGA,073330.00,4000.9000,N,10515.9451,W,1,09,1.22,1700.3,M,-21.3,M,,*5E
$GPRMC,073330.00,A,4000.9000,N,10515.9451,W,3.69,90.0,080726,,,A*42
$GPGGA,073331.00,4000.9000,N,10515.9437,W,1,09,1.22,1700.8,M,-21.3,M,,*54
$GPRMC,073331.00,A,4000.9000,N,10515.9437,W,3.69,90.0,080726,,,A*43
$GPGGA,073332.00,4000.9000,N,10515.9424,W,1,09,1.22,1701.3,M,-21.3,M,,*5F
$GPRMC,073332.00,A,4000.9000,N,10515.9424,W,3.69,90.0,080726,,,A*42
$GPGGA,073333.00,4000.9000,N,10515.9410,W,1,09,1.22,1701.8,M,-21.3,M,,*52
$GPRMC,073333.00,A,4000.9000,N,10515.9410,W,3.69,90.0,080726,,,A*44
$GPGGA,073334.00,4000.9000,N,10515.9397,W,1,09,1.22,1702.3,M,-21.3,M,,*55
$GPRMC,073334.00,A,4000.9000,N,10515.9397,W,3.69,90.0,080726,,,A*4B
$GPGGA,073335.00,4000.9000,N,10515.9384,W,1,09,1.22,1702.8,M,-21.3,M,,*5D
$GPRMC,073335.00,A,4000.9000,N,10515.9384,W,3.69,90.0,080726,,,A*48
$GPGGA,073336.00,4000.9000,N,10515.9370,W,1,09,1.22,1703.2,M,-21.3,M,,*5E
$GPRMC,073336.00,A,4000.9000,N,10515.9370,W,3.69,90.0,080726,,,A*40
$GPGGA,073337.00,4000.9000,N,10515.9357,W,1,09,1.22,1703.7,M,-21.3,M,,*5F
$GPRMC,073337.00,A,4000.9000,N,10515.9357,W,3.69,90.0,080726,,,A*44
$GPGGA,073338.00,4000.9000,N,10515.9344,W,1,09,1.22,1704.2,M,-21.3,M,,*50
$GPRMC,073338.00,A,4000.9000,N,10515.9344,W,3.69,90.0,080726,,,A*49
$GPGGA,073339.00,4000.9000,N,10515.9330,W,1,09,1.22,1704.7,M,-21.3,M,,*57
$GPRMC,073339.00,A,4000.9000,N,10515.9330,W,3.69,90.0,080726,,,A*4B
$GPGGA,073340.00,4000.9000,N,10515.9317,W,1,09,1.22,1705.2,M,-21.3,M,,*58
$GPRMC,073340.00,A,4000.9000,N,10515.9317,W,3.69,90.0,080726,,,A*40
$GPGGA,073341.00,4000.9000,N,10515.9303,W,1,09,1.22,1705.7,M,-21.3,M,,*59
$GPRMC,073341.00,A,4000.9000,N,10515.9303,W,3.69,90.0,080726,,,A*44
$GPGGA,073342.00,4000.9000,N,10515.9290,W,1,09,1.22,1706.2,M,-21.3,M,,*57
$GPRMC,073342.00,A,4000.9000,N,10515.9290,W,3.69,90.0,080726,,,A*4C
$GPGGA,073343.00,4000.9000,N,10515.9277,W,1,09,1.22,1706.7,M,-21.3,M,,*5A
$GPRMC,073343.00,A,4000.9000,N,10515.9277,W,3.69,90.0,080726,,,A*44
$GPGGA,073344.00,4000.9000,N,10515.9263,W,1,09,1.22,1707.2,M,-21.3,M,,*5C
$GPRMC,073344.00,A,4000.9000,N,10515.9263,W,3.69,90.0,080726,,,A*46
$GPGGA,073345.00,4000.9000,N,10515.9250,W,1,09,1.22,1707.7,M,-21.3,M,,*58
$GPRMC,073345.00,A,4000.9000,N,10515.9250,W,3.69,90.0,080726,,,A*47
$GPGGA,073346.00,4000.9000,N,10515.9237,W,1,09,1.22,1708.2,M,-21.3,M,,*50
$GPRMC,073346.00,A,4000.9000,N,10515.9237,W,3.69,90.0,080726,,,A*45
$GPGGA,073347.00,4000.9000,N,10515.9223,W,1,09,1.22,1708.7,M,-21.3,M,,*51
$GPRMC,073347.00,A,4000.9000,N,10515.9223,W,3.69,90.0,080726,,,A*41
$GPGGA,073348.00,4000.9000,N,10515.9210,W,1,09,1.22,1709.2,M,-21.3,M,,*5A
$GPRMC,073348.00,A,4000.9000,N,10515.9210,W,3.69,90.0,080726,,,A*4E
$GPGGA,073349.00,4000.9000,N,10515.9196,W,1,09,1.22,1709.7,M,-21.3,M,,*53
$GPRMC,073349.00,A,4000.9000,N,10515.9196,W,3.69,90.0,080726,,,A*42
$GPGGA,073350.00,4000.9000,N,10515.9183,W,1,09,1.22,1710.2,M,-21.3,M,,*52
$GPRMC,073350.00,A,4000.9000,N,10515.9183,W,3.69,90.0,080726,,,A*4E
$GPGGA,073351.00,4000.9000,N,10515.9170,W,1,09,1.22,1710.7,M,-21.3,M,,*5A
$GPRMC,073351.00,A,4000.9000,N,10515.9170,W,3.69,90.0,080726,,,A*43
$GPGGA,073352.00,4000.9000,N,10515.9156,W,1,09,1.22,1711.1,M,-21.3,M,,*5A
$GPRMC,073352.00,A,4000.9000,N,10515.9156,W,3.69,90.0,080726,,,A*44
$GPGGA,073353.00,4000.9000,N,10515.9143,W,1,09,1.22,1711.6,M,-21.3,M,,*58
$GPRMC,073353.00,A,4000.9000,N,10515.9143,W,3.69,90.0,080726,,,A*41
$GPGGA,073354.00,4000.9000,N,10515.9130,W,1,09,1.22,1712.1,M,-21.3,M,,*5F
$GPRMC,073354.00,A,4000.9000,N,10515.9130,W,3.69,90.0,080726,,,A*42
$GPGGA,073355.00,4000.9000,N,10515.9116,W,1,09,1.22,1712.6,M,-21.3,M,,*5D
$GPRMC,073355.00,A,4000.9000,N,10515.9116,W,3.69,90.0,080726,,,A*47
$GPGGA,073356.00,4000.9000,N,10515.9103,W,1,09,1.22,1713.1,M,-21.3,M,,*5C
$GPRMC,073356.00,A,4000.9000,N,10515.9103,W,3.69,90.0,080726,,,A*40
$GPGGA,073357.00,4000.9000,N,10515.9089,W,1,09,1.22,1713.6,M,-21.3,M,,*59
$GPRMC,073357.00,A,4000.9000,N,10515.9089,W,3.69,90.0,080726,,,A*42
$GPGGA,073358.00,4000.9000,N,10515.9076,W,1,09,1.22,1714.1,M,-21.3,M,,*56
$GPRMC,073358.00,A,4000.9000,N,10515.9076,W,3.69,90.0,080726,,,A*4D
$GPGGA,073359.00,4000.9000,N,10515.9063,W,1,09,1.22,1714.6,M,-21.3,M,,*54
$GPRMC,073359.00,A,4000.9000,N,10515.9063,W,3.69,90.0,080726,,,A*48
$GPGSV,3,1,09,05,55,120,44,07,34,210,38,13,21,300,35,15,60,045,44*7B
$GPGSV,3,2,09,18,12,090,30,20,48,270,41,24,08,180,28,30,29,330,37*7E
$GPGSV,3,3,09,02,41,150,33*43
$GPGGA,073400.00,4000.9000,N,10515.9049,W,1,09,1.22,1715.1,M,-21.3,M,,*51
$GPRMC,073400.00,A,4000.9000,N,10515.9049,W,3.69,90.0,080726,,,A*4B
$GPGGA,073401.00,4000.9000,N,10515.9036,W,1,09,1.22,1715.6,M,-21.3,M,,*5F
$GPRMC,073401.00,A,4000.9000,N,10515.9036,W,3.69,90.0,080726,,,A*42
$GPGGA,073402.00,4000.9000,N,10515.9023,W,1,09,1.22,1716.1,M,-21.3,M,,*5C
$GPRMC,073402.00,A,4000.9000,N,10515.9023,W,3.69,90.0,080726,,,A*45
$GPGGA,073403.00,4000.9000,N,10515.9009,W,1,09,1.22,1716.6,M,-21.3,M,,*52
$GPRMC,073403.00,A,4000.9000,N,10515.9009,W,3.69,90.0,080726,,,A*4C
$GPGGA,073404.00,4000.9000,N,10515.8996,W,1,09,1.22,1717.1,M,-21.3,M,,*5D
$GPRMC,073404.00,A,4000.9000,N,10515.8996,W,3.69,90.0,080726,,,A*45
$GPGGA,073405.00,4000.9000,N,10515.8983,W,1,09,1.22,1717.6,M,-21.3,M,,*5F
$GPRMC,073405.00,A,4000.9000,N,10515.8983,W,3.69,90.0,080726,,,A*40
$GPGGA,073406.00,4000.9000,N,10515.8969,W,1,09,1.22,1718.1,M,-21.3,M,,*50
$GPRMC,073406.00,A,4000.9000,N,10515.8969,W,3.69,90.0,080726,,,A*47
$GPGGA,073407.00,4000.9000,N,10515.8956,W,1,09,1.22,1718.6,M,-21.3,M,,*5A
$GPRMC,073407.00,A,4000.9000,N,10515.8956,W,3.69,90.0,080726,,,A*4A
$GPGGA,073408.00,4000.9000,N,10515.8942,W,1,09,1.22,1719.1,M,-21.3,M,,*56
$GPRMC,073408.00,A,4000.9000,N,10515.8942,W,3.69,90.0,080726,,,A*40
$GPGGA,073409.00,4000.9000,N,10515.8929,W,1,09,1.22,1719.5,M,-21.3,M,,*5E
$GPRMC,073409.00,A,4000.9000,N,10515.8929,W,3.69,90.0,080726,,,A*4C
$GPGGA,073410.00,4000.9000,N,10515.8916,W,1,09,1.22,1720.0,M,-21.3,M,,*55
$GPRMC,073410.00,A,4000.9000,N,10515.8916,W,3.69,90.0,080726,,,A*48
$GPGGA,073411.00,4000.9000,N,10515.8902,W,1,09,1.22,1720.5,M,-21.3,M,,*54
$GPRMC,073411.00,A,4000.9000,N,10515.8902,W,3.69,90.0,080726,,,A*4C
$GPGGA,073412.00,4000.9000,N,10515.8889,W,1,09,1.22,1721.0,M,-21.3,M,,*51
$GPRMC,073412.00,A,4000.9000,N,10515.8889,W,3.69,90.0,080726,,,A*4D
$GPGGA,073413.00,4000.9000,N,10515.8876,W,1,09,1.22,1721.5,M,-21.3,M,,*55
$GPRMC,073413.00,A,4000.9000,N,10515.8876,W,3.69,90.0,080726,,,A*4C
$GPGGA,073414.00,4000.9000,N,10515.8862,W,1,09,1.22,1722.0,M,-21.3,M,,*51
$GPRMC,073414.00,A,4000.9000,N,10515.8862,W,3.69,90.0,080726,,,A*4E
$GPGGA,073415.00,4000.9000,N,10515.8849,W,1,09,1.22,1722.5,M,-21.3,M,,*5C
$GPRMC,073415.00,A,4000.9000,N,10515.8849,W,3.69,90.0,080726,,,A*46
$GPGGA,073416.00,4000.9000,N,10515.8835,W,1,09,1.22,1723.0,M,-21.3,M,,*50
$GPRMC,073416.00,A,4000.9000,N,10515.8835,W,3.69,90.0,080726,,,A*4E
$GPGGA,073417.00,4000.9000,N,10515.8822,W,1,09,1.22,1723.5,M,-21.3,M,,*52
$GPRMC,073417.00,A,4000.9000,N,10515.8822,W,3.69,90.0,080726,,,A*49
$GPGGA,073418.00,4000.9000,N,10515.8809,W,1,09,1.22,1724.0,M,-21.3,M,,*56
$GPRMC,073418.00,A,4000.9000,N,10515.8809,W,3.69,90.0,080726,,,A*4F
$GPGGA,073419.00,4000.9000,N,10515.8795,W,1,09,1.22,1724.5,M,-21.3,M,,*58
$GPRMC,073419.00,A,4000.9000,N,10515.8795,W,3.69,90.0,080726,,,A*44
$GPGGA,073420.00,4000.9000,N,10515.8782,W,1,09,1.22,1725.0,M,-21.3,M,,*50
$GPRMC,073420.00,A,4000.9000,N,10515.8782,W,3.69,90.0,080726,,,A*48
$GPGGA,073421.00,4000.9010,N,10515.8782,W,1,09,1.22,1725.3,M,-21.3,M,,*53
$GPRMC,073421.00,A,4000.9010,N,10515.8782,W,3.69,0.0,080726,,,A*71
$GPGGA,073422.00,4000.9020,N,10515.8782,W,1,09,1.22,1725.7,M,-21.3,M,,*57
$GPRMC,073422.00,A,4000.9020,N,10515.8782,W,3.69,0.0,080726,,,A*71
$GPGGA,073423.00,4000.9031,N,10515.8782,W,1,09,1.22,1726.0,M,-21.3,M,,*52
$GPRMC,073423.00,A,4000.9031,N,10515.8782,W,3.69,0.0,080726,,,A*70
$GPGGA,073424.00,4000.9041,N,10515.8782,W,1,09,1.22,1726.3,M,-21.3,M,,*51
$GPRMC,073424.00,A,4000.9041,N,10515.8782,W,3.69,0.0,080726,,,A*70
$GPGGA,073425.00,4000.9051,N,10515.8782,W,1,09,1.22,1726.7,M,-21.3,M,,*55
$GPRMC,073425.00,A,4000.9051,N,10515.8782,W,3.69,0.0,080726,,,A*70
$GPGGA,073426.00,4000.9061,N,10515.8782,W,1,09,1.22,1727.0,M,-21.3,M,,*53
$GPRMC,073426.00,A,4000.9061,N,10515.8782,W,3.69,0.0,080726,,,A*70
$GPGGA,073427.00,4000.9072,N,10515.8782,W,1,09,1.22,1727.4,M,-21.3,M,,*54
$GPRMC,073427.00,A,4000.9072,N,10515.8782,W,3.69,0.0,080726,,,A*73
$GPGGA,073428.00,4000.9082,N,10515.8782,W,1,09,1.22,1727.7,M,-21.3,M,,*57
$GPRMC,073428.00,A,4000.9082,N,10515.8782,W,3.69,0.0,080726,,,A*73
$GPGGA,073429.00,4000.9092,N,10515.8782,W,1,09,1.22,1728.1,M,-21.3,M,,*5E
$GPRMC,073429.00,A,4000.9092,N,10515.8782,W,3.69,0.0,080726,,,A*73
$GPGSV,3,1,09,05,55,120,44,07,34,210,38,13,21,300,35,15,60,045,44*7B
$GPGSV,3,2,09,18,12,090,30,20,48,270,41,24,08,180,28,30,29,330,37*7E
$GPGSV,3,3,09,02,41,150,33*43
$GPGGA,073430.00,4000.9102,N,10515.8782,W,1,09,1.22,1728.4,M,-21.3,M,,*5B
$GPRMC,073430.00,A,4000.9102,N,10515.8782,W,3.69,0.0,080726,,,A*73
$GPGGA,073431.00,4000.9113,N,10515.8782,W,1,09,1.22,1728.7,M,-21.3,M,,*59
$GPRMC,073431.00,A,4000.9113,N,10515.8782,W,3.69,0.0,080726,,,A*72
$GPGGA,073432.00,4000.9123,N,10515.8782,W,1,09,1.22,1729.1,M,-21.3,M,,*5E
$GPRMC,073432.00,A,4000.9123,N,10515.8782,W,3.69,0.0,080726,,,A*72
$GPGGA,073433.00,4000.9133,N,10515.8782,W,1,09,1.22,1729.4,M,-21.3,M,,*5B
$GPRMC,073433.00,A,4000.9133,N,10515.8782,W,3.69,0.0,080726,,,A*72
$GPGGA,073434.00,4000.9143,N,10515.8782,W,1,09,1.22,1729.8,M,-21.3,M,,*57
$GPRMC,073434.00,A,4000.9143,N,10515.8782,W,3.69,0.0,080726,,,A*72
$GPGGA,073435.00,4000.9154,N,10515.8782,W,1,09,1.22,1730.1,M,-21.3,M,,*51
$GPRMC,073435.00,A,4000.9154,N,10515.8782,W,3.69,0.0,080726,,,A*75
$GPGGA,073436.00,4000.9164,N,10515.8782,W,1,09,1.22,1730.5,M,-21.3,M,,*55
$GPRMC,073436.00,A,4000.9164,N,10515.8782,W,3.69,0.0,080726,,,A*75
$GPGGA,073437.00,4000.9174,N,10515.8782,W,1,09,1.22,1730.8,M,-21.3,M,,*58
$GPRMC,073437.00,A,4000.9174,N,10515.8782,W,3.69,0.0,080726,,,A*75
$GPGGA,073438.00,4000.9184,N,10515.8782,W,1,09,1.22,1731.1,M,-21.3,M,,*50
$GPRMC,073438.00,A,4000.9184,N,10515.8782,W,3.69,0.0,080726,,,A*75
$GPGGA,073439.00,4000.9195,N,10515.8782,W,1,09,1.22,1731.5,M,-21.3,M,,*55
$GPRMC,073439.00,A,4000.9195,N,10515.8782,W,3.69,0.0,080726,,,A*74
$GPGGA,073440.00,4000.9205,N,10515.8782,W,1,09,1.22,1731.8,M,-21.3,M,,*5C
$GPRMC,073440.00,A,4000.9205,N,10515.8782,W,3.69,0.0,080726,,,A*70
$GPGGA,073441.00,4000.9215,N,10515.8782,W,1,09,1.22,1732.2,M,-21.3,M,,*55
$GPRMC,073441.00,A,4000.9215,N,10515.8782,W,3.69,0.0,080726,,,A*70
$GPGGA,073442.00,4000.9225,N,10515.8782,W,1,09,1.22,1732.5,M,-21.3,M,,*52
$GPRMC,073442.00,A,4000.9225,N,10515.8782,W,3.69,0.0,080726,,,A*70
$GPGGA,073443.00,4000.9236,N,10515.8782,W,1,09,1.22,1732.8,M,-21.3,M,,*5C
$GPRMC,073443.00,A,4000.9236,N,10515.8782,W,3.69,0.0,080726,,,A*73
$GPGGA,073444.00,4000.9246,N,10515.8782,W,1,09,1.22,1733.2,M,-21.3,M,,*57
$GPRMC,073444.00,A,4000.9246,N,10515.8782,W,3.69,0.0,080726,,,A*73
$GPGGA,073445.00,4000.9256,N,10515.8782,W,1,09,1.22,1733.5,M,-21.3,M,,*50
$GPRMC,073445.00,A,4000.9256,N,10515.8782,W,3.69,0.0,080726,,,A*73
$GPGGA,073446.00,4000.9266,N,10515.8782,W,1,09,1.22,1733.9,M,-21.3,M,,*5C
$GPRMC,073446.00,A,4000.9266,N,10515.8782,W,3.69,0.0,080726,,,A*73
$GPGGA,073447.00,4000.9277,N,10515.8782,W,1,09,1.22,1734.2,M,-21.3,M,,*51
$GPRMC,073447.00,A,4000.9277,N,10515.8782,W,3.69,0.0,080726,,,A*72
$GPGGA,073448.00,4000.9287,N,10515.8782,W,1,09,1.22,1734.6,M,-21.3,M,,*55
$GPRMC,073448.00,A,4000.9287,N,10515.8782,W,3.69,0.0,080726,,,A*72
$GPGGA,073449.00,4000.9297,N,10515.8782,W,1,09,1.22,1734.9,M,-21.3,M,,*5A
$GPRMC,073449.00,A,4000.9297,N,10515.8782,W,3.69,0.0,080726,,,A*72
$GPGGA,073450.00,4000.9307,N,10515.8782,W,1,09,1.22,1735.2,M,-21.3,M,,*50
$GPRMC,073450.00,A,4000.9307,N,10515.8782,W,3.69,0.0,080726,,,A*72
$GPGGA,073451.00,4000.9317,N,10515.8782,W,1,09,1.22,1735.6,M,-21.3,M,,*54
$GPRMC,073451.00,A,4000.9317,N,10515.8782,W,3.69,0.0,080726,,,A*72
$GPGGA,073452.00,4000.9328,N,10515.8782,W,1,09,1.22,1735.9,M,-21.3,M,,*54
$GPRMC,073452.00,A,4000.9328,N,10515.8782,W,3.69,0.0,080726,,,A*7D
$GPGGA,073453.00,4000.9338,N,10515.8782,W,1,09,1.22,1736.3,M,-21.3,M,,*5D
$GPRMC,073453.00,A,4000.9338,N,10515.8782,W,3.69,0.0,080726,,,A*7D
$GPGGA,073454.00,4000.9348,N,10515.8782,W,1,09,1.22,1736.6,M,-21.3,M,,*58
$GPRMC,073454.00,A,4000.9348,N,10515.8782,W,3.69,0.0,080726,,,A*7D
$GPGGA,073455.00,4000.9358,N,10515.8782,W,1,09,1.22,1737.0,M,-21.3,M,,*5F
$GPRMC,073455.00,A,4000.9358,N,10515.8782,W,3.69,0.0,080726,,,A*7D
$GPGGA,073456.00,4000.9369,N,10515.8782,W,1,09,1.22,1737.3,M,-21.3,M,,*5D
$GPRMC,073456.00,A,4000.9369,N,10515.8782,W,3.69,0.0,080726,,,A*7C
$GPGGA,073457.00,4000.9379,N,10515.8782,W,1,08,1.36,1737.6,M,-21.3,M,,*5C
$GPRMC,073457.00,A,4000.9379,N,10515.8782,W,3.69,0.0,080726,,,A*7C
$GPGGA,073458.00,4000.9389,N,10515.8782,W,1,08,1.36,1738.0,M,-21.3,M,,*55
$GPRMC,073458.00,A,4000.9389,N,10515.8782,W,3.69,0.0,080726,,,A*7C
$GPGGA,073459.00,4000.9399,N,10515.8782,W,1,08,1.36,1738.3,M,-21.3,M,,*56
$GPRMC,073459.00,A,4000.9399,N,10515.8782,W,3.69,0.0,080726,,,A*7C
$GPGSV,2,1,08,05,55,120,44,07,34,210,38,13,21,300,35,15,60,045,44*7B
$GPGSV,2,2,08,18,12,090,30,20,48,270,41,24,08,180,28,30,29,330,37*7E
$GPGGA,073500.00,4000.9410,N,10515.8782,W,1,08,1.36,1738.7,M,-21.3,M,,*59
$GPRMC,073500.00,A,4000.9410,N,10515.8782,W,3.69,0.0,080726,,,A*77
$GPGGA,073501.00,4000.9420,N,10515.8782,W,1,08,1.36,1739.0,M,-21.3,M,,*5D
$GPRMC,073501.00,A,4000.9420,N,10515.8782,W,3.69,0.0,080726,,,A*75
$GPGGA,073502.00,4000.9430,N,10515.8782,W,1,08,1.36,1739.3,M,-21.3,M,,*5C
$GPRMC,073502.00,A,4000.9430,N,10515.8782,W,3.69,0.0,080726,,,A*77
$GPGGA,073503.00,4000.9440,N,10515.8782,W,1,08,1.36,1739.7,M,-21.3,M,,*5E
$GPRMC,073503.00,A,4000.9440,N,10515.8782,W,3.69,0.0,080726,,,A*71
$GPGGA,073504.00,4000.9451,N,10515.8782,W,1,08,1.36,1740.0,M,-21.3,M,,*50
$GPRMC,073504.00,A,4000.9451,N,10515.8782,W,3.69,0.0,080726,,,A*76
$GPGGA,073505.00,4000.9461,N,10515.8782,W,1,08,1.36,1740.4,M,-21.3,M,,*56
$GPRMC,073505.00,A,4000.9461,N,10515.8782,W,3.69,0.0,080726,,,A*74
$GPGGA,073506.00,4000.9471,N,10515.8782,W,1,08,1.36,1740.7,M,-21.3,M,,*57
$GPRMC,073506.00,A,4000.9471,N,10515.8782,W,3.69,0.0,080726,,,A*76
$GPGGA,073507.00,4000.9481,N,10515.8782,W,1,08,1.36,1741.1,M,-21.3,M,,*5E
$GPRMC,073507.00,A,4000.9481,N,10515.8782,W,3.69,0.0,080726,,,A*78
$GPGGA,073508.00,4000.9492,N,10515.8782,W,1,08,1.36,1741.4,M,-21.3,M,,*56
$GPRMC,073508.00,A,4000.9492,N,10515.8782,W,3.69,0.0,080726,,,A*75
$GPGGA,073509.00,4000.9502,N,10515.8782,W,1,08,1.36,1741.7,M,-21.3,M,,*5C
$GPRMC,073509.00,A,4000.9502,N,10515.8782,W,3.69,0.0,080726,,,A*7C
$GPGGA,073510.00,4000.9512,N,10515.8782,W,1,08,1.36,1742.1,M,-21.3,M,,*50
$GPRMC,073510.00,A,4000.9512,N,10515.8782,W,3.69,0.0,080726,,,A*75
$GPGGA,073511.00,4000.9522,N,10515.8782,W,1,08,1.36,1742.4,M,-21.3,M,,*57
$GPRMC,073511.00,A,4000.9522,N,10515.8782,W,3.69,0.0,080726,,,A*77
$GPGGA,073512.00,4000.9533,N,10515.8782,W,1,08,1.36,1742.8,M,-21.3,M,,*58
$GPRMC,073512.00,A,4000.9533,N,10515.8782,W,3.69,0.0,080726,,,A*74
$GPGGA,073513.00,4000.9543,N,10515.8782,W,1,08,1.36,1743.1,M,-21.3,M,,*56
$GPRMC,073513.00,A,4000.9543,N,10515.8782,W,3.69,0.0,080726,,,A*72
$GPGGA,073514.00,4000.9553,N,10515.8782,W,1,08,1.36,1743.4,M,-21.3,M,,*55
$GPRMC,073514.00,A,4000.9553,N,10515.8782,W,3.69,0.0,080726,,,A*74
$GPGGA,073515.00,4000.9563,N,10515.8782,W,1,08,1.36,1743.8,M,-21.3,M,,*5B
$GPRMC,073515.00,A,4000.9563,N,10515.8782,W,3.69,0.0,080726,,,A*76
$GPGGA,073516.00,4000.9573,N,10515.8782,W,1,08,1.36,1744.1,M,-21.3,M,,*57
$GPRMC,073516.00,A,4000.9573,N,10515.8782,W,3.69,0.0,080726,,,A*74
$GPGGA,073517.00,4000.9584,N,10515.8782,W,1,08,1.36,1744.5,M,-21.3,M,,*5A
$GPRMC,073517.00,A,4000.9584,N,10515.8782,W,3.69,0.0,080726,,,A*7D
$GPGGA,073518.00,4000.9594,N,10515.8782,W,1,08,1.36,1744.8,M,-21.3,M,,*59
$GPRMC,073518.00,A,4000.9594,N,10515.8782,W,3.69,0.0,080726,,,A*73
$GPGGA,073519.00,4000.9604,N,10515.8782,W,1,08,1.36,1745.2,M,-21.3,M,,*59
$GPRMC,073519.00,A,4000.9604,N,10515.8782,W,3.69,0.0,080726,,,A*78
$GPGGA,073520.00,4000.9614,N,10515.8782,W,1,08,1.36,1745.5,M,-21.3,M,,*55
$GPRMC,073520.00,A,4000.9614,N,10515.8782,W,3.69,0.0,080726,,,A*73
$GPGGA,073521.00,4000.9625,N,10515.8782,W,1,08,1.36,1745.8,M,-21.3,M,,*5B
$GPRMC,073521.00,A,4000.9625,N,10515.8782,W,3.69,0.0,080726,,,A*70
$GPGGA,073522.00,4000.9635,N,10515.8782,W,1,08,1.36,1746.2,M,-21.3,M,,*50
$GPRMC,073522.00,A,4000.9635,N,10515.8782,W,3.69,0.0,080726,,,A*72
$GPGGA,073523.00,4000.9645,N,10515.8782,W,1,08,1.36,1746.5,M,-21.3,M,,*51
$GPRMC,073523.00,A,4000.9645,N,10515.8782,W,3.69,0.0,080726,,,A*74
$GPGGA,073524.00,4000.9655,N,10515.8782,W,1,08,1.36,1746.9,M,-21.3,M,,*5B
$GPRMC,073524.00,A,4000.9655,N,10515.8782,W,3.69,0.0,080726,,,A*72
$GPGGA,073525.00,4000.9666,N,10515.8782,W,1,08,1.36,1747.2,M,-21.3,M,,*50
$GPRMC,073525.00,A,4000.9666,N,10515.8782,W,3.69,0.0,080726,,,A*73
$GPGGA,073526.00,4000.9676,N,10515.8782,W,1,08,1.36,1747.6,M,-21.3,M,,*56
$GPRMC,073526.00,A,4000.9676,N,10515.8782,W,3.69,0.0,080726,,,A*71
$GPGGA,073527.00,4000.9686,N,10515.8782,W,1,08,1.36,1747.9,M,-21.3,M,,*57
$GPRMC,073527.00,A,4000.9686,N,10515.8782,W,3.69,0.0,080726,,,A*7F
$GPGGA,073528.00,4000.9696,N,10515.8782,W,1,08,1.36,1748.2,M,-21.3,M,,*5D
$GPRMC,073528.00,A,4000.9696,N,10515.8782,W,3.69,0.0,080726,,,A*71
$GPGGA,073529.00,4000.9707,N,10515.8782,W,1,08,1.36,1748.6,M,-21.3,M,,*51
$GPRMC,073529.00,A,4000.9707,N,10515.8782,W,3.69,0.0,080726,,,A*79
$GPGSV,2,1,08,05,55,120,44,07,34,210,38,13,21,300,35,15,60,045,44*7B
$GPGSV,2,2,08,18,12,090,30,20,48,270,41,24,08,180,28,30,29,330,37*7E
$GPGGA,073530.00,4000.9717,N,10515.8782,W,1,08,1.36,1748.9,M,-21.3,M,,*57
$GPRMC,073530.00,A,4000.9717,N,10515.8782,W,3.69,0.0,080726,,,A*70
$GPGGA,073531.00,4000.9727,N,10515.8782,W,1,08,1.36,1749.3,M,-21.3,M,,*5E
$GPRMC,073531.00,A,4000.9727,N,10515.8782,W,3.69,0.0,080726,,,A*72
$GPGGA,073532.00,4000.9737,N,10515.8782,W,1,08,1.36,1749.6,M,-21.3,M,,*59
$GPRMC,073532.00,A,4000.9737,N,10515.8782,W,3.69,0.0,080726,,,A*70
$GPGGA,073533.00,4000.9748,N,10515.8782,W,1,08,1.36,1749.9,M,-21.3,M,,*5F
$GPRMC,073533.00,A,4000.9748,N,10515.8782,W,3.69,0.0,080726,,,A*79
$GPGGA,073534.00,4000.9758,N,10515.8782,W,1,08,1.36,1750.3,M,-21.3,M,,*5B
$GPRMC,073534.00,A,4000.9758,N,10515.8782,W,3.69,0.0,080726,,,A*7F
$GPGGA,073535.00,4000.9768,N,10515.8782,W,1,08,1.36,1750.6,M,-21.3,M,,*5C
$GPRMC,073535.00,A,4000.9768,N,10515.8782,W,3.69,0.0,080726,,,A*7D
$GPGGA,073536.00,4000.9778,N,10515.8782,W,1,08,1.36,1751.0,M,-21.3,M,,*59
$GPRMC,073536.00,A,4000.9778,N,10515.8782,W,3.69,0.0,080726,,,A*7F
$GPGGA,073537.00,4000.9789,N,10515.8782,W,1,08,1.36,1751.3,M,-21.3,M,,*55
$GPRMC,073537.00,A,4000.9789,N,10515.8782,W,3.69,0.0,080726,,,A*70
$GPGGA,073538.00,4000.9799,N,10515.8782,W,1,08,1.36,1751.7,M,-21.3,M,,*5F
$GPRMC,073538.00,A,4000.9799,N,10515.8782,W,3.69,0.0,080726,,,A*7E
$GPGGA,073539.00,4000.9809,N,10515.8782,W,1,08,1.36,1752.0,M,-21.3,M,,*5C
$GPRMC,073539.00,A,4000.9809,N,10515.8782,W,3.69,0.0,080726,,,A*79
$GPGGA,073540.00,4000.9819,N,10515.8782,W,1,08,1.36,1752.3,M,-21.3,M,,*50
$GPRMC,073540.00,A,4000.9819,N,10515.8782,W,3.69,0.0,080726,,,A*76
$GPGGA,073541.00,4000.9830,N,10515.8782,W,1,08,1.36,1752.7,M,-21.3,M,,*5E
$GPRMC,073541.00,A,4000.9830,N,10515.8782,W,3.69,0.0,080726,,,A*7C
$GPGGA,073542.00,4000.9840,N,10515.8782,W,1,08,1.36,1753.0,M,-21.3,M,,*5C
$GPRMC,073542.00,A,4000.9840,N,10515.8782,W,3.69,0.0,080726,,,A*78
$GPGGA,073543.00,4000.9850,N,10515.8782,W,1,08,1.36,1753.4,M,-21.3,M,,*58
$GPRMC,073543.00,A,4000.9850,N,10515.8782,W,3.69,0.0,080726,,,A*78
$GPGGA,073544.00,4000.9860,N,10515.8782,W,1,08,1.36,1753.7,M,-21.3,M,,*5F
$GPRMC,073544.00,A,4000.9860,N,10515.8782,W,3.69,0.0,080726,,,A*7C
$GPGGA,073545.00,4000.9870,N,10515.8782,W,1,08,1.36,1754.1,M,-21.3,M,,*5E
$GPRMC,073545.00,A,4000.9870,N,10515.8782,W,3.69,0.0,080726,,,A*7C
$GPGGA,073546.00,4000.9881,N,10515.8782,W,1,08,1.36,1754.4,M,-21.3,M,,*56
$GPRMC,073546.00,A,4000.9881,N,10515.8782,W,3.69,0.0,080726,,,A*71
$GPGGA,073547.00,4000.9891,N,10515.8782,W,1,08,1.36,1754.7,M,-21.3,M,,*55
$GPRMC,073547.00,A,4000.9891,N,10515.8782,W,3.69,0.0,080726,,,A*71
$GPGGA,073548.00,4000.9901,N,10515.8782,W,1,08,1.36,1755.1,M,-21.3,M,,*55
$GPRMC,073548.00,A,4000.9901,N,10515.8782,W,3.69,0.0,080726,,,A*76
$GPGGA,073549.00,4000.9911,N,10515.8782,W,1,08,1.36,1755.4,M,-21.3,M,,*50
$GPRMC,073549.00,A,4000.9911,N,10515.8782,W,3.69,0.0,080726,,,A*76
$GPGGA,073550.00,4000.9922,N,10515.8782,W,1,08,1.36,1755.8,M,-21.3,M,,*54
$GPRMC,073550.00,A,4000.9922,N,10515.8782,W,3.69,0.0,080726,,,A*7E
$GPGGA,073551.00,4000.9932,N,10515.8782,W,1,08,1.36,1756.1,M,-21.3,M,,*5E
$GPRMC,073551.00,A,4000.9932,N,10515.8782,W,3.69,0.0,080726,,,A*7E
$GPGGA,073552.00,4000.9942,N,10515.8782,W,1,08,1.36,1756.4,M,-21.3,M,,*5F
$GPRMC,073552.00,A,4000.9942,N,10515.8782,W,3.69,0.0,080726,,,A*7A
$GPGGA,073553.00,4000.9952,N,10515.8782,W,1,08,1.36,1756.8,M,-21.3,M,,*53
$GPRMC,073553.00,A,4000.9952,N,10515.8782,W,3.69,0.0,080726,,,A*7A
$GPGGA,073554.00,4000.9963,N,10515.8782,W,1,08,1.36,1757.1,M,-21.3,M,,*5E
$GPRMC,073554.00,A,4000.9963,N,10515.8782,W,3.69,0.0,080726,,,A*7F
$GPGGA,073555.00,4000.9973,N,10515.8782,W,1,08,1.36,1757.5,M,-21.3,M,,*5A
$GPRMC,073555.00,A,4000.9973,N,10515.8782,W,3.69,0.0,080726,,,A*7F
$GPGGA,073556.00,4000.9983,N,10515.8782,W,1,08,1.36,1757.8,M,-21.3,M,,*5B
$GPRMC,073556.00,A,4000.9983,N,10515.8782,W,3.69,0.0,080726,,,A*73
$GPGGA,073557.00,4000.9993,N,10515.8782,W,1,08,1.36,1758.2,M,-21.3,M,,*5E
$GPRMC,073557.00,A,4000.9993,N,10515.8782,W,3.69,0.0,080726,,,A*73
$GPGGA,073558.00,4001.0004,N,10515.8782,W,1,08,1.36,1758.5,M,-21.3,M,,*59
$GPRMC,073558.00,A,4001.0004,N,10515.8782,W,3.69,0.0,080726,,,A*73
$GPGGA,073559.00,4001.0014,N,10515.8782,W,1,08,1.36,1758.8,M,-21.3,M,,*54
$GPRMC,073559.00,A,4001.0014,N,10515.8782,W,3.69,0.0,080726,,,A*73
$GPGSV,2,1,08,05,55,120,44,07,34,210,38,13,21,300,35,15,60,045,44*7B
$GPGSV,2,2,08,18,12,090,30,20,48,270,41,24,08,180,28,30,29,330,37*7E
$GPGGA,073600.00,4001.0024,N,10515.8782,W,1,08,1.36,1759.2,M,-21.3,M,,*53
$GPRMC,073600.00,A,4001.0024,N,10515.8782,W,3.69,0.0,080726,,,A*7F
$GPGGA,073601.00,4001.0034,N,10515.8782,W,1,08,1.36,1759.5,M,-21.3,M,,*54
$GPRMC,073601.00,A,4001.0034,N,10515.8782,W,3.69,0.0,080726,,,A*7F
$GPGGA,073602.00,4001.0045,N,10515.8782,W,1,08,1.36,1759.9,M,-21.3,M,,*5D
$GPRMC,073602.00,A,4001.0045,N,10515.8782,W,3.69,0.0,080726,,,A*7A
$GPGGA,073603.00,4001.0055,N,10515.8782,W,1,08,1.36,1760.2,M,-21.3,M,,*5C
$GPRMC,073603.00,A,4001.0055,N,10515.8782,W,3.69,0.0,080726,,,A*7A
$GPGGA,073604.00,4001.0065,N,10515.8782,W,1,08,1.36,1760.5,M,-21.3,M,,*5F
$GPRMC,073604.00,A,4001.0065,N,10515.8782,W,3.69,0.0,080726,,,A*7E
$GPGGA,073605.00,4001.0075,N,10515.8782,W,1,08,1.36,1760.9,M,-21.3,M,,*53
$GPRMC,073605.00,A,4001.0075,N,10515.8782,W,3.69,0.0,080726,,,A*7E
$GPGGA,073606.00,4001.0086,N,10515.8782,W,1,08,1.36,1761.2,M,-21.3,M,,*56
$GPRMC,073606.00,A,4001.0086,N,10515.8782,W,3.69,0.0,080726,,,A*71
$GPGGA,073607.00,4001.0096,N,10515.8782,W,1,08,1.36,1761.6,M,-21.3,M,,*52
$GPRMC,073607.00,A,4001.0096,N,10515.8782,W,3.69,0.0,080726,,,A*71
$GPGGA,073608.00,4001.0106,N,10515.8782,W,1,08,1.36,1761.9,M,-21.3,M,,*5A
$GPRMC,073608.00,A,4001.0106,N,10515.8782,W,3.69,0.0,080726,,,A*76
$GPGGA,073609.00,4001.0116,N,10515.8782,W,1,08,1.36,1762.3,M,-21.3,M,,*53
$GPRMC,073609.00,A,4001.0116,N,10515.8782,W,3.69,0.0,080726,,,A*76
$GPGGA,073610.00,4001.0126,N,10515.8782,W,1,08,1.36,1762.6,M,-21.3,M,,*5D
$GPRMC,073610.00,A,4001.0126,N,10515.8782,W,3.69,0.0,080726,,,A*7D
$GPGGA,073611.00,4001.0137,N,10515.8782,W,1,08,1.36,1762.9,M,-21.3,M,,*53
$GPRMC,073611.00,A,4001.0137,N,10515.8782,W,3.69,0.0,080726,,,A*7C
$GPGGA,073612.00,4001.0147,N,10515.8782,W,1,08,1.36,1763.3,M,-21.3,M,,*5C
$GPRMC,073612.00,A,4001.0147,N,10515.8782,W,3.69,0.0,080726,,,A*78
$GPGGA,073613.00,4001.0157,N,10515.8782,W,1,08,1.36,1763.6,M,-21.3,M,,*59
$GPRMC,073613.00,A,4001.0157,N,10515.8782,W,3.69,0.0,080726,,,A*78
$GPGGA,073614.00,4001.0167,N,10515.8782,W,1,08,1.36,1764.0,M,-21.3,M,,*5C
$GPRMC,073614.00,A,4001.0167,N,10515.8782,W,3.69,0.0,080726,,,A*7C
$GPGGA,073615.00,4001.0178,N,10515.8782,W,1,08,1.36,1764.3,M,-21.3,M,,*50
$GPRMC,073615.00,A,4001.0178,N,10515.8782,W,3.69,0.0,080726,,,A*73
$GPGGA,073616.00,4001.0188,N,10515.8782,W,1,08,1.36,1764.7,M,-21.3,M,,*58
$GPRMC,073616.00,A,4001.0188,N,10515.8782,W,3.69,0.0,080726,,,A*7F
$GPGGA,073617.00,4001.0198,N,10515.8782,W,1,08,1.36,1765.0,M,-21.3,M,,*5E
$GPRMC,073617.00,A,4001.0198,N,10515.8782,W,3.69,0.0,080726,,,A*7F
$GPGGA,073618.00,4001.0208,N,10515.8782,W,1,08,1.36,1765.3,M,-21.3,M,,*58
$GPRMC,073618.00,A,4001.0208,N,10515.8782,W,3.69,0.0,080726,,,A*7A
$GPGGA,073619.00,4001.0219,N,10515.8782,W,1,08,1.36,1765.7,M,-21.3,M,,*5D
$GPRMC,073619.00,A,4001.0219,N,10515.8782,W,3.69,0.0,080726,,,A*7B
$GPGGA,073620.00,4001.0229,N,10515.8782,W,1,08,1.36,1766.0,M,-21.3,M,,*50
$GPRMC,073620.00,A,4001.0229,N,10515.8782,W,3.69,0.0,080726,,,A*72
$GPGGA,073621.00,4001.0239,N,10515.8782,W,1,08,1.36,1766.4,M,-21.3,M,,*54
$GPRMC,073621.00,A,4001.0239,N,10515.8782,W,3.69,0.0,080726,,,A*72
$GPGGA,073622.00,4001.0249,N,10515.8782,W,1,08,1.36,1766.7,M,-21.3,M,,*53
$GPRMC,073622.00,A,4001.0249,N,10515.8782,W,3.69,0.0,080726,,,A*76
$GPGGA,073623.00,4001.0260,N,10515.8782,W,1,08,1.36,1767.0,M,-21.3,M,,*5F
$GPRMC,073623.00,A,4001.0260,N,10515.8782,W,3.69,0.0,080726,,,A*7C
$GPGGA,073624.00,4001.0270,N,10515.8782,W,1,08,1.36,1767.4,M,-21.3,M,,*5D
$GPRMC,073624.00,A,4001.0270,N,10515.8782,W,3.69,0.0,080726,,,A*7A
$GPGGA,073625.00,4001.0280,N,10515.8782,W,1,08,1.36,1767.7,M,-21.3,M,,*50
$GPRMC,073625.00,A,4001.0280,N,10515.8782,W,3.69,0.0,080726,,,A*74
$GPGGA,073626.00,4001.0290,N,10515.8782,W,1,08,1.36,1768.1,M,-21.3,M,,*5B
$GPRMC,073626.00,A,4001.0290,N,10515.8782,W,3.69,0.0,080726,,,A*76
$GPGGA,073627.00,4001.0301,N,10515.8782,W,1,08,1.36,1768.4,M,-21.3,M,,*56
$GPRMC,073627.00,A,4001.0301,N,10515.8782,W,3.69,0.0,080726,,,A*7E
$GPGGA,073628.00,4001.0311,N,10515.8782,W,1,08,1.36,1768.8,M,-21.3,M,,*54
$GPRMC,073628.00,A,4001.0311,N,10515.8782,W,3.69,0.0,080726,,,A*70
$GPGGA,073629.00,4001.0321,N,10515.8782,W,1,08,1.36,1769.1,M,-21.3,M,,*5E
$GPRMC,073629.00,A,4001.0321,N,10515.8782,W,3.69,0.0,080726,,,A*72
$GPGSV,2,1,08,05,55,120,44,07,34,210,38,13,21,300,35,15,60,045,44*7B
$GPGSV,2,2,08,18,12,090,30,20,48,270,41,24,08,180,28,30,29,330,37*7E
$GPGGA,073630.00,4001.0331,N,10515.8782,W,1,08,1.36,1769.4,M,-21.3,M,,*52
$GPRMC,073630.00,A,4001.0331,N,10515.8782,W,3.69,0.0,080726,,,A*7B
$GPGGA,073631.00,4001.0342,N,10515.8782,W,1,08,1.36,1769.8,M,-21.3,M,,*5B
$GPRMC,073631.00,A,4001.0342,N,10515.8782,W,3.69,0.0,080726,,,A*7E
$GPGGA,073632.00,4001.0352,N,10515.8782,W,1,08,1.36,1770.1,M,-21.3,M,,*58
$GPRMC,073632.00,A,4001.0352,N,10515.8782,W,3.69,0.0,080726,,,A*7C
$GPGGA,073633.00,4001.0362,N,10515.8782,W,1,08,1.36,1770.5,M,-21.3,M,,*5E
$GPRMC,073633.00,A,4001.0362,N,10515.8782,W,3.69,0.0,080726,,,A*7E
$GPGGA,073634.00,4001.0372,N,10515.8782,W,1,08,1.36,1770.8,M,-21.3,M,,*55
$GPRMC,073634.00,A,4001.0372,N,10515.8782,W,3.69,0.0,080726,,,A*78
$GPGGA,073635.00,4001.0383,N,10515.8782,W,1,08,1.36,1771.2,M,-21.3,M,,*51
$GPRMC,073635.00,A,4001.0383,N,10515.8782,W,3.69,0.0,080726,,,A*77
$GPGGA,073636.00,4001.0393,N,10515.8782,W,1,08,1.36,1771.5,M,-21.3,M,,*54
$GPRMC,073636.00,A,4001.0393,N,10515.8782,W,3.69,0.0,080726,,,A*75
$GPGGA,073637.00,4001.0403,N,10515.8782,W,1,08,1.36,1771.8,M,-21.3,M,,*56
$GPRMC,073637.00,A,4001.0403,N,10515.8782,W,3.69,0.0,080726,,,A*7A
$GPGGA,073638.00,4001.0413,N,10515.8782,W,1,08,1.36,1772.2,M,-21.3,M,,*51
$GPRMC,073638.00,A,4001.0413,N,10515.8782,W,3.69,0.0,080726,,,A*74
$GPGGA,073639.00,4001.0423,N,10515.8782,W,1,08,1.36,1772.5,M,-21.3,M,,*54
$GPRMC,073639.00,A,4001.0423,N,10515.8782,W,3.69,0.0,080726,,,A*76
$GPGGA,073640.00,4001.0434,N,10515.8782,W,1,08,1.36,1772.9,M,-21.3,M,,*50
$GPRMC,073640.00,A,4001.0434,N,10515.8782,W,3.69,0.0,080726,,,A*7E
$GPGGA,073641.00,4001.0444,N,10515.8782,W,1,08,1.36,1773.2,M,-21.3,M,,*5C
$GPRMC,073641.00,A,4001.0444,N,10515.8782,W,3.69,0.0,080726,,,A*78
$GPGGA,073642.00,4001.0454,N,10515.8782,W,1,08,1.36,1773.5,M,-21.3,M,,*59
$GPRMC,073642.00,A,4001.0454,N,10515.8782,W,3.69,0.0,080726,,,A*7A
$GPGGA,073643.00,4001.0464,N,10515.8782,W,1,08,1.36,1773.9,M,-21.3,M,,*57
$GPRMC,073643.00,A,4001.0464,N,10515.8782,W,3.69,0.0,080726,,,A*78
$GPGGA,073644.00,4001.0475,N,10515.8782,W,1,08,1.36,1774.2,M,-21.3,M,,*5C
$GPRMC,073644.00,A,4001.0475,N,10515.8782,W,3.69,0.0,080726,,,A*7F
$GPGGA,073645.00,4001.0485,N,10515.8782,W,1,08,1.36,1774.6,M,-21.3,M,,*56
$GPRMC,073645.00,A,4001.0485,N,10515.8782,W,3.69,0.0,080726,,,A*71
$GPGGA,073646.00,4001.0495,N,10515.8782,W,1,08,1.36,1774.9,M,-21.3,M,,*5B
$GPRMC,073646.00,A,4001.0495,N,10515.8782,W,3.69,0.0,080726,,,A*73
$GPGGA,073647.00,4001.0505,N,10515.8782,W,1,08,1.36,1775.3,M,-21.3,M,,*59
$GPRMC,073647.00,A,4001.0505,N,10515.8782,W,3.69,0.0,080726,,,A*7A
$GPGGA,073648.00,4001.0516,N,10515.8782,W,1,08,1.36,1775.6,M,-21.3,M,,*51
$GPRMC,073648.00,A,4001.0516,N,10515.8782,W,3.69,0.0,080726,,,A*77
$GPGGA,073649.00,4001.0526,N,10515.8782,W,1,08,1.36,1775.9,M,-21.3,M,,*5C
$GPRMC,073649.00,A,4001.0526,N,10515.8782,W,3.69,0.0,080726,,,A*75
$GPGGA,073650.00,4001.0536,N,10515.8782,W,1,08,1.36,1776.3,M,-21.3,M,,*5C
$GPRMC,073650.00,A,4001.0536,N,10515.8782,W,3.69,0.0,080726,,,A*7C
$GPGGA,073651.00,4001.0546,N,10515.8782,W,1,08,1.36,1776.6,M,-21.3,M,,*5F
$GPRMC,073651.00,A,4001.0546,N,10515.8782,W,3.69,0.0,080726,,,A*7A
$GPGGA,073652.00,4001.0557,N,10515.8782,W,1,08,1.36,1777.0,M,-21.3,M,,*5B
$GPRMC,073652.00,A,4001.0557,N,10515.8782,W,3.69,0.0,080726,,,A*79
$GPGGA,073653.00,4001.0567,N,10515.8782,W,1,08,1.36,1777.3,M,-21.3,M,,*5A
$GPRMC,073653.00,A,4001.0567,N,10515.8782,W,3.69,0.0,080726,,,A*7B
$GPGGA,073654.00,4001.0577,N,10515.8782,W,1,08,1.36,1777.6,M,-21.3,M,,*59
$GPRMC,073654.00,A,4001.0577,N,10515.8782,W,3.69,0.0,080726,,,A*7D
$GPGGA,073655.00,4001.0587,N,10515.8782,W,1,08,1.36,1778.0,M,-21.3,M,,*5E
$GPRMC,073655.00,A,4001.0587,N,10515.8782,W,3.69,0.0,080726,,,A*73
$GPGGA,073656.00,4001.0598,N,10515.8782,W,1,08,1.36,1778.3,M,-21.3,M,,*50
$GPRMC,073656.00,A,4001.0598,N,10515.8782,W,3.69,0.0,080726,,,A*7E
$GPGGA,073657.00,4001.0608,N,10515.8782,W,1,08,1.36,1778.7,M,-21.3,M,,*5F
$GPRMC,073657.00,A,4001.0608,N,10515.8782,W,3.69,0.0,080726,,,A*75
$GPGGA,073658.00,4001.0618,N,10515.8782,W,1,08,1.36,1779.0,M,-21.3,M,,*57
$GPRMC,073658.00,A,4001.0618,N,10515.8782,W,3.69,0.0,080726,,,A*7B
$GPGGA,073659.00,4001.0628,N,10515.8782,W,1,08,1.36,1779.4,M,-21.3,M,,*51
$GPRMC,073659.00,A,4001.0628,N,10515.8782,W,3.69,0.0,080726,,,A*79
$GPGSV,2,1,08,05,55,120,44,07,34,210,38,13,21,300,35,15,60,045,44*7B
$GPGSV,2,2,08,18,12,090,30,20,48,270,41,24,08,180,28,30,29,330,37*7E
$GPGGA,073700.00,4001.0639,N,10515.8782,W,1,08,1.36,1779.7,M,-21.3,M,,*5F
$GPRMC,073700.00,A,4001.0639,N,10515.8782,W,3.69,0.0,080726,,,A*74
$GPGGA,073701.00,4001.0649,N,10515.8782,W,1,08,1.36,1780.0,M,-21.3,M,,*58
$GPRMC,073701.00,A,4001.0649,N,10515.8782,W,3.69,0.0,080726,,,A*72
$GPGGA,073702.00,4001.0659,N,10515.8782,W,1,08,1.36,1780.4,M,-21.3,M,,*5E
$GPRMC,073702.00,A,4001.0659,N,10515.8782,W,3.69,0.0,080726,,,A*70
$GPGGA,073703.00,4001.0669,N,10515.8782,W,1,08,1.36,1780.7,M,-21.3,M,,*5F
$GPRMC,073703.00,A,4001.0669,N,10515.8782,W,3.69,0.0,080726,,,A*72
$GPGGA,073704.00,4001.0679,N,10515.8782,W,1,08,1.36,1781.1,M,-21.3,M,,*5E
$GPRMC,073704.00,A,4001.0679,N,10515.8782,W,3.69,0.0,080726,,,A*74
$GPGGA,073705.00,4001.0690,N,10515.8782,W,1,08,1.36,1781.4,M,-21.3,M,,*5D
$GPRMC,073705.00,A,4001.0690,N,10515.8782,W,3.69,0.0,080726,,,A*72
$GPGGA,073706.00,4001.0700,N,10515.8782,W,1,08,1.36,1781.8,M,-21.3,M,,*5A
$GPRMC,073706.00,A,4001.0700,N,10515.8782,W,3.69,0.0,080726,,,A*79
$GPGGA,073707.00,4001.0710,N,10515.8782,W,1,08,1.36,1782.1,M,-21.3,M,,*50
$GPRMC,073707.00,A,4001.0710,N,10515.8782,W,3.69,0.0,080726,,,A*79
$GPGGA,073708.00,4001.0720,N,10515.8782,W,1,08,1.36,1782.4,M,-21.3,M,,*59
$GPRMC,073708.00,A,4001.0720,N,10515.8782,W,3.69,0.0,080726,,,A*75
$GPGGA,073709.00,4001.0731,N,10515.8782,W,1,08,1.36,1782.8,M,-21.3,M,,*54
$GPRMC,073709.00,A,4001.0731,N,10515.8782,W,3.69,0.0,080726,,,A*74
$GPGGA,073710.00,4001.0741,N,10515.8782,W,1,08,1.36,1783.1,M,-21.3,M,,*53
$GPRMC,073710.00,A,4001.0741,N,10515.8782,W,3.69,0.0,080726,,,A*7B
$GPGGA,073711.00,4001.0751,N,10515.8782,W,1,08,1.36,1783.5,M,-21.3,M,,*57
$GPRMC,073711.00,A,4001.0751,N,10515.8782,W,3.69,0.0,080726,,,A*7B
$GPGGA,073712.00,4001.0761,N,10515.8782,W,1,08,1.36,1783.8,M,-21.3,M,,*5A
$GPRMC,073712.00,A,4001.0761,N,10515.8782,W,3.69,0.0,080726,,,A*7B
$GPGGA,073713.00,4001.0772,N,10515.8782,W,1,08,1.36,1784.1,M,-21.3,M,,*57
$GPRMC,073713.00,A,4001.0772,N,10515.8782,W,3.69,0.0,080726,,,A*78
$GPGGA,073714.00,4001.0782,N,10515.8782,W,1,08,1.36,1784.5,M,-21.3,M,,*5B
$GPRMC,073714.00,A,4001.0782,N,10515.8782,W,3.69,0.0,080726,,,A*70
$GPGGA,073715.00,4001.0792,N,10515.8782,W,1,08,1.36,1784.8,M,-21.3,M,,*56
$GPRMC,073715.00,A,4001.0792,N,10515.8782,W,3.69,0.0,080726,,,A*70
$GPGGA,073716.00,4001.0802,N,10515.8782,W,1,08,1.36,1785.2,M,-21.3,M,,*58
$GPRMC,073716.00,A,4001.0802,N,10515.8782,W,3.69,0.0,080726,,,A*75
$GPGGA,073717.00,4001.0813,N,10515.8782,W,1,08,1.36,1785.5,M,-21.3,M,,*5E
$GPRMC,073717.00,A,4001.0813,N,10515.8782,W,3.69,0.0,080726,,,A*74
$GPGGA,073718.00,4001.0823,N,10515.8782,W,1,08,1.36,1785.9,M,-21.3,M,,*5E
$GPRMC,073718.00,A,4001.0823,N,10515.8782,W,3.69,0.0,080726,,,A*78
$GPGGA,073719.00,4001.0833,N,10515.8782,W,1,08,1.36,1786.2,M,-21.3,M,,*56
$GPRMC,073719.00,A,4001.0833,N,10515.8782,W,3.69,0.0,080726,,,A*78
$GPGGA,073720.00,4001.0843,N,10515.8782,W,1,08,1.36,1786.5,M,-21.3,M,,*5C
$GPRMC,073720.00,A,4001.0843,N,10515.8782,W,3.69,0.0,080726,,,A*75
$GPGGA,073721.00,4001.0854,N,10515.8782,W,1,08,1.36,1786.9,M,-21.3,M,,*57
$GPRMC,073721.00,A,4001.0854,N,10515.8782,W,3.69,0.0,080726,,,A*72
$GPGGA,073722.00,4001.0864,N,10515.8782,W,1,08,1.36,1787.2,M,-21.3,M,,*5D
$GPRMC,073722.00,A,4001.0864,N,10515.8782,W,3.69,0.0,080726,,,A*72
$GPGGA,073723.00,4001.0874,N,10515.8782,W,1,08,1.36,1787.6,M,-21.3,M,,*59
$GPRMC,073723.00,A,4001.0874,N,10515.8782,W,3.69,0.0,080726,,,A*72
$GPGGA,073724.00,4001.0884,N,10515.8782,W,1,08,1.36,1787.9,M,-21.3,M,,*5E
$GPRMC,073724.00,A,4001.0884,N,10515.8782,W,3.69,0.0,080726,,,A*7A
$GPGGA,073725.00,4001.0895,N,10515.8782,W,1,08,1.36,1788.3,M,-21.3,M,,*5A
$GPRMC,073725.00,A,4001.0895,N,10515.8782,W,3.69,0.0,080726,,,A*7B
$GPGGA,073726.00,4001.0905,N,10515.8782,W,1,08,1.36,1788.6,M,-21.3,M,,*54
$GPRMC,073726.00,A,4001.0905,N,10515.8782,W,3.69,0.0,080726,,,A*70
$GPGGA,073727.00,4001.0915,N,10515.8782,W,1,08,1.36,1788.9,M,-21.3,M,,*5B
$GPRMC,073727.00,A,4001.0915,N,10515.8782,W,3.69,0.0,080726,,,A*70
$GPGGA,073728.00,4001.0925,N,10515.8782,W,1,08,1.36,1789.3,M,-21.3,M,,*5C
$GPRMC,073728.00,A,4001.0925,N,10515.8782,W,3.69,0.0,080726,,,A*7C
$GPGGA,073729.00,4001.0936,N,10515.8782,W,1,08,1.36,1789.6,M,-21.3,M,,*5A
$GPRMC,073729.00,A,4001.0936,N,10515.8782,W,3.69,0.0,080726,,,A*7F
$GPGSV,2,1,08,05,55,120,44,07,34,210,38,13,21,300,35,15,60,045,44*7B
$GPGSV,2,2,08,18,12,090,30,20,48,270,41,24,08,180,28,30,29,330,37*7E
$GPGGA,073730.00,4001.0946,N,10515.8782,W,1,08,1.36,1790.0,M,-21.3,M,,*5B
$GPRMC,073730.00,A,4001.0946,N,10515.8782,W,3.69,0.0,080726,,,A*70
$GPGGA,073731.00,4001.0956,N,10515.8782,W,1,08,1.36,1790.3,M,-21.3,M,,*58
$GPRMC,073731.00,A,4001.0956,N,10515.8782,W,3.69,0.0,080726,,,A*70
$GPGGA,073732.00,4001.0966,N,10515.8782,W,1,08,1.36,1790.6,M,-21.3,M,,*5D
$GPRMC,073732.00,A,4001.0966,N,10515.8782,W,3.69,0.0,080726,,,A*70
$GPGGA,073733.00,4001.0976,N,10515.8782,W,1,08,1.36,1791.0,M,-21.3,M,,*5A
$GPRMC,073733.00,A,4001.0976,N,10515.8782,W,3.69,0.0,080726,,,A*70
$GPGGA,073734.00,4001.0987,N,10515.8782,W,1,08,1.36,1791.3,M,-21.3,M,,*50
$GPRMC,073734.00,A,4001.0987,N,10515.8782,W,3.69,0.0,080726,,,A*79
$GPGGA,073735.00,4001.0997,N,10515.8782,W,1,08,1.36,1791.7,M,-21.3,M,,*54
$GPRMC,073735.00,A,4001.0997,N,10515.8782,W,3.69,0.0,080726,,,A*79
$GPGGA,073736.00,4001.1007,N,10515.8782,W,1,08,1.36,1792.0,M,-21.3,M,,*52
$GPRMC,073736.00,A,4001.1007,N,10515.8782,W,3.69,0.0,080726,,,A*7B
$GPGGA,073737.00,4001.1017,N,10515.8782,W,1,08,1.36,1792.4,M,-21.3,M,,*56
$GPRMC,073737.00,A,4001.1017,N,10515.8782,W,3.69,0.0,080726,,,A*7B
$GPGGA,073738.00,4001.1028,N,10515.8782,W,1,07,1.50,1792.7,M,-21.3,M,,*59
$GPRMC,073738.00,A,4001.1028,N,10515.8782,W,3.69,0.0,080726,,,A*78
$GPGGA,073739.00,4001.1038,N,10515.8782,W,1,07,1.50,1793.0,M,-21.3,M,,*5F
$GPRMC,073739.00,A,4001.1038,N,10515.8782,W,3.69,0.0,080726,,,A*78
$GPGGA,073740.00,4001.1048,N,10515.8782,W,1,07,1.50,1793.4,M,-21.3,M,,*52
$GPRMC,073740.00,A,4001.1048,N,10515.8782,W,3.69,0.0,080726,,,A*71
$GPGGA,073741.00,4001.1058,N,10515.8782,W,1,07,1.50,1793.7,M,-21.3,M,,*51
$GPRMC,073741.00,A,4001.1058,N,10515.8782,W,3.69,0.0,080726,,,A*71
$GPGGA,073742.00,4001.1069,N,10515.8782,W,1,07,1.50,1794.1,M,-21.3,M,,*51
$GPRMC,073742.00,A,4001.1069,N,10515.8782,W,3.69,0.0,080726,,,A*70
$GPGGA,073743.00,4001.1079,N,10515.8782,W,1,07,1.50,1794.4,M,-21.3,M,,*54
$GPRMC,073743.00,A,4001.1079,N,10515.8782,W,3.69,0.0,080726,,,A*70
$GPGGA,073744.00,4001.1089,N,10515.8782,W,1,07,1.50,1794.7,M,-21.3,M,,*5F
$GPRMC,073744.00,A,4001.1089,N,10515.8782,W,3.69,0.0,080726,,,A*78
$GPGGA,073745.00,4001.1099,N,10515.8782,W,1,07,1.50,1795.1,M,-21.3,M,,*58
$GPRMC,073745.00,A,4001.1099,N,10515.8782,W,3.69,0.0,080726,,,A*78
$GPGGA,073746.00,4001.1110,N,10515.8782,W,1,07,1.50,1795.4,M,-21.3,M,,*5E
$GPRMC,073746.00,A,4001.1110,N,10515.8782,W,3.69,0.0,080726,,,A*7B
$GPGGA,073747.00,4001.1120,N,10515.8782,W,1,07,1.50,1795.8,M,-21.3,M,,*50
$GPRMC,073747.00,A,4001.1120,N,10515.8782,W,3.69,0.0,080726,,,A*79
$GPGGA,073748.00,4001.1130,N,10515.8782,W,1,07,1.50,1796.1,M,-21.3,M,,*54
$GPRMC,073748.00,A,4001.1130,N,10515.8782,W,3.69,0.0,080726,,,A*77
$GPGGA,073749.00,4001.1140,N,10515.8782,W,1,07,1.50,1796.5,M,-21.3,M,,*56
$GPRMC,073749.00,A,4001.1140,N,10515.8782,W,3.69,0.0,080726,,,A*71
$GPGGA,073750.00,4001.1151,N,10515.8782,W,1,07,1.50,1796.8,M,-21.3,M,,*53
$GPRMC,073750.00,A,4001.1151,N,10515.8782,W,3.69,0.0,080726,,,A*79
$GPGGA,073751.00,4001.1161,N,10515.8782,W,1,07,1.50,1797.1,M,-21.3,M,,*59
$GPRMC,073751.00,A,4001.1161,N,10515.8782,W,3.69,0.0,080726,,,A*7B
$GPGGA,073752.00,4001.1171,N,10515.8782,W,1,07,1.50,1797.5,M,-21.3,M,,*5F
$GPRMC,073752.00,A,4001.1171,N,10515.8782,W,3.69,0.0,080726,,,A*79
$GPGGA,073753.00,4001.1181,N,10515.8782,W,1,07,1.50,1797.8,M,-21.3,M,,*5C
$GPRMC,073753.00,A,4001.1181,N,10515.8782,W,3.69,0.0,080726,,,A*77
$GPGGA,073754.00,4001.1192,N,10515.8782,W,1,07,1.50,1798.2,M,-21.3,M,,*5C
$GPRMC,073754.00,A,4001.1192,N,10515.8782,W,3.69,0.0,080726,,,A*72
$GPGGA,073755.00,4001.1202,N,10515.8782,W,1,07,1.50,1798.5,M,-21.3,M,,*50
$GPRMC,073755.00,A,4001.1202,N,10515.8782,W,3.69,0.0,080726,,,A*79
$GPGGA,073756.00,4001.1212,N,10515.8782,W,1,07,1.50,1798.9,M,-21.3,M,,*5E
$GPRMC,073756.00,A,4001.1212,N,10515.8782,W,3.69,0.0,080726,,,A*7B
$GPGGA,073757.00,4001.1222,N,10515.8782,W,1,07,1.50,1799.2,M,-21.3,M,,*56
$GPRMC,073757.00,A,4001.1222,N,10515.8782,W,3.69,0.0,080726,,,A*79
$GPGGA,073758.00,4001.1232,N,10515.8782,W,1,07,1.50,1799.5,M,-21.3,M,,*5F
$GPRMC,073758.00,A,4001.1232,N,10515.8782,W,3.69,0.0,080726,,,A*77
$GPGGA,073759.00,4001.1243,N,10515.8782,W,1,07,1.50,1799.9,M,-21.3,M,,*54
$GPRMC,073759.00,A,4001.1243,N,10515.8782,W,3.69,0.0,080726,,,A*70
$GPGSV,2,1,07,05,55,120,44,07,34,210,38,13,21,300,35,15,60,045,44*74
$GPGSV,2,2,07,18,12,090,30,20,48,270,41,24,08,180,28*4D
$GPGGA,073800.00,4001.1253,N,10515.8782,W,1,07,1.50,1800.2,M,-21.3,M,,*52
$GPRMC,073800.00,A,4001.1253,N,10515.8782,W,3.69,0.0,080726,,,A*72
$GPGGA,073801.00,4001.1263,N,10515.8782,W,1,07,1.50,1800.6,M,-21.3,M,,*54
$GPRMC,073801.00,A,4001.1263,N,10515.8782,W,3.69,0.0,080726,,,A*70
$GPGGA,073802.00,4001.1276,N,10515.8782,W,1,07,1.50,1800.6,M,-21.3,M,,*53
$GPRMC,073802.00,A,4001.1276,N,10515.8782,W,4.67,0.0,080726,,,A*7E
$GPGGA,073803.00,4001.1289,N,10515.8782,W,1,07,1.50,1800.6,M,-21.3,M,,*52
$GPRMC,073803.00,A,4001.1289,N,10515.8782,W,4.67,0.0,080726,,,A*7F
$GPGGA,073804.00,4001.1302,N,10515.8782,W,1,07,1.50,1800.6,M,-21.3,M,,*57
$GPRMC,073804.00,A,4001.1302,N,10515.8782,W,4.67,0.0,080726,,,A*7A
$GPGGA,073805.00,4001.1315,N,10515.8782,W,1,07,1.50,1800.6,M,-21.3,M,,*50
$GPRMC,073805.00,A,4001.1315,N,10515.8782,W,4.67,0.0,080726,,,A*7D
$GPGGA,073806.00,4001.1328,N,10515.8782,W,1,07,1.50,1800.6,M,-21.3,M,,*5D
$GPRMC,073806.00,A,4001.1328,N,10515.8782,W,4.67,0.0,080726,,,A*70
$GPGGA,073807.00,4001.1341,N,10515.8782,W,1,07,1.50,1800.6,M,-21.3,M,,*53
$GPRMC,073807.00,A,4001.1341,N,10515.8782,W,4.67,0.0,080726,,,A*7E
$GPGGA,073808.00,4001.1354,N,10515.8782,W,1,07,1.50,1800.6,M,-21.3,M,,*58
$GPRMC,073808.00,A,4001.1354,N,10515.8782,W,4.67,0.0,080726,,,A*75
$GPGGA,073809.00,4001.1367,N,10515.8782,W,1,07,1.50,1800.6,M,-21.3,M,,*59
$GPRMC,073809.00,A,4001.1367,N,10515.8782,W,4.67,0.0,080726,,,A*74
$GPGGA,073810.00,4001.1367,N,10515.8803,W,1,07,1.50,1799.8,M,-21.3,M,,*56
$GPRMC,073810.00,A,4001.1367,N,10515.8803,W,5.83,270.0,080726,,,A*74
$GPGGA,073811.00,4001.1367,N,10515.8824,W,1,07,1.50,1799.0,M,-21.3,M,,*5A
$GPRMC,073811.00,A,4001.1367,N,10515.8824,W,5.83,270.0,080726,,,A*70
$GPGGA,073812.00,4001.1367,N,10515.8845,W,1,07,1.50,1798.2,M,-21.3,M,,*5D
$GPRMC,073812.00,A,4001.1367,N,10515.8845,W,5.83,270.0,080726,,,A*74
$GPGGA,073813.00,4001.1367,N,10515.8866,W,1,07,1.50,1797.4,M,-21.3,M,,*54
$GPRMC,073813.00,A,4001.1367,N,10515.8866,W,5.83,270.0,080726,,,A*74
$GPGGA,073814.00,4001.1367,N,10515.8888,W,1,07,1.50,1796.7,M,-21.3,M,,*51
$GPRMC,073814.00,A,4001.1367,N,10515.8888,W,5.83,270.0,080726,,,A*73
$GPGGA,073815.00,4001.1367,N,10515.8909,W,1,07,1.50,1795.9,M,-21.3,M,,*55
$GPRMC,073815.00,A,4001.1367,N,10515.8909,W,5.83,270.0,080726,,,A*7A
$GPGGA,073816.00,4001.1367,N,10515.8930,W,1,07,1.50,1795.1,M,-21.3,M,,*54
$GPRMC,073816.00,A,4001.1367,N,10515.8930,W,5.83,270.0,080726,,,A*73
$GPGGA,073817.00,4001.1367,N,10515.8951,W,1,07,1.50,1794.3,M,-21.3,M,,*51
$GPRMC,073817.00,A,4001.1367,N,10515.8951,W,5.83,270.0,080726,,,A*75
$GPGGA,073818.00,4001.1367,N,10515.8972,W,1,07,1.50,1793.5,M,-21.3,M,,*5E
$GPRMC,073818.00,A,4001.1367,N,10515.8972,W,5.83,270.0,080726,,,A*7B
$GPGGA,073819.00,4001.1367,N,10515.8993,W,1,07,1.50,1792.8,M,-21.3,M,,*5C
$GPRMC,073819.00,A,4001.1367,N,10515.8993,W,5.83,270.0,080726,,,A*75
$GPGGA,073820.00,4001.1367,N,10515.9014,W,1,08,1.36,1792.0,M,-21.3,M,,*56
$GPRMC,073820.00,A,4001.1367,N,10515.9014,W,5.83,270.0,080726,,,A*78
$GPGGA,073821.00,4001.1367,N,10515.9035,W,1,08,1.36,1791.2,M,-21.3,M,,*55
$GPRMC,073821.00,A,4001.1367,N,10515.9035,W,5.83,270.0,080726,,,A*7A
$GPGGA,073822.00,4001.1367,N,10515.9056,W,1,08,1.36,1790.4,M,-21.3,M,,*54
$GPRMC,073822.00,A,4001.1367,N,10515.9056,W,5.83,270.0,080726,,,A*7C
$GPGGA,073823.00,4001.1367,N,10515.9078,W,1,08,1.36,1789.6,M,-21.3,M,,*53
$GPRMC,073823.00,A,4001.1367,N,10515.9078,W,5.83,270.0,080726,,,A*71
$GPGGA,073824.00,4001.1367,N,10515.9099,W,1,08,1.36,1788.9,M,-21.3,M,,*55
$GPRMC,073824.00,A,4001.1367,N,10515.9099,W,5.83,270.0,080726,,,A*79
$GPGGA,073825.00,4001.1367,N,10515.9120,W,1,08,1.36,1788.1,M,-21.3,M,,*5F
$GPRMC,073825.00,A,4001.1367,N,10515.9120,W,5.83,270.0,080726,,,A*7B
$GPGGA,073826.00,4001.1367,N,10515.9141,W,1,08,1.36,1787.3,M,-21.3,M,,*56
$GPRMC,073826.00,A,4001.1367,N,10515.9141,W,5.83,270.0,080726,,,A*7F
$GPGGA,073827.00,4001.1367,N,10515.9162,W,1,08,1.36,1786.5,M,-21.3,M,,*51
$GPRMC,073827.00,A,4001.1367,N,10515.9162,W,5.83,270.0,080726,,,A*7F
$GPGGA,073828.00,4001.1367,N,10515.9183,W,1,08,1.36,1785.7,M,-21.3,M,,*50
$GPRMC,073828.00,A,4001.1367,N,10515.9183,W,5.83,270.0,080726,,,A*7F
$GPGGA,073829.00,4001.1367,N,10515.9204,W,1,08,1.36,1785.0,M,-21.3,M,,*5A
$GPRMC,073829.00,A,4001.1367,N,10515.9204,W,5.83,270.0,080726,,,A*72
$GPGSV,2,1,08,05,55,120,44,07,34,210,38,13,21,300,35,15,60,045,44*7B
$GPGSV,2,2,08,18,12,090,30,20,48,270,41,24,08,180,28,30,29,330,37*7E
$GPGGA,073830.00,4001.1367,N,10515.9225,W,1,08,1.36,1784.2,M,-21.3,M,,*52
$GPRMC,073830.00,A,4001.1367,N,10515.9225,W,5.83,270.0,080726,,,A*79
$GPGGA,073831.00,4001.1367,N,10515.9246,W,1,08,1.36,1783.4,M,-21.3,M,,*57
$GPRMC,073831.00,A,4001.1367,N,10515.9246,W,5.83,270.0,080726,,,A*7D
$GPGGA,073832.00,4001.1367,N,10515.9268,W,1,08,1.36,1782.6,M,-21.3,M,,*5B
$GPRMC,073832.00,A,4001.1367,N,10515.9268,W,5.83,270.0,080726,,,A*72
$GPGGA,073833.00,4001.1367,N,10515.9289,W,1,08,1.36,1781.8,M,-21.3,M,,*58
$GPRMC,073833.00,A,4001.1367,N,10515.9289,W,5.83,270.0,080726,,,A*7C
$GPGGA,073834.00,4001.1367,N,10515.9310,W,1,08,1.36,1781.1,M,-21.3,M,,*57
$GPRMC,073834.00,A,4001.1367,N,10515.9310,W,5.83,270.0,080726,,,A*7A
$GPGGA,073835.00,4001.1367,N,10515.9331,W,1,08,1.36,1780.3,M,-21.3,M,,*56
$GPRMC,073835.00,A,4001.1367,N,10515.9331,W,5.83,270.0,080726,,,A*78
$GPGGA,073836.00,4001.1367,N,10515.9352,W,1,08,1.36,1779.5,M,-21.3,M,,*50
$GPRMC,073836.00,A,4001.1367,N,10515.9352,W,5.83,270.0,080726,,,A*7E
$GPGGA,073837.00,4001.1367,N,10515.9373,W,1,08,1.36,1778.7,M,-21.3,M,,*51
$GPRMC,073837.00,A,4001.1367,N,10515.9373,W,5.83,270.0,080726,,,A*7C
$GPGGA,073838.00,4001.1367,N,10515.9394,W,1,08,1.36,1777.9,M,-21.3,M,,*56
$GPRMC,073838.00,A,4001.1367,N,10515.9394,W,5.83,270.0,080726,,,A*7A
$GPGGA,073839.00,4001.1367,N,10515.9415,W,1,08,1.36,1777.2,M,-21.3,M,,*52
$GPRMC,073839.00,A,4001.1367,N,10515.9415,W,5.83,270.0,080726,,,A*75
$GPGGA,073840.00,4001.1367,N,10515.9436,W,1,08,1.36,1776.4,M,-21.3,M,,*5A
$GPRMC,073840.00,A,4001.1367,N,10515.9436,W,5.83,270.0,080726,,,A*7A
$GPGGA,073841.00,4001.1367,N,10515.9458,W,1,08,1.36,1775.6,M,-21.3,M,,*52
$GPRMC,073841.00,A,4001.1367,N,10515.9458,W,5.83,270.0,080726,,,A*73
$GPGGA,073842.00,4001.1367,N,10515.9479,W,1,08,1.36,1774.8,M,-21.3,M,,*5D
$GPRMC,073842.00,A,4001.1367,N,10515.9479,W,5.83,270.0,080726,,,A*73
$GPGGA,073843.00,4001.1367,N,10515.9500,W,1,08,1.36,1774.0,M,-21.3,M,,*5B
$GPRMC,073843.00,A,4001.1367,N,10515.9500,W,5.83,270.0,080726,,,A*7D
$GPGGA,073844.00,4001.1367,N,10515.9521,W,1,08,1.36,1773.3,M,-21.3,M,,*5B
$GPRMC,073844.00,A,4001.1367,N,10515.9521,W,5.83,270.0,080726,,,A*79
$GPGGA,073845.00,4001.1367,N,10515.9542,W,1,08,1.36,1772.5,M,-21.3,M,,*58
$GPRMC,073845.00,A,4001.1367,N,10515.9542,W,5.83,270.0,080726,,,A*7D
$GPGGA,073846.00,4001.1367,N,10515.9563,W,1,08,1.36,1771.7,M,-21.3,M,,*59
$GPRMC,073846.00,A,4001.1367,N,10515.9563,W,5.83,270.0,080726,,,A*7D
$GPGGA,073847.00,4001.1367,N,10515.9584,W,1,08,1.36,1770.9,M,-21.3,M,,*5E
$GPRMC,073847.00,A,4001.1367,N,10515.9584,W,5.83,270.0,080726,,,A*75
$GPGGA,073848.00,4001.1367,N,10515.9605,W,1,08,1.36,1770.1,M,-21.3,M,,*53
$GPRMC,073848.00,A,4001.1367,N,10515.9605,W,5.83,270.0,080726,,,A*70
$GPGGA,073849.00,4001.1367,N,10515.9626,W,1,08,1.36,1769.4,M,-21.3,M,,*5E
$GPRMC,073849.00,A,4001.1367,N,10515.9626,W,5.83,270.0,080726,,,A*70
$GPGGA,073850.00,4001.1367,N,10515.9648,W,1,08,1.36,1768.6,M,-21.3,M,,*5D
$GPRMC,073850.00,A,4001.1367,N,10515.9648,W,5.83,270.0,080726,,,A*70
$GPGGA,073851.00,4001.1367,N,10515.9669,W,1,08,1.36,1767.8,M,-21.3,M,,*5E
$GPRMC,073851.00,A,4001.1367,N,10515.9669,W,5.83,270.0,080726,,,A*72
$GPGGA,073852.00,4001.1367,N,10515.9690,W,1,08,1.36,1767.0,M,-21.3,M,,*53
$GPRMC,073852.00,A,4001.1367,N,10515.9690,W,5.83,270.0,080726,,,A*77
$GPGGA,073853.00,4001.1367,N,10515.9711,W,1,08,1.36,1766.2,M,-21.3,M,,*59
$GPRMC,073853.00,A,4001.1367,N,10515.9711,W,5.83,270.0,080726,,,A*7E
$GPGGA,073854.00,4001.1367,N,10515.9732,W,1,08,1.36,1765.5,M,-21.3,M,,*5B
$GPRMC,073854.00,A,4001.1367,N,10515.9732,W,5.83,270.0,080726,,,A*78
$GPGGA,073855.00,4001.1367,N,10515.9753,W,1,08,1.36,1764.7,M,-21.3,M,,*5E
$GPRMC,073855.00,A,4001.1367,N,10515.9753,W,5.83,270.0,080726,,,A*7E
$GPGGA,073856.00,4001.1367,N,10515.9774,W,1,08,1.36,1763.9,M,-21.3,M,,*51
$GPRMC,073856.00,A,4001.1367,N,10515.9774,W,5.83,270.0,080726,,,A*78
$GPGGA,073857.00,4001.1367,N,10515.9795,W,1,08,1.36,1763.1,M,-21.3,M,,*57
$GPRMC,073857.00,A,4001.1367,N,10515.9795,W,5.83,270.0,080726,,,A*76
$GPGGA,073858.00,4001.1367,N,10515.9816,W,1,08,1.36,1762.3,M,-21.3,M,,*5F
$GPRMC,073858.00,A,4001.1367,N,10515.9816,W,5.83,270.0,080726,,,A*7D
$GPGGA,073859.00,4001.1367,N,10515.9838,W,1,08,1.36,1761.6,M,-21.3,M,,*54
$GPRMC,073859.00,A,4001.1367,N,10515.9838,W,5.83,270.0,080726,,,A*70
$GPGSV,2,1,08,05,55,120,44,07,34,210,38,13,21,300,35,15,60,045,44*7B
$GPGSV,2,2,08,18,12,090,30,20,48,270,41,24,08,180,28,30,29,330,37*7E
$GPGGA,073900.00,4001.1367,N,10515.9859,W,1,08,1.36,1760.8,M,-21.3,M,,*51
$GPRMC,073900.00,A,4001.1367,N,10515.9859,W,5.83,270.0,080726,,,A*7A
$GPGGA,073901.00,4001.1367,N,10515.9880,W,1,08,1.36,1760.0,M,-21.3,M,,*5C
$GPRMC,073901.00,A,4001.1367,N,10515.9880,W,5.83,270.0,080726,,,A*7F
$GPGGA,073902.00,4001.1367,N,10515.9901,W,1,08,1.36,1759.2,M,-21.3,M,,*5F
$GPRMC,073902.00,A,4001.1367,N,10515.9901,W,5.83,270.0,080726,,,A*74
$GPGGA,073903.00,4001.1367,N,10515.9922,W,1,08,1.36,1758.4,M,-21.3,M,,*58
$GPRMC,073903.00,A,4001.1367,N,10515.9922,W,5.83,270.0,080726,,,A*74
$GPGGA,073904.00,4001.1367,N,10515.9943,W,1,08,1.36,1757.7,M,-21.3,M,,*54
$GPRMC,073904.00,A,4001.1367,N,10515.9943,W,5.83,270.0,080726,,,A*74
$GPGGA,073905.00,4001.1367,N,10515.9964,W,1,08,1.36,1756.9,M,-21.3,M,,*5F
$GPRMC,073905.00,A,4001.1367,N,10515.9964,W,5.83,270.0,080726,,,A*70
$GPGGA,073906.00,4001.1367,N,10515.9985,W,1,08,1.36,1756.1,M,-21.3,M,,*5B
$GPRMC,073906.00,A,4001.1367,N,10515.9985,W,5.83,270.0,080726,,,A*7C
$GPGGA,073907.00,4001.1367,N,10516.0006,W,1,08,1.36,1755.3,M,-21.3,M,,*53
$GPRMC,073907.00,A,4001.1367,N,10516.0006,W,5.83,270.0,080726,,,A*75
$GPGGA,073908.00,4001.1367,N,10516.0028,W,1,08,1.36,1754.5,M,-21.3,M,,*57
$GPRMC,073908.00,A,4001.1367,N,10516.0028,W,5.83,270.0,080726,,,A*76
$GPGGA,073909.00,4001.1367,N,10516.0049,W,1,08,1.36,1753.8,M,-21.3,M,,*5B
$GPRMC,073909.00,A,4001.1367,N,10516.0049,W,5.83,270.0,080726,,,A*70
$GPGGA,073910.00,4001.1367,N,10516.0070,W,1,08,1.36,1753.0,M,-21.3,M,,*51
$GPRMC,073910.00,A,4001.1367,N,10516.0070,W,5.83,270.0,080726,,,A*72
$GPGGA,073911.00,4001.1367,N,10516.0091,W,1,08,1.36,1752.2,M,-21.3,M,,*5C
$GPRMC,073911.00,A,4001.1367,N,10516.0091,W,5.83,270.0,080726,,,A*7C
$GPGGA,073912.00,4001.1367,N,10516.0112,W,1,08,1.36,1751.4,M,-21.3,M,,*50
$GPRMC,073912.00,A,4001.1367,N,10516.0112,W,5.83,270.0,080726,,,A*75
$GPGGA,073913.00,4001.1367,N,10516.0133,W,1,08,1.36,1750.6,M,-21.3,M,,*51
$GPRMC,073913.00,A,4001.1367,N,10516.0133,W,5.83,270.0,080726,,,A*77
$GPGGA,073914.00,4001.1367,N,10516.0154,W,1,08,1.36,1749.9,M,-21.3,M,,*50
$GPRMC,073914.00,A,4001.1367,N,10516.0154,W,5.83,270.0,080726,,,A*71
$GPGGA,073915.00,4001.1367,N,10516.0175,W,1,08,1.36,1749.1,M,-21.3,M,,*5A
$GPRMC,073915.00,A,4001.1367,N,10516.0175,W,5.83,270.0,080726,,,A*73
$GPGGA,073916.00,4001.1367,N,10516.0196,W,1,08,1.36,1748.3,M,-21.3,M,,*57
$GPRMC,073916.00,A,4001.1367,N,10516.0196,W,5.83,270.0,080726,,,A*7D
$GPGGA,073917.00,4001.1367,N,10516.0218,W,1,08,1.36,1747.5,M,-21.3,M,,*5A
$GPRMC,073917.00,A,4001.1367,N,10516.0218,W,5.83,270.0,080726,,,A*79
$GPGGA,073918.00,4001.1367,N,10516.0239,W,1,08,1.36,1746.7,M,-21.3,M,,*55
$GPRMC,073918.00,A,4001.1367,N,10516.0239,W,5.83,270.0,080726,,,A*75
$GPGGA,073919.00,4001.1367,N,10516.0260,W,1,08,1.36,1746.0,M,-21.3,M,,*5F
$GPRMC,073919.00,A,4001.1367,N,10516.0260,W,5.83,270.0,080726,,,A*78
$GPGGA,073920.00,4001.1367,N,10516.0281,W,1,08,1.36,1745.2,M,-21.3,M,,*5B
$GPRMC,073920.00,A,4001.1367,N,10516.0281,W,5.83,270.0,080726,,,A*7D
$GPGGA,073921.00,4001.1367,N,10516.0302,W,1,08,1.36,1744.4,M,-21.3,M,,*57
$GPRMC,073921.00,A,4001.1367,N,10516.0302,W,5.83,270.0,080726,,,A*76
$GPGGA,073922.00,4001.1367,N,10516.0323,W,1,08,1.36,1743.6,M,-21.3,M,,*52
$GPRMC,073922.00,A,4001.1367,N,10516.0323,W,5.83,270.0,080726,,,A*76
$GPGGA,073923.00,4001.1367,N,10516.0344,W,1,08,1.36,1742.8,M,-21.3,M,,*5D
$GPRMC,073923.00,A,4001.1367,N,10516.0344,W,5.83,270.0,080726,,,A*76
$GPGGA,073924.00,4001.1367,N,10516.0365,W,1,08,1.36,1742.1,M,-21.3,M,,*50
$GPRMC,073924.00,A,4001.1367,N,10516.0365,W,5.83,270.0,080726,,,A*72
$GPGGA,073925.00,4001.1367,N,10516.0386,W,1,08,1.36,1741.3,M,-21.3,M,,*5D
$GPRMC,073925.00,A,4001.1367,N,10516.0386,W,5.83,270.0,080726,,,A*7E
$GPGGA,073926.00,4001.1367,N,10516.0408,W,1,08,1.36,1740.5,M,-21.3,M,,*58
$GPRMC,073926.00,A,4001.1367,N,10516.0408,W,5.83,270.0,080726,,,A*7C
$GPGGA,073927.00,4001.1367,N,10516.0429,W,1,08,1.36,1739.7,M,-21.3,M,,*56
$GPRMC,073927.00,A,4001.1367,N,10516.0429,W,5.83,270.0,080726,,,A*7E
$GPGGA,073928.00,4001.1367,N,10516.0450,W,1,08,1.36,1738.9,M,-21.3,M,,*58
$GPRMC,073928.00,A,4001.1367,N,10516.0450,W,5.83,270.0,080726,,,A*7F
$GPGGA,073929.00,4001.1367,N,10516.0471,W,1,08,1.36,1738.2,M,-21.3,M,,*51
$GPRMC,073929.00,A,4001.1367,N,10516.0471,W,5.83,270.0,080726,,,A*7D
$GPGSV,3,1,09,05,55,120,44,07,34,210,38,13,21,300,35,15,60,045,44*7B
$GPGSV,3,2,09,18,12,090,30,20,48,270,41,24,08,180,28,30,29,330,37*7E
$GPGSV,3,3,09,02,41,150,33*43
$GPGGA,073930.00,4001.1367,N,10516.0492,W,1,09,1.22,1737.4,M,-21.3,M,,*59
$GPRMC,073930.00,A,4001.1367,N,10516.0492,W,5.83,270.0,080726,,,A*78
$GPGGA,073931.00,4001.1367,N,10516.0513,W,1,09,1.22,1736.6,M,-21.3,M,,*53
$GPRMC,073931.00,A,4001.1367,N,10516.0513,W,5.83,270.0,080726,,,A*71
$GPGGA,073932.00,4001.1367,N,10516.0534,W,1,09,1.22,1735.8,M,-21.3,M,,*58
$GPRMC,073932.00,A,4001.1367,N,10516.0534,W,5.83,270.0,080726,,,A*77
$GPGGA,073933.00,4001.1367,N,10516.0555,W,1,09,1.22,1735.0,M,-21.3,M,,*56
$GPRMC,073933.00,A,4001.1367,N,10516.0555,W,5.83,270.0,080726,,,A*71
$GPGGA,073934.00,4001.1367,N,10516.0577,W,1,09,1.22,1734.3,M,-21.3,M,,*53
$GPRMC,073934.00,A,4001.1367,N,10516.0577,W,5.83,270.0,080726,,,A*76
$GPGGA,073935.00,4001.1367,N,10516.0598,W,1,09,1.22,1733.5,M,-21.3,M,,*52
$GPRMC,073935.00,A,4001.1367,N,10516.0598,W,5.83,270.0,080726,,,A*76
$GPGGA,073936.00,4001.1367,N,10516.0619,W,1,09,1.22,1732.7,M,-21.3,M,,*58
$GPRMC,073936.00,A,4001.1367,N,10516.0619,W,5.83,270.0,080726,,,A*7F
$GPGGA,073937.00,4001.1367,N,10516.0640,W,1,09,1.22,1731.9,M,-21.3,M,,*58
$GPRMC,073937.00,A,4001.1367,N,10516.0640,W,5.83,270.0,080726,,,A*72
$GPGGA,073938.00,4001.1367,N,10516.0661,W,1,09,1.22,1731.1,M,-21.3,M,,*5C
$GPRMC,073938.00,A,4001.1367,N,10516.0661,W,5.83,270.0,080726,,,A*7E
$GPGGA,073939.00,4001.1367,N,10516.0682,W,1,09,1.22,1730.4,M,-21.3,M,,*54
$GPRMC,073939.00,A,4001.1367,N,10516.0682,W,5.83,270.0,080726,,,A*72
$GPGGA,073940.00,4001.1367,N,10516.0703,W,1,09,1.22,1729.6,M,-21.3,M,,*58
$GPRMC,073940.00,A,4001.1367,N,10516.0703,W,5.83,270.0,080726,,,A*74
$GPGGA,073941.00,4001.1367,N,10516.0724,W,1,09,1.22,1728.8,M,-21.3,M,,*53
$GPRMC,073941.00,A,4001.1367,N,10516.0724,W,5.83,270.0,080726,,,A*70
$GPGGA,073942.00,4001.1367,N,10516.0745,W,1,09,1.22,1728.0,M,-21.3,M,,*5F
$GPRMC,073942.00,A,4001.1367,N,10516.0745,W,5.83,270.0,080726,,,A*74
$GPGGA,073943.00,4001.1367,N,10516.0767,W,1,09,1.22,1727.2,M,-21.3,M,,*53
$GPRMC,073943.00,A,4001.1367,N,10516.0767,W,5.83,270.0,080726,,,A*75
$GPGGA,073944.00,4001.1367,N,10516.0788,W,1,09,1.22,1726.5,M,-21.3,M,,*53
$GPRMC,073944.00,A,4001.1367,N,10516.0788,W,5.83,270.0,080726,,,A*73
$GPGGA,073945.00,4001.1367,N,10516.0809,W,1,09,1.22,1725.7,M,-21.3,M,,*55
$GPRMC,073945.00,A,4001.1367,N,10516.0809,W,5.83,270.0,080726,,,A*74
$GPGGA,073946.00,4001.1367,N,10516.0830,W,1,09,1.22,1724.9,M,-21.3,M,,*53
$GPRMC,073946.00,A,4001.1367,N,10516.0830,W,5.83,270.0,080726,,,A*7D
$GPGGA,073947.00,4001.1367,N,10516.0851,W,1,09,1.22,1724.1,M,-21.3,M,,*5D
$GPRMC,073947.00,A,4001.1367,N,10516.0851,W,5.83,270.0,080726,,,A*7B
$GPGGA,073948.00,4001.1367,N,10516.0872,W,1,09,1.22,1723.3,M,-21.3,M,,*56
$GPRMC,073948.00,A,4001.1367,N,10516.0872,W,5.83,270.0,080726,,,A*75
$GPGGA,073949.00,4001.1367,N,10516.0893,W,1,09,1.22,1722.6,M,-21.3,M,,*5C
$GPRMC,073949.00,A,4001.1367,N,10516.0893,W,5.83,270.0,080726,,,A*7B
$GPGGA,073950.00,4001.1367,N,10516.0914,W,1,09,1.22,1721.8,M,-21.3,M,,*57
$GPRMC,073950.00,A,4001.1367,N,10516.0914,W,5.83,270.0,080726,,,A*7D
$GPGGA,073951.00,4001.1367,N,10516.0935,W,1,09,1.22,1721.0,M,-21.3,M,,*5D
$GPRMC,073951.00,A,4001.1367,N,10516.0935,W,5.83,270.0,080726,,,A*7F
$GPGGA,073952.00,4001.1367,N,10516.0957,W,1,09,1.22,1720.2,M,-21.3,M,,*59
$GPRMC,073952.00,A,4001.1367,N,10516.0957,W,5.83,270.0,080726,,,A*78
$GPGGA,073953.00,4001.1367,N,10516.0978,W,1,09,1.22,1719.4,M,-21.3,M,,*59
$GPRMC,073953.00,A,4001.1367,N,10516.0978,W,5.83,270.0,080726,,,A*74
$GPGGA,073954.00,4001.1367,N,10516.0999,W,1,09,1.22,1718.7,M,-21.3,M,,*53
$GPRMC,073954.00,A,4001.1367,N,10516.0999,W,5.83,270.0,080726,,,A*7C
$GPGGA,073955.00,4001.1367,N,10516.1020,W,1,09,1.22,1717.9,M,-21.3,M,,*59
$GPRMC,073955.00,A,4001.1367,N,10516.1020,W,5.83,270.0,080726,,,A*77
$GPGGA,073956.00,4001.1367,N,10516.1041,W,1,09,1.22,1717.1,M,-21.3,M,,*55
$GPRMC,073956.00,A,4001.1367,N,10516.1041,W,5.83,270.0,080726,,,A*73
$GPGGA,073957.00,4001.1367,N,10516.1062,W,1,09,1.22,1716.3,M,-21.3,M,,*56
$GPRMC,073957.00,A,4001.1367,N,10516.1062,W,5.83,270.0,080726,,,A*73
$GPGGA,073958.00,4001.1367,N,10516.1083,W,1,09,1.22,1715.5,M,-21.3,M,,*53
$GPRMC,073958.00,A,4001.1367,N,10516.1083,W,5.83,270.0,080726,,,A*73
$GPGGA,073959.00,4001.1367,N,10516.1104,W,1,09,1.22,1714.8,M,-21.3,M,,*50
$GPRMC,073959.00,A,4001.1367,N,10516.1104,W,5.83,270.0,080726,,,A*7C
$GPGSV,3,1,09,05,55,120,44,07,34,210,38,13,21,300,35,15,60,045,44*7B
$GPGSV,3,2,09,18,12,090,30,20,48,270,41,24,08,180,28,30,29,330,37*7E
$GPGSV,3,3,09,02,41,150,33*43
$GPGGA,074000.00,4001.1367,N,10516.1125,W,1,09,1.22,1714.0,M,-21.3,M,,*59
$GPRMC,074000.00,A,4001.1367,N,10516.1125,W,5.83,270.0,080726,,,A*7D
$GPGGA,074001.00,4001.1367,N,10516.1147,W,1,09,1.22,1713.2,M,-21.3,M,,*59
$GPRMC,074001.00,A,4001.1367,N,10516.1147,W,5.83,270.0,080726,,,A*78
$GPGGA,074002.00,4001.1367,N,10516.1168,W,1,09,1.22,1712.4,M,-21.3,M,,*50
$GPRMC,074002.00,A,4001.1367,N,10516.1168,W,5.83,270.0,080726,,,A*76
$GPGGA,074003.00,4001.1367,N,10516.1189,W,1,09,1.22,1711.6,M,-21.3,M,,*5F
$GPRMC,074003.00,A,4001.1367,N,10516.1189,W,5.83,270.0,080726,,,A*78
$GPGGA,074004.00,4001.1367,N,10516.1210,W,1,09,1.22,1710.9,M,-21.3,M,,*55
$GPRMC,074004.00,A,4001.1367,N,10516.1210,W,5.83,270.0,080726,,,A*7C
$GPGGA,074005.00,4001.1367,N,10516.1231,W,1,09,1.22,1710.1,M,-21.3,M,,*5F
$GPRMC,074005.00,A,4001.1367,N,10516.1231,W,5.83,270.0,080726,,,A*7E
$GPGGA,074006.00,4001.1367,N,10516.1252,W,1,09,1.22,1709.3,M,-21.3,M,,*53
$GPRMC,074006.00,A,4001.1367,N,10516.1252,W,5.83,270.0,080726,,,A*78
$GPGGA,074007.00,4001.1367,N,10516.1273,W,1,09,1.22,1708.5,M,-21.3,M,,*56
$GPRMC,074007.00,A,4001.1367,N,10516.1273,W,5.83,270.0,080726,,,A*7A
$GPGGA,074008.00,4001.1367,N,10516.1294,W,1,09,1.22,1707.7,M,-21.3,M,,*5D
$GPRMC,074008.00,A,4001.1367,N,10516.1294,W,5.83,270.0,080726,,,A*7C
$GPGGA,074009.00,4001.1367,N,10516.1315,W,1,09,1.22,1707.0,M,-21.3,M,,*53
$GPRMC,074009.00,A,4001.1367,N,10516.1315,W,5.83,270.0,080726,,,A*75
$GPGGA,074010.00,4001.1367,N,10516.1337,W,1,09,1.22,1706.2,M,-21.3,M,,*58
$GPRMC,074010.00,A,4001.1367,N,10516.1337,W,5.83,270.0,080726,,,A*7D
$GPGGA,074011.00,4001.1367,N,10516.1358,W,1,09,1.22,1705.4,M,-21.3,M,,*55
$GPRMC,074011.00,A,4001.1367,N,10516.1358,W,5.83,270.0,080726,,,A*75
$GPGGA,074012.00,4001.1367,N,10516.1379,W,1,09,1.22,1704.6,M,-21.3,M,,*56
$GPRMC,074012.00,A,4001.1367,N,10516.1379,W,5.83,270.0,080726,,,A*75
$GPGGA,074013.00,4001.1367,N,10516.1400,W,1,09,1.22,1703.8,M,-21.3,M,,*57
$GPRMC,074013.00,A,4001.1367,N,10516.1400,W,5.83,270.0,080726,,,A*7D
$GPGGA,074014.00,4001.1367,N,10516.1421,W,1,09,1.22,1703.1,M,-21.3,M,,*5A
$GPRMC,074014.00,A,4001.1367,N,10516.1421,W,5.83,270.0,080726,,,A*79
$GPGGA,074015.00,4001.1367,N,10516.1442,W,1,09,1.22,1702.3,M,-21.3,M,,*5D
$GPRMC,074015.00,A,4001.1367,N,10516.1442,W,5.83,270.0,080726,,,A*7D
$GPGGA,074016.00,4001.1367,N,10516.1463,W,1,09,1.22,1701.5,M,-21.3,M,,*58
$GPRMC,074016.00,A,4001.1367,N,10516.1463,W,5.83,270.0,080726,,,A*7D
$GPGGA,074017.00,4001.1367,N,10516.1484,W,1,09,1.22,1700.7,M,-21.3,M,,*53
$GPRMC,074017.00,A,4001.1367,N,10516.1484,W,5.83,270.0,080726,,,A*75
$GPGGA,074018.00,4001.1367,N,10516.1505,W,1,09,1.22,1699.9,M,-21.3,M,,*5B
$GPRMC,074018.00,A,4001.1367,N,10516.1505,W,5.83,270.0,080726,,,A*72
$GPGGA,074019.00,4001.1367,N,10516.1527,W,1,09,1.22,1699.2,M,-21.3,M,,*51
$GPRMC,074019.00,A,4001.1367,N,10516.1527,W,5.83,270.0,080726,,,A*73
$GPGGA,074020.00,4001.1367,N,10516.1548,W,1,09,1.22,1698.4,M,-21.3,M,,*55
$GPRMC,074020.00,A,4001.1367,N,10516.1548,W,5.83,270.0,080726,,,A*70
$GPGGA,074021.00,4001.1367,N,10516.1569,W,1,09,1.22,1697.6,M,-21.3,M,,*5A
$GPRMC,074021.00,A,4001.1367,N,10516.1569,W,5.83,270.0,080726,,,A*72
$GPGGA,074022.00,4001.1367,N,10516.1590,W,1,09,1.22,1696.8,M,-21.3,M,,*50
$GPRMC,074022.00,A,4001.1367,N,10516.1590,W,5.83,270.0,080726,,,A*77
$GPGGA,074023.00,4001.1367,N,10516.1611,W,1,09,1.22,1696.0,M,-21.3,M,,*53
$GPRMC,074023.00,A,4001.1367,N,10516.1611,W,5.83,270.0,080726,,,A*7C
$GPGGA,074024.00,4001.1367,N,10516.1632,W,1,09,1.22,1695.3,M,-21.3,M,,*55
$GPRMC,074024.00,A,4001.1367,N,10516.1632,W,5.83,270.0,080726,,,A*7A
$GPGGA,074025.00,4001.1367,N,10516.1653,W,1,09,1.22,1694.5,M,-21.3,M,,*54
$GPRMC,074025.00,A,4001.1367,N,10516.1653,W,5.83,270.0,080726,,,A*7C
$GPGGA,074026.00,4001.1367,N,10516.1674,W,1,09,1.22,1693.7,M,-21.3,M,,*57
$GPRMC,074026.00,A,4001.1367,N,10516.1674,W,5.83,270.0,080726,,,A*7A
$GPGGA,074027.00,4001.1367,N,10516.1695,W,1,09,1.22,1692.9,M,-21.3,M,,*56
$GPRMC,074027.00,A,4001.1367,N,10516.1695,W,5.83,270.0,080726,,,A*74
$GPGGA,074028.00,4001.1367,N,10516.1717,W,1,09,1.22,1692.1,M,-21.3,M,,*5A
$GPRMC,074028.00,A,4001.1367,N,10516.1717,W,5.83,270.0,080726,,,A*70
$GPGGA,074029.00,4001.1367,N,10516.1738,W,1,09,1.22,1691.4,M,-21.3,M,,*50
$GPRMC,074029.00,A,4001.1367,N,10516.1738,W,5.83,270.0,080726,,,A*7C
$GPGSV,3,1,09,05,55,120,44,07,34,210,38,13,21,300,35,15,60,045,44*7B
$GPGSV,3,2,09,18,12,090,30,20,48,270,41,24,08,180,28,30,29,330,37*7E
$GPGSV,3,3,09,02,41,150,33*43
$GPGGA,074030.00,4001.1367,N,10516.1759,W,1,09,1.22,1690.6,M,-21.3,M,,*5C
$GPRMC,074030.00,A,4001.1367,N,10516.1759,W,5.83,270.0,080726,,,A*73
$GPGGA,074031.00,4001.1367,N,10516.1780,W,1,09,1.22,1689.8,M,-21.3,M,,*5F
$GPRMC,074031.00,A,4001.1367,N,10516.1780,W,5.83,270.0,080726,,,A*76
$GPGGA,074032.00,4001.1367,N,10516.1801,W,1,09,1.22,1689.0,M,-21.3,M,,*52
$GPRMC,074032.00,A,4001.1367,N,10516.1801,W,5.83,270.0,080726,,,A*73
$GPGGA,074033.00,4001.1367,N,10516.1822,W,1,09,1.22,1688.2,M,-21.3,M,,*51
$GPRMC,074033.00,A,4001.1367,N,10516.1822,W,5.83,270.0,080726,,,A*73
$GPGGA,074034.00,4001.1367,N,10516.1843,W,1,09,1.22,1687.5,M,-21.3,M,,*59
$GPRMC,074034.00,A,4001.1367,N,10516.1843,W,5.83,270.0,080726,,,A*73
$GPGGA,074035.00,4001.1367,N,10516.1864,W,1,09,1.22,1686.7,M,-21.3,M,,*5E
$GPRMC,074035.00,A,4001.1367,N,10516.1864,W,5.83,270.0,080726,,,A*77
$GPGGA,074036.00,4001.1367,N,10516.1885,W,1,09,1.22,1685.9,M,-21.3,M,,*5F
$GPRMC,074036.00,A,4001.1367,N,10516.1885,W,5.83,270.0,080726,,,A*7B
$GPGGA,074037.00,4001.1367,N,10516.1907,W,1,09,1.22,1685.1,M,-21.3,M,,*5D
$GPRMC,074037.00,A,4001.1367,N,10516.1907,W,5.83,270.0,080726,,,A*71
$GPGGA,074038.00,4001.1367,N,10516.1928,W,1,09,1.22,1684.3,M,-21.3,M,,*5C
$GPRMC,074038.00,A,4001.1367,N,10516.1928,W,5.83,270.0,080726,,,A*73
$GPGGA,074039.00,4001.1367,N,10516.1949,W,1,09,1.22,1683.6,M,-21.3,M,,*58
$GPRMC,074039.00,A,4001.1367,N,10516.1949,W,5.83,270.0,080726,,,A*75
$GPGGA,074040.00,4001.1367,N,10516.1970,W,1,09,1.22,1682.8,M,-21.3,M,,*53
$GPRMC,074040.00,A,4001.1367,N,10516.1970,W,5.83,270.0,080726,,,A*71
$GPGGA,074041.00,4001.1367,N,10516.1991,W,1,10,1.08,1682.0,M,-21.3,M,,*55
$GPRMC,074041.00,A,4001.1367,N,10516.1991,W,5.83,270.0,080726,,,A*7F
$GPGGA,074042.00,4001.1367,N,10516.2012,W,1,10,1.08,1681.2,M,-21.3,M,,*56
$GPRMC,074042.00,A,4001.1367,N,10516.2012,W,5.83,270.0,080726,,,A*7D
$GPGGA,074043.00,4001.1367,N,10516.2033,W,1,10,1.08,1680.4,M,-21.3,M,,*53
$GPRMC,074043.00,A,4001.1367,N,10516.2033,W,5.83,270.0,080726,,,A*7F
$GPGGA,074044.00,4001.1367,N,10516.2054,W,1,10,1.08,1679.7,M,-21.3,M,,*50
$GPRMC,074044.00,A,4001.1367,N,10516.2054,W,5.83,270.0,080726,,,A*79
$GPGGA,074045.00,4001.1367,N,10516.2076,W,1,10,1.08,1678.9,M,-21.3,M,,*5E
$GPRMC,074045.00,A,4001.1367,N,10516.2076,W,5.83,270.0,080726,,,A*78
$GPGGA,074046.00,4001.1367,N,10516.2097,W,1,10,1.08,1678.1,M,-21.3,M,,*5A
$GPRMC,074046.00,A,4001.1367,N,10516.2097,W,5.83,270.0,080726,,,A*74
$GPGGA,074047.00,4001.1367,N,10516.2118,W,1,10,1.08,1677.3,M,-21.3,M,,*50
$GPRMC,074047.00,A,4001.1367,N,10516.2118,W,5.83,270.0,080726,,,A*73
$GPGGA,074048.00,4001.1367,N,10516.2139,W,1,10,1.08,1676.5,M,-21.3,M,,*5B
$GPRMC,074048.00,A,4001.1367,N,10516.2139,W,5.83,270.0,080726,,,A*7F
$GPGGA,074049.00,4001.1367,N,10516.2160,W,1,10,1.08,1675.8,M,-21.3,M,,*58
$GPRMC,074049.00,A,4001.1367,N,10516.2160,W,5.83,270.0,080726,,,A*72
$GPGGA,074050.00,4001.1351,N,10516.2160,W,1,10,1.08,1675.2,M,-21.3,M,,*5F
$GPRMC,074050.00,A,4001.1351,N,10516.2160,W,5.83,180.0,080726,,,A*73
$GPGGA,074051.00,4001.1334,N,10516.2160,W,1,10,1.08,1674.7,M,-21.3,M,,*59
$GPRMC,074051.00,A,4001.1334,N,10516.2160,W,5.83,180.0,080726,,,A*71
$GPGGA,074052.00,4001.1318,N,10516.2160,W,1,10,1.08,1674.1,M,-21.3,M,,*52
$GPRMC,074052.00,A,4001.1318,N,10516.2160,W,5.83,180.0,080726,,,A*7C
$GPGGA,074053.00,4001.1302,N,10516.2160,W,1,10,1.08,1673.6,M,-21.3,M,,*58
$GPRMC,074053.00,A,4001.1302,N,10516.2160,W,5.83,180.0,080726,,,A*76
$GPGGA,074054.00,4001.1286,N,10516.2160,W,1,10,1.08,1673.1,M,-21.3,M,,*55
$GPRMC,074054.00,A,4001.1286,N,10516.2160,W,5.83,180.0,080726,,,A*7C
$GPGGA,074055.00,4001.1270,N,10516.2160,W,1,10,1.08,1672.5,M,-21.3,M,,*58
$GPRMC,074055.00,A,4001.1270,N,10516.2160,W,5.83,180.0,080726,,,A*74
$GPGGA,074056.00,4001.1254,N,10516.2160,W,1,10,1.08,1672.0,M,-21.3,M,,*58
$GPRMC,074056.00,A,4001.1254,N,10516.2160,W,5.83,180.0,080726,,,A*71
$GPGGA,074057.00,4001.1237,N,10516.2160,W,1,10,1.08,1671.4,M,-21.3,M,,*5B
$GPRMC,074057.00,A,4001.1237,N,10516.2160,W,5.83,180.0,080726,,,A*75
$GPGGA,074058.00,4001.1221,N,10516.2160,W,1,10,1.08,1670.9,M,-21.3,M,,*5F
$GPRMC,074058.00,A,4001.1221,N,10516.2160,W,5.83,180.0,080726,,,A*7D
$GPGGA,074059.00,4001.1205,N,10516.2160,W,1,10,1.08,1670.4,M,-21.3,M,,*55
$GPRMC,074059.00,A,4001.1205,N,10516.2160,W,5.83,180.0,080726,,,A*7A
$GPGSV,3,1,10,05,55,120,44,07,34,210,38,13,21,300,35,15,60,045,44*73
$GPGSV,3,2,10,18,12,090,30,20,48,270,41,24,08,180,28,30,29,330,37*76
$GPGSV,3,3,10,02,41,150,33,12,17,060,31*7A
$GPGGA,074100.00,4001.1189,N,10516.2160,W,1,10,1.08,1669.8,M,-21.3,M,,*5B
$GPRMC,074100.00,A,4001.1189,N,10516.2160,W,5.83,180.0,080726,,,A*70
$GPGGA,074101.00,4001.1173,N,10516.2160,W,1,10,1.08,1669.3,M,-21.3,M,,*54
$GPRMC,074101.00,A,4001.1173,N,10516.2160,W,5.83,180.0,080726,,,A*74
$GPGGA,074102.00,4001.1156,N,10516.2160,W,1,10,1.08,1668.7,M,-21.3,M,,*55
$GPRMC,074102.00,A,4001.1156,N,10516.2160,W,5.83,180.0,080726,,,A*70
$GPGGA,074103.00,4001.1140,N,10516.2160,W,1,10,1.08,1668.2,M,-21.3,M,,*56
$GPRMC,074103.00,A,4001.1140,N,10516.2160,W,5.83,180.0,080726,,,A*76
$GPGGA,074104.00,4001.1124,N,10516.2160,W,1,10,1.08,1667.7,M,-21.3,M,,*59
$GPRMC,074104.00,A,4001.1124,N,10516.2160,W,5.83,180.0,080726,,,A*73
$GPGGA,074105.00,4001.1108,N,10516.2160,W,1,10,1.08,1667.1,M,-21.3,M,,*50
$GPRMC,074105.00,A,4001.1108,N,10516.2160,W,5.83,180.0,080726,,,A*7C
$GPGGA,074106.00,4001.1092,N,10516.2160,W,1,10,1.08,1666.6,M,-21.3,M,,*57
$GPRMC,074106.00,A,4001.1092,N,10516.2160,W,5.83,180.0,080726,,,A*7D
$GPGGA,074107.00,4001.1076,N,10516.2160,W,1,10,1.08,1666.0,M,-21.3,M,,*5A
$GPRMC,074107.00,A,4001.1076,N,10516.2160,W,5.83,180.0,080726,,,A*76
$GPGGA,074108.00,4001.1059,N,10516.2160,W,1,10,1.08,1665.5,M,-21.3,M,,*5E
$GPRMC,074108.00,A,4001.1059,N,10516.2160,W,5.83,180.0,080726,,,A*74
$GPGGA,074109.00,4001.1043,N,10516.2160,W,1,10,1.08,1665.0,M,-21.3,M,,*51
$GPRMC,074109.00,A,4001.1043,N,10516.2160,W,5.83,180.0,080726,,,A*7E
$GPGGA,074110.00,4001.1027,N,10516.2160,W,1,10,1.08,1664.4,M,-21.3,M,,*5E
$GPRMC,074110.00,A,4001.1027,N,10516.2160,W,5.83,180.0,080726,,,A*74
$GPGGA,074111.00,4001.1011,N,10516.2160,W,1,10,1.08,1663.9,M,-21.3,M,,*50
$GPRMC,074111.00,A,4001.1011,N,10516.2160,W,5.83,180.0,080726,,,A*70
$GPGGA,074112.00,4001.0995,N,10516.2160,W,1,10,1.08,1663.3,M,-21.3,M,,*5D
$GPRMC,074112.00,A,4001.0995,N,10516.2160,W,5.83,180.0,080726,,,A*77
$GPGGA,074113.00,4001.0979,N,10516.2160,W,1,10,1.08,1662.8,M,-21.3,M,,*54
$GPRMC,074113.00,A,4001.0979,N,10516.2160,W,5.83,180.0,080726,,,A*74
$GPGGA,074114.00,4001.0962,N,10516.2160,W,1,10,1.08,1662.3,M,-21.3,M,,*52
$GPRMC,074114.00,A,4001.0962,N,10516.2160,W,5.83,180.0,080726,,,A*79
$GPGGA,074115.00,4001.0946,N,10516.2160,W,1,10,1.08,1661.7,M,-21.3,M,,*52
$GPRMC,074115.00,A,4001.0946,N,10516.2160,W,5.83,180.0,080726,,,A*7E
$GPGGA,074116.00,4001.0930,N,10516.2160,W,1,10,1.08,1661.2,M,-21.3,M,,*55
$GPRMC,074116.00,A,4001.0930,N,10516.2160,W,5.83,180.0,080726,,,A*7C
$GPGGA,074117.00,4001.0914,N,10516.2160,W,1,10,1.08,1660.6,M,-21.3,M,,*57
$GPRMC,074117.00,A,4001.0914,N,10516.2160,W,5.83,180.0,080726,,,A*7B
$GPGGA,074118.00,4001.0898,N,10516.2160,W,1,10,1.08,1660.1,M,-21.3,M,,*5A
$GPRMC,074118.00,A,4001.0898,N,10516.2160,W,5.83,180.0,080726,,,A*71
$GPGGA,074119.00,4001.0882,N,10516.2160,W,1,10,1.08,1659.6,M,-21.3,M,,*5D
$GPRMC,074119.00,A,4001.0882,N,10516.2160,W,5.83,180.0,080726,,,A*7B
$GPGGA,074120.00,4001.0865,N,10516.2160,W,1,10,1.08,1659.0,M,-21.3,M,,*58
$GPRMC,074120.00,A,4001.0865,N,10516.2160,W,5.83,180.0,080726,,,A*78
$GPGGA,074121.00,4001.0849,N,10516.2160,W,1,10,1.08,1658.5,M,-21.3,M,,*53
$GPRMC,074121.00,A,4001.0849,N,10516.2160,W,5.83,180.0,080726,,,A*77
$GPGGA,074122.00,4001.0833,N,10516.2160,W,1,10,1.08,1657.9,M,-21.3,M,,*5E
$GPRMC,074122.00,A,4001.0833,N,10516.2160,W,5.83,180.0,080726,,,A*79
$GPGGA,074123.00,4001.0817,N,10516.2160,W,1,10,1.08,1657.4,M,-21.3,M,,*54
$GPRMC,074123.00,A,4001.0817,N,10516.2160,W,5.83,180.0,080726,,,A*7E
$GPGGA,074124.00,4001.0801,N,10516.2160,W,1,10,1.08,1656.9,M,-21.3,M,,*58
$GPRMC,074124.00,A,4001.0801,N,10516.2160,W,5.83,180.0,080726,,,A*7E
$GPGGA,074125.00,4001.0785,N,10516.2160,W,1,10,1.08,1656.3,M,-21.3,M,,*50
$GPRMC,074125.00,A,4001.0785,N,10516.2160,W,5.83,180.0,080726,,,A*7C
$GPGGA,074126.00,4001.0768,N,10516.2160,W,1,10,1.08,1655.8,M,-21.3,M,,*58
$GPRMC,074126.00,A,4001.0768,N,10516.2160,W,5.83,180.0,080726,,,A*7C
$GPGGA,074127.00,4001.0752,N,10516.2160,W,1,10,1.08,1655.2,M,-21.3,M,,*5A
$GPRMC,074127.00,A,4001.0752,N,10516.2160,W,5.83,180.0,080726,,,A*74
$GPGGA,074128.00,4001.0736,N,10516.2160,W,1,10,1.08,1654.7,M,-21.3,M,,*53
$GPRMC,074128.00,A,4001.0736,N,10516.2160,W,5.83,180.0,080726,,,A*79
$GPGGA,074129.00,4001.0720,N,10516.2160,W,1,10,1.08,1654.2,M,-21.3,M,,*50
$GPRMC,074129.00,A,4001.0720,N,10516.2160,W,5.83,180.0,080726,,,A*7F
$GPGSV,3,1,10,05,55,120,44,07,34,210,38,13,21,300,35,15,60,045,44*73
$GPGSV,3,2,10,18,12,090,30,20,48,270,41,24,08,180,28,30,29,330,37*76
$GPGSV,3,3,10,02,41,150,33,12,17,060,31*7A
$GPGGA,074130.00,4001.0704,N,10516.2160,W,1,10,1.08,1653.6,M,-21.3,M,,*5D
$GPRMC,074130.00,A,4001.0704,N,10516.2160,W,5.83,180.0,080726,,,A*71
$GPGGA,074131.00,4001.0688,N,10516.2160,W,1,10,1.08,1653.1,M,-21.3,M,,*5E
$GPRMC,074131.00,A,4001.0688,N,10516.2160,W,5.83,180.0,080726,,,A*75
$GPGGA,074132.00,4001.0671,N,10516.2160,W,1,10,1.08,1652.5,M,-21.3,M,,*5E
$GPRMC,074132.00,A,4001.0671,N,10516.2160,W,5.83,180.0,080726,,,A*70
$GPGGA,074133.00,4001.0655,N,10516.2160,W,1,10,1.08,1652.0,M,-21.3,M,,*5C
$GPRMC,074133.00,A,4001.0655,N,10516.2160,W,5.83,180.0,080726,,,A*77
$GPGGA,074134.00,4001.0639,N,10516.2160,W,1,10,1.08,1651.5,M,-21.3,M,,*57
$GPRMC,074134.00,A,4001.0639,N,10516.2160,W,5.83,180.0,080726,,,A*7A
$GPGGA,074135.00,4001.0623,N,10516.2160,W,1,10,1.08,1650.9,M,-21.3,M,,*50
$GPRMC,074135.00,A,4001.0623,N,10516.2160,W,5.83,180.0,080726,,,A*70
$GPGGA,074136.00,4001.0607,N,10516.2160,W,1,10,1.08,1650.4,M,-21.3,M,,*58
$GPRMC,074136.00,A,4001.0607,N,10516.2160,W,5.83,180.0,080726,,,A*75
$GPGGA,074137.00,4001.0591,N,10516.2160,W,1,10,1.08,1649.8,M,-21.3,M,,*51
$GPRMC,074137.00,A,4001.0591,N,10516.2160,W,5.83,180.0,080726,,,A*78
$GPGGA,074138.00,4001.0574,N,10516.2160,W,1,10,1.08,1649.3,M,-21.3,M,,*5E
$GPRMC,074138.00,A,4001.0574,N,10516.2160,W,5.83,180.0,080726,,,A*7C
$GPGGA,074139.00,4001.0558,N,10516.2160,W,1,10,1.08,1648.8,M,-21.3,M,,*5B
$GPRMC,074139.00,A,4001.0558,N,10516.2160,W,5.83,180.0,080726,,,A*73
$GPGGA,074140.00,4001.0542,N,10516.2160,W,1,10,1.08,1648.2,M,-21.3,M,,*54
$GPRMC,074140.00,A,4001.0542,N,10516.2160,W,5.83,180.0,080726,,,A*76
$GPGGA,074141.00,4001.0526,N,10516.2160,W,1,10,1.08,1647.7,M,-21.3,M,,*5D
$GPRMC,074141.00,A,4001.0526,N,10516.2160,W,5.83,180.0,080726,,,A*75
$GPGGA,074142.00,4001.0510,N,10516.2160,W,1,10,1.08,1647.1,M,-21.3,M,,*5D
$GPRMC,074142.00,A,4001.0510,N,10516.2160,W,5.83,180.0,080726,,,A*73
$GPGGA,074143.00,4001.0494,N,10516.2160,W,1,10,1.08,1646.6,M,-21.3,M,,*57
$GPRMC,074143.00,A,4001.0494,N,10516.2160,W,5.83,180.0,080726,,,A*7F
$GPGGA,074144.00,4001.0477,N,10516.2160,W,1,10,1.08,1646.1,M,-21.3,M,,*5A
$GPRMC,074144.00,A,4001.0477,N,10516.2160,W,5.83,180.0,080726,,,A*75
$GPGGA,074145.00,4001.0461,N,10516.2160,W,1,10,1.08,1645.5,M,-21.3,M,,*5B
$GPRMC,074145.00,A,4001.0461,N,10516.2160,W,5.83,180.0,080726,,,A*73
$GPGGA,074146.00,4001.0445,N,10516.2160,W,1,10,1.08,1645.0,M,-21.3,M,,*5B
$GPRMC,074146.00,A,4001.0445,N,10516.2160,W,5.83,180.0,080726,,,A*76
$GPGGA,074147.00,4001.0429,N,10516.2160,W,1,10,1.08,1644.4,M,-21.3,M,,*55
$GPRMC,074147.00,A,4001.0429,N,10516.2160,W,5.83,180.0,080726,,,A*7D
$GPGGA,074148.00,4001.0413,N,10516.2160,W,1,10,1.08,1643.9,M,-21.3,M,,*59
$GPRMC,074148.00,A,4001.0413,N,10516.2160,W,5.83,180.0,080726,,,A*7B
$GPGGA,074149.00,4001.0397,N,10516.2160,W,1,10,1.08,1643.4,M,-21.3,M,,*5E
$GPRMC,074149.00,A,4001.0397,N,10516.2160,W,5.83,180.0,080726,,,A*71
$GPGGA,074150.00,4001.0380,N,10516.2160,W,1,10,1.08,1642.8,M,-21.3,M,,*5D
$GPRMC,074150.00,A,4001.0380,N,10516.2160,W,5.83,180.0,080726,,,A*7F
$GPGGA,074151.00,4001.0364,N,10516.2160,W,1,10,1.08,1642.3,M,-21.3,M,,*5D
$GPRMC,074151.00,A,4001.0364,N,10516.2160,W,5.83,180.0,080726,,,A*74
$GPGGA,074152.00,4001.0348,N,10516.2160,W,1,10,1.08,1641.7,M,-21.3,M,,*57
$GPRMC,074152.00,A,4001.0348,N,10516.2160,W,5.83,180.0,080726,,,A*79
$GPGGA,074153.00,4001.0332,N,10516.2160,W,1,10,1.08,1641.2,M,-21.3,M,,*5E
$GPRMC,074153.00,A,4001.0332,N,10516.2160,W,5.83,180.0,080726,,,A*75
$GPGGA,074154.00,4001.0316,N,10516.2160,W,1,10,1.08,1640.7,M,-21.3,M,,*5B
$GPRMC,074154.00,A,4001.0316,N,10516.2160,W,5.83,180.0,080726,,,A*74
$GPGGA,074155.00,4001.0299,N,10516.2160,W,1,10,1.08,1640.1,M,-21.3,M,,*5A
$GPRMC,074155.00,A,4001.0299,N,10516.2160,W,5.83,180.0,080726,,,A*73
$GPGGA,074156.00,4001.0283,N,10516.2160,W,1,10,1.08,1639.6,M,-21.3,M,,*5B
$GPRMC,074156.00,A,4001.0283,N,10516.2160,W,5.83,180.0,080726,,,A*7B
$GPGGA,074157.00,4001.0267,N,10516.2160,W,1,10,1.08,1639.0,M,-21.3,M,,*56
$GPRMC,074157.00,A,4001.0267,N,10516.2160,W,5.83,180.0,080726,,,A*70
$GPGGA,074158.00,4001.0251,N,10516.2160,W,1,10,1.08,1638.5,M,-21.3,M,,*58
$GPRMC,074158.00,A,4001.0251,N,10516.2160,W,5.83,180.0,080726,,,A*7A
$GPGGA,074159.00,4001.0235,N,10516.2160,W,1,10,1.08,1638.0,M,-21.3,M,,*5E
$GPRMC,074159.00,A,4001.0235,N,10516.2160,W,5.83,180.0,080726,,,A*79
$GPGSV,3,1,10,05,55,120,44,07,34,210,38,13,21,300,35,15,60,045,44*73
$GPGSV,3,2,10,18,12,090,30,20,48,270,41,24,08,180,28,30,29,330,37*76
$GPGSV,3,3,10,02,41,150,33,12,17,060,31*7A
$GPGGA,074200.00,4001.0219,N,10516.2160,W,1,10,1.08,1637.4,M,-21.3,M,,*54
$GPRMC,074200.00,A,4001.0219,N,10516.2160,W,5.83,180.0,080726,,,A*78
$GPGGA,074201.00,4001.0202,N,10516.2160,W,1,10,1.08,1636.9,M,-21.3,M,,*53
$GPRMC,074201.00,A,4001.0202,N,10516.2160,W,5.83,180.0,080726,,,A*73
$GPGGA,074202.00,4001.0186,N,10516.2160,W,1,10,1.08,1636.3,M,-21.3,M,,*55
$GPRMC,074202.00,A,4001.0186,N,10516.2160,W,5.83,180.0,080726,,,A*7F
$GPGGA,074203.00,4001.0170,N,10516.2160,W,1,10,1.08,1635.8,M,-21.3,M,,*55
$GPRMC,074203.00,A,4001.0170,N,10516.2160,W,5.83,180.0,080726,,,A*77
$GPGGA,074204.00,4001.0154,N,10516.2160,W,1,10,1.08,1635.3,M,-21.3,M,,*5F
$GPRMC,074204.00,A,4001.0154,N,10516.2160,W,5.83,180.0,080726,,,A*76
$GPGGA,074205.00,4001.0138,N,10516.2160,W,1,10,1.08,1634.7,M,-21.3,M,,*51
$GPRMC,074205.00,A,4001.0138,N,10516.2160,W,5.83,180.0,080726,,,A*7D
$GPGGA,074206.00,4001.0122,N,10516.2160,W,1,10,1.08,1634.2,M,-21.3,M,,*5C
$GPRMC,074206.00,A,4001.0122,N,10516.2160,W,5.83,180.0,080726,,,A*75
$GPGGA,074207.00,4001.0105,N,10516.2160,W,1,10,1.08,1633.6,M,-21.3,M,,*5B
$GPRMC,074207.00,A,4001.0105,N,10516.2160,W,5.83,180.0,080726,,,A*71
$GPGGA,074208.00,4001.0089,N,10516.2160,W,1,10,1.08,1633.1,M,-21.3,M,,*56
$GPRMC,074208.00,A,4001.0089,N,10516.2160,W,5.83,180.0,080726,,,A*7B
$GPGGA,074209.00,4001.0073,N,10516.2160,W,1,10,1.08,1632.6,M,-21.3,M,,*54
$GPRMC,074209.00,A,4001.0073,N,10516.2160,W,5.83,180.0,080726,,,A*7F
$GPGGA,074210.00,4001.0057,N,10516.2160,W,1,10,1.08,1632.0,M,-21.3,M,,*5C
$GPRMC,074210.00,A,4001.0057,N,10516.2160,W,5.83,180.0,080726,,,A*71
$GPGGA,074211.00,4001.0041,N,10516.2160,W,1,10,1.08,1631.5,M,-21.3,M,,*5C
$GPRMC,074211.00,A,4001.0041,N,10516.2160,W,5.83,180.0,080726,,,A*77
$GPGGA,074212.00,4001.0025,N,10516.2160,W,1,10,1.08,1630.9,M,-21.3,M,,*50
$GPRMC,074212.00,A,4001.0025,N,10516.2160,W,5.83,180.0,080726,,,A*76
$GPGGA,074213.00,4001.0008,N,10516.2160,W,1,10,1.08,1630.4,M,-21.3,M,,*53
$GPRMC,074213.00,A,4001.0008,N,10516.2160,W,5.83,180.0,080726,,,A*78
$GPGGA,074214.00,4000.9992,N,10516.2160,W,1,10,1.08,1629.9,M,-21.3,M,,*53
$GPRMC,074214.00,A,4000.9992,N,10516.2160,W,5.83,180.0,080726,,,A*7D
$GPGGA,074215.00,4000.9976,N,10516.2160,W,1,10,1.08,1629.3,M,-21.3,M,,*52
$GPRMC,074215.00,A,4000.9976,N,10516.2160,W,5.83,180.0,080726,,,A*76
$GPGGA,074216.00,4000.9960,N,10516.2160,W,1,10,1.08,1628.8,M,-21.3,M,,*5C
$GPRMC,074216.00,A,4000.9960,N,10516.2160,W,5.83,180.0,080726,,,A*72
$GPGGA,074217.00,4000.9944,N,10516.2160,W,1,10,1.08,1628.2,M,-21.3,M,,*51
$GPRMC,074217.00,A,4000.9944,N,10516.2160,W,5.83,180.0,080726,,,A*75
$GPGGA,074218.00,4000.9928,N,10516.2160,W,1,10,1.08,1627.7,M,-21.3,M,,*5E
$GPRMC,074218.00,A,4000.9928,N,10516.2160,W,5.83,180.0,080726,,,A*70
$GPGGA,074219.00,4000.9911,N,10516.2160,W,1,11,0.94,1627.2,M,-21.3,M,,*55
$GPRMC,074219.00,A,4000.9911,N,10516.2160,W,5.83,180.0,080726,,,A*7B
$GPGGA,074220.00,4000.9895,N,10516.2160,W,1,11,0.94,1626.6,M,-21.3,M,,*57
$GPRMC,074220.00,A,4000.9895,N,10516.2160,W,5.83,180.0,080726,,,A*7C
$GPGGA,074221.00,4000.9879,N,10516.2160,W,1,11,0.94,1626.1,M,-21.3,M,,*53
$GPRMC,074221.00,A,4000.9879,N,10516.2160,W,5.83,180.0,080726,,,A*7F
$GPGGA,074222.00,4000.9863,N,10516.2160,W,1,11,0.94,1625.5,M,-21.3,M,,*5C
$GPRMC,074222.00,A,4000.9863,N,10516.2160,W,5.83,180.0,080726,,,A*77
$GPGGA,074223.00,4000.9847,N,10516.2160,W,1,11,0.94,1625.0,M,-21.3,M,,*5E
$GPRMC,074223.00,A,4000.9847,N,10516.2160,W,5.83,180.0,080726,,,A*70
$GPGGA,074224.00,4000.9831,N,10516.2160,W,1,11,0.94,1624.5,M,-21.3,M,,*5C
$GPRMC,074224.00,A,4000.9831,N,10516.2160,W,5.83,180.0,080726,,,A*76
$GPGGA,074225.00,4000.9814,N,10516.2160,W,1,11,0.94,1623.9,M,-21.3,M,,*51
$GPRMC,074225.00,A,4000.9814,N,10516.2160,W,5.83,180.0,080726,,,A*70
$GPGGA,074226.00,4000.9798,N,10516.2160,W,1,11,0.94,1623.4,M,-21.3,M,,*54
$GPRMC,074226.00,A,4000.9798,N,10516.2160,W,5.83,180.0,080726,,,A*78
$GPGGA,074227.00,4000.9782,N,10516.2160,W,1,11,0.94,1622.8,M,-21.3,M,,*53
$GPRMC,074227.00,A,4000.9782,N,10516.2160,W,5.83,180.0,080726,,,A*72
$GPGGA,074228.00,4000.9766,N,10516.2160,W,1,11,0.94,1622.3,M,-21.3,M,,*5D
$GPRMC,074228.00,A,4000.9766,N,10516.2160,W,5.83,180.0,080726,,,A*77
$GPGGA,074229.00,4000.9750,N,10516.2160,W,1,11,0.94,1621.8,M,-21.3,M,,*51
$GPRMC,074229.00,A,4000.9750,N,10516.2160,W,5.83,180.0,080726,,,A*73
$GPGSV,3,1,11,05,55,120,44,07,34,210,38,13,21,300,35,15,60,045,44*72
$GPGSV,3,2,11,18,12,090,30,20,48,270,41,24,08,180,28,30,29,330,37*77
$GPGSV,3,3,11,02,41,150,33,12,17,060,31,25,72,015,45*4C
$GPGGA,074230.00,4000.9734,N,10516.2160,W,1,11,0.94,1621.2,M,-21.3,M,,*51
$GPRMC,074230.00,A,4000.9734,N,10516.2160,W,5.83,180.0,080726,,,A*79
$GPGGA,074231.00,4000.9717,N,10516.2160,W,1,11,0.94,1620.7,M,-21.3,M,,*55
$GPRMC,074231.00,A,4000.9717,N,10516.2160,W,5.83,180.0,080726,,,A*79
$GPGGA,074232.00,4000.9701,N,10516.2160,W,1,11,0.94,1620.1,M,-21.3,M,,*57
$GPRMC,074232.00,A,4000.9701,N,10516.2160,W,5.83,180.0,080726,,,A*7D
$GPGGA,074233.00,4000.9685,N,10516.2160,W,1,11,0.94,1619.6,M,-21.3,M,,*56
$GPRMC,074233.00,A,4000.9685,N,10516.2160,W,5.83,180.0,080726,,,A*71
$GPGGA,074234.00,4000.9669,N,10516.2160,W,1,11,0.94,1619.1,M,-21.3,M,,*54
$GPRMC,074234.00,A,4000.9669,N,10516.2160,W,5.83,180.0,080726,,,A*74
$GPGGA,074235.00,4000.9653,N,10516.2160,W,1,11,0.94,1618.5,M,-21.3,M,,*59
$GPRMC,074235.00,A,4000.9653,N,10516.2160,W,5.83,180.0,080726,,,A*7C
$GPGGA,074236.00,4000.9637,N,10516.2160,W,1,11,0.94,1618.0,M,-21.3,M,,*5D
$GPRMC,074236.00,A,4000.9637,N,10516.2160,W,5.83,180.0,080726,,,A*7D
$GPGGA,074237.00,4000.9620,N,10516.2160,W,1,11,0.94,1617.4,M,-21.3,M,,*51
$GPRMC,074237.00,A,4000.9620,N,10516.2160,W,5.83,180.0,080726,,,A*7A
$GPGGA,074238.00,4000.9604,N,10516.2160,W,1,11,0.94,1616.9,M,-21.3,M,,*54
$GPRMC,074238.00,A,4000.9604,N,10516.2160,W,5.83,180.0,080726,,,A*73
$GPGGA,074239.00,4000.9588,N,10516.2160,W,1,11,0.94,1616.4,M,-21.3,M,,*5F
$GPRMC,074239.00,A,4000.9588,N,10516.2160,W,5.83,180.0,080726,,,A*75
$GPGGA,074240.00,4000.9572,N,10516.2160,W,1,11,0.94,1615.8,M,-21.3,M,,*5B
$GPRMC,074240.00,A,4000.9572,N,10516.2160,W,5.83,180.0,080726,,,A*7E
$GPGGA,074241.00,4000.9556,N,10516.2160,W,1,11,0.94,1615.3,M,-21.3,M,,*57
$GPRMC,074241.00,A,4000.9556,N,10516.2160,W,5.83,180.0,080726,,,A*79
$GPGGA,074242.00,4000.9540,N,10516.2160,W,1,11,0.94,1614.7,M,-21.3,M,,*56
$GPRMC,074242.00,A,4000.9540,N,10516.2160,W,5.83,180.0,080726,,,A*7D
$GPGGA,074243.00,4000.9523,N,10516.2160,W,1,11,0.94,1614.2,M,-21.3,M,,*57
$GPRMC,074243.00,A,4000.9523,N,10516.2160,W,5.83,180.0,080726,,,A*79
$GPGGA,074244.00,4000.9507,N,10516.2160,W,1,11,0.94,1613.7,M,-21.3,M,,*54
$GPRMC,074244.00,A,4000.9507,N,10516.2160,W,5.83,180.0,080726,,,A*78
$GPGGA,074245.00,4000.9491,N,10516.2160,W,1,11,0.94,1613.1,M,-21.3,M,,*5D
$GPRMC,074245.00,A,4000.9491,N,10516.2160,W,5.83,180.0,080726,,,A*77
$GPGGA,074246.00,4000.9475,N,10516.2160,W,1,11,0.94,1612.6,M,-21.3,M,,*52
$GPRMC,074246.00,A,4000.9475,N,10516.2160,W,5.83,180.0,080726,,,A*7E
$GPGGA,074247.00,4000.9459,N,10516.2160,W,1,11,0.94,1612.0,M,-21.3,M,,*5B
$GPRMC,074247.00,A,4000.9459,N,10516.2160,W,5.83,180.0,080726,,,A*71
$GPGGA,074248.00,4000.9443,N,10516.2160,W,1,11,0.94,1611.5,M,-21.3,M,,*59
$GPRMC,074248.00,A,4000.9443,N,10516.2160,W,5.83,180.0,080726,,,A*75
$GPGGA,074249.00,4000.9426,N,10516.2160,W,1,11,0.94,1611.0,M,-21.3,M,,*5E
$GPRMC,074249.00,A,4000.9426,N,10516.2160,W,5.83,180.0,080726,,,A*77
$GPGGA,074250.00,4000.9410,N,10516.2160,W,1,11,0.94,1610.4,M,-21.3,M,,*56
$GPRMC,074250.00,A,4000.9410,N,10516.2160,W,5.83,180.0,080726,,,A*7A
$GPGGA,074251.00,4000.9394,N,10516.2160,W,1,11,0.94,1609.9,M,-21.3,M,,*59
$GPRMC,074251.00,A,4000.9394,N,10516.2160,W,5.83,180.0,080726,,,A*70
$GPGGA,074252.00,4000.9378,N,10516.2160,W,1,11,0.94,1609.3,M,-21.3,M,,*52
$GPRMC,074252.00,A,4000.9378,N,10516.2160,W,5.83,180.0,080726,,,A*71
$GPGGA,074253.00,4000.9362,N,10516.2160,W,1,11,0.94,1608.8,M,-21.3,M,,*52
$GPRMC,074253.00,A,4000.9362,N,10516.2160,W,5.83,180.0,080726,,,A*7B
$GPGGA,074254.00,4000.9345,N,10516.2160,W,1,11,0.94,1608.3,M,-21.3,M,,*5B
$GPRMC,074254.00,A,4000.9345,N,10516.2160,W,5.83,180.0,080726,,,A*79
$GPGGA,074255.00,4000.9329,N,10516.2160,W,1,11,0.94,1607.7,M,-21.3,M,,*5B
$GPRMC,074255.00,A,4000.9329,N,10516.2160,W,5.83,180.0,080726,,,A*72
$GPGGA,074256.00,4000.9313,N,10516.2160,W,1,11,0.94,1607.2,M,-21.3,M,,*54
$GPRMC,074256.00,A,4000.9313,N,10516.2160,W,5.83,180.0,080726,,,A*78
$GPGGA,074257.00,4000.9297,N,10516.2160,W,1,11,0.94,1606.6,M,-21.3,M,,*5D
$GPRMC,074257.00,A,4000.9297,N,10516.2160,W,5.83,180.0,080726,,,A*74
$GPGGA,074258.00,4000.9281,N,10516.2160,W,1,11,0.94,1606.1,M,-21.3,M,,*52
$GPRMC,074258.00,A,4000.9281,N,10516.2160,W,5.83,180.0,080726,,,A*7C
$GPGGA,074259.00,4000.9265,N,10516.2160,W,1,11,0.94,1605.6,M,-21.3,M,,*5D
$GPRMC,074259.00,A,4000.9265,N,10516.2160,W,5.83,180.0,080726,,,A*77
$GPGSV,3,1,11,05,55,120,44,07,34,210,38,13,21,300,35,15,60,045,44*72
$GPGSV,3,2,11,18,12,090,30,20,48,270,41,24,08,180,28,30,29,330,37*77
$GPGSV,3,3,11,02,41,150,33,12,17,060,31,25,72,015,45*4C
$GPGGA,074300.00,4000.9248,N,10516.2160,W,1,11,0.94,1605.0,M,-21.3,M,,*59
$GPRMC,074300.00,A,4000.9248,N,10516.2160,W,5.83,180.0,080726,,,A*75
$GPGGA,074301.00,4000.9232,N,10516.2160,W,1,11,0.94,1604.5,M,-21.3,M,,*51
$GPRMC,074301.00,A,4000.9232,N,10516.2160,W,5.83,180.0,080726,,,A*79
$GPGGA,074302.00,4000.9216,N,10516.2160,W,1,11,0.94,1603.9,M,-21.3,M,,*5F
$GPRMC,074302.00,A,4000.9216,N,10516.2160,W,5.83,180.0,080726,,,A*7C
$GPGGA,074303.00,4000.9200,N,10516.2160,W,1,11,0.94,1603.4,M,-21.3,M,,*54
$GPRMC,074303.00,A,4000.9200,N,10516.2160,W,5.83,180.0,080726,,,A*7A
$GPGGA,074304.00,4000.9184,N,10516.2160,W,1,11,0.94,1602.9,M,-21.3,M,,*50
$GPRMC,074304.00,A,4000.9184,N,10516.2160,W,5.83,180.0,080726,,,A*72
$GPGGA,074305.00,4000.9168,N,10516.2160,W,1,11,0.94,1602.3,M,-21.3,M,,*59
$GPRMC,074305.00,A,4000.9168,N,10516.2160,W,5.83,180.0,080726,,,A*71
$GPGGA,074306.00,4000.9151,N,10516.2160,W,1,11,0.94,1601.8,M,-21.3,M,,*58
$GPRMC,074306.00,A,4000.9151,N,10516.2160,W,5.83,180.0,080726,,,A*78
$GPGGA,074307.00,4000.9135,N,10516.2160,W,1,11,0.94,1601.2,M,-21.3,M,,*51
$GPRMC,074307.00,A,4000.9135,N,10516.2160,W,5.83,180.0,080726,,,A*7B
$GPGGA,074308.00,4000.9119,N,10516.2160,W,1,11,0.94,1600.7,M,-21.3,M,,*54
$GPRMC,074308.00,A,4000.9119,N,10516.2160,W,5.83,180.0,080726,,,A*7A
$GPGGA,074309.00,4000.9103,N,10516.2160,W,1,11,0.94,1600.2,M,-21.3,M,,*5B
$GPRMC,074309.00,A,4000.9103,N,10516.2160,W,5.83,180.0,080726,,,A*70
$GPGGA,074310.00,4000.9090,N,10516.2160,W,1,11,0.94,1600.2,M,-21.3,M,,*58
$GPRMC,074310.00,A,4000.9090,N,10516.2160,W,4.67,180.0,080726,,,A*78
$GPGGA,074311.00,4000.9077,N,10516.2160,W,1,11,0.94,1600.2,M,-21.3,M,,*50
$GPRMC,074311.00,A,4000.9077,N,10516.2160,W,4.67,180.0,080726,,,A*70
$GPGGA,074312.00,4000.9064,N,10516.2160,W,1,11,0.94,1600.2,M,-21.3,M,,*51
$GPRMC,074312.00,A,4000.9064,N,10516.2160,W,4.67,180.0,080726,,,A*71
$GPGGA,074313.00,4000.9051,N,10516.2160,W,1,11,0.94,1600.2,M,-21.3,M,,*56
$GPRMC,074313.00,A,4000.9051,N,10516.2160,W,4.67,180.0,080726,,,A*76
$GPGGA,074314.00,4000.9038,N,10516.2160,W,1,11,0.94,1600.2,M,-21.3,M,,*5E
$GPRMC,074314.00,A,4000.9038,N,10516.2160,W,4.67,180.0,080726,,,A*7E
$GPGGA,074315.00,4000.9025,N,10516.2160,W,1,11,0.94,1600.2,M,-21.3,M,,*53
$GPRMC,074315.00,A,4000.9025,N,10516.2160,W,4.67,180.0,080726,,,A*73
$GPGGA,074316.00,4000.9012,N,10516.2160,W,1,11,0.94,1600.2,M,-21.3,M,,*54
$GPRMC,074316.00,A,4000.9012,N,10516.2160,W,4.67,180.0,080726,,,A*74
$GPGGA,074317.00,4000.8999,N,10516.2160,W,1,11,0.94,1600.2,M,-21.3,M,,*5E
$GPRMC,074317.00,A,4000.8999,N,10516.2160,W,4.67,180.0,080726,,,A*7E
