$GPGGA,100000.00,3900.0000,N,10700.0000,W,1,09,0.90,2400.0,M,-18.0,M,,*51
$GPGSA,A,3,05,07,13,15,18,20,24,30,02,,,,1.7,0.9,1.4*30
$GPGSV,3,1,09,05,55,120,44,07,34,210,38,13,21,300,35,15,60,045,44*7B
$GPGSV,3,2,09,18,12,090,30,20,48,270,41,24,08,180,28,30,29,330,37*7E
$GPGSV,3,3,09,02,41,150,33*43
$GPRMC,100000.00,A,3900.0000,N,10700.0000,W,6.41,180.0,080726,,,A*70
$GPGGA,100001.00,3859.9982,N,10700.0000,W,1,09,0.90,2399.5,M,-18.0,M,,*55
$GPGSA,A,3,05,07,13,15,18,20,24,30,02,,,,1.7,0.9,1.4*30
$GPGSV,3,1,09,05,55,120,44,07,34,210,38,13,21,300,35,15,60,045,44*7B
$GPGSV,3,2,09,18,12,090,30,20,48,270,41,24,08,180,28,30,29,330,37*7E
$GPGSV,3,3,09,02,41,150,33*43
$GPRMC,100001.00,A,3859.9982,N,10700.0000,W,6.42,193.8,080726,,,A*7F
$GPGGA,100002.00,3859.9965,N,10700.0005,W,1,09,0.90,2399.1,M,-18.0,M,,*5E
$GPGSA,A,3,05,07,13,15,18,20,24,30,02,,,,1.7,0.9,1.4*30
$GPGSV,3,1,09,05,55,120,44,07,34,210,38,13,21,300,35,15,60,045,44*7B
$GPGSV,3,2,09,18,12,090,30,20,48,270,41,24,08,180,28,30,29,330,37*7E
$GPGSV,3,3,09,02,41,150,33*43
$GPRMC,100002.00,A,3859.9965,N,10700.0005,W,6.43,207.5,080726,,,A*72
$GPGGA,100003.00,3859.9949,N,10700.0016,W,1,09,0.90,2398.6,M,-18.0,M,,*55
$GPGSA,A,3,05,07,13,15,18,20,24,30,02,,,,1.7,0.9,1.4*30
$GPGSV,3,1,09,05,55,120,44,07,34,210,38,13,21,300,35,15,60,045,44*7B
$GPGSV,3,2,09,18,12,090,30,20,48,270,41,24,08,180,28,30,29,330,37*7E
$GPGSV,3,3,09,02,41,150,33*43
$GPRMC,100003.00,A,3859.9949,N,10700.0016,W,6.44,221.2,080726,,,A*7B
$GPGGA,100004.00,3859.9936,N,10700.0031,W,1,09,0.90,2398.2,M,-18.0,M,,*5B
$GPGSA,A,3,05,07,13,15,18,20,24,30,02,,,,1.7,0.9,1.4*30
$GPGSV,3,1,09,05,55,120,44,07,34,210,38,13,21,300,35,15,60,045,44*7B
$GPGSV,3,2,09,18,12,090,30,20,48,270,41,24,08,180,28,30,29,330,37*7E
$GPGSV,3,3,09,02,41,150,33*43
$GPRMC,100004.00,A,3859.9936,N,10700.0031,W,6.45,235.0,080726,,,A*77
$GPGGA,100005.00,3859.9925,N,10700.0050,W,1,09,0.90,2397.7,M,-18.0,M,,*55
$GPGSA,A,3,05,07,13,15,18,20,24,30,02,,,,1.7,0.9,1.4*30
$GPGSV,3,1,09,05,55,120,44,07,34,210,38,13,21,300,35,15,60,045,44*7B
$GPGSV,3,2,09,18,12,090,30,20,48,270,41,24,08,180,28,30,29,330,37*7E
$GPGSV,3,3,09,02,41,150,33*43
$GPRMC,100005.00,A,3859.9925,N,10700.0050,W,6.46,235.0,080726,,,A*70
$GPGGA,100006.00,3859.9915,N,10700.0069,W,1,09,0.90,2397.3,M,-18.0,M,,*5B
$GPGSA,A,3,05,07,13,15,18,20,24,30,02,,,,1.7,0.9,1.4*30
$GPGSV,3,1,09,05,55,120,44,07,34,210,38,13,21,300,35,15,60,045,44*7B
$GPGSV,3,2,09,18,12,090,30,20,48,270,41,24,08,180,28,30,29,330,37*7E
$GPGSV,3,3,09,02,41,150,33*43
$GPRMC,100006.00,A,3859.9915,N,10700.0069,W,6.47,235.0,080726,,,A*7B
$GPGGA,100007.00,3859.9905,N,10700.0088,W,1,09,0.90,2396.8,M,-18.0,M,,*5E
$GPGSA,A,3,05,07,13,15,18,20,24,30,02,,,,1.7,0.9,1.4*30
$GPGSV,3,1,09,05,55,120,44,07,34,210,38,13,21,300,35,15,60,045,44*7B
$GPGSV,3,2,09,18,12,090,30,20,48,270,41,24,08,180,28,30,29,330,37*7E
$GPGSV,3,3,09,02,41,150,33*43
$GPRMC,100007.00,A,3859.9905,N,10700.0088,W,6.48,235.0,080726,,,A*7B
$GPGGA,100008.00,3859.9895,N,10700.0107,W,1,09,0.90,2396.4,M,-18.0,M,,*53
$GPGSA,A,3,05,07,13,15,18,20,24,30,02,,,,1.7,0.9,1.4*30
$GPGSV,3,1,09,05,55,120,44,07,34,210,38,13,21,300,35,15,60,045,44*7B
$GPGSV,3,2,09,18,12,090,30,20,48,270,41,24,08,180,28,30,29,330,37*7E
$GPGSV,3,3,09,02,41,150,33*43
$GPRMC,100008.00,A,3859.9895,N,10700.0107,W,6.49,235.0,080726,,,A*7B
$GPGGA,100009.00,3859.9884,N,10700.0126,W,1,09,0.90,2395.9,M,-18.0,M,,*5F
$GPGSA,A,3,05,07,13,15,18,20,24,30,02,,,,1.7,0.9,1.4*30
$GPGSV,3,1,09,05,55,120,44,07,34,210,38,13,21,300,35,15,60,045,44*7B
$GPGSV,3,2,09,18,12,090,30,20,48,270,41,24,08,180,28,30,29,330,37*7E
$GPGSV,3,3,09,02,41,150,33*43
$GPRMC,100009.00,A,3859.9884,N,10700.0126,W,6.49,235.0,080726,,,A*79
$GPGGA,100010.00,3859.9874,N,10700.0145,W,1,09,0.90,2395.5,M,-18.0,M,,*51
$GPGSA,A,3,05,07,13,15,18,20,24,30,02,,,,1.7,0.9,1.4*30
$GPGSV,3,1,09,05,55,120,44,07,34,210,38,13,21,300,35,15,60,045,44*7B
$GPGSV,3,2,09,18,12,090,30,20,48,270,41,24,08,180,28,30,29,330,37*7E
$GPGSV,3,3,09,02,41,150,33*43
$GPRMC,100010.00,A,3859.9874,N,10700.0145,W,6.50,235.0,080726,,,A*73
$GPGGA,100011.00,3859.9864,N,10700.0164,W,1,09,0.90,2395.0,M,-18.0,M,,*57
$GPGSA,A,3,05,07,13,15,18,20,24,30,02,,,,1.7,0.9,1.4*30
$GPGSV,3,1,09,05,55,120,44,07,34,210,38,13,21,300,35,15,60,045,44*7B
$GPGSV,3,2,09,18,12,090,30,20,48,270,41,24,08,180,28,30,29,330,37*7E
$GPGSV,3,3,09,02,41,150,33*43
$GPRMC,100011.00,A,3859.9864,N,10700.0164,W,6.51,235.0,080726,,,A*71
$GPGGA,100012.00,3859.9853,N,10700.0183,W,1,09,0.90,2394.6,M,-18.0,M,,*5E
$GPGSA,A,3,05,07,13,15,18,20,24,30,02,,,,1.7,0.9,1.4*30
$GPGSV,3,1,09,05,55,120,44,07,34,210,38,13,21,300,35,15,60,045,44*7B
$GPGSV,3,2,09,18,12,090,30,20,48,270,41,24,08,180,28,30,29,330,37*7E
$GPGSV,3,3,09,02,41,150,33*43
$GPRMC,100012.00,A,3859.9853,N,10700.0183,W,6.52,235.0,080726,,,A*7C
$GPGGA,100013.00,3859.9843,N,10700.0202,W,1,09,0.90,2394.1,M,-18.0,M,,*53
$GPGSA,A,3,05,07,13,15,18,20,24,30,02,,,,1.7,0.9,1.4*30
$GPGSV,3,1,09,05,55,120,44,07,34,210,38,13,21,300,35,15,60,045,44*7B
$GPGSV,3,2,09,18,12,090,30,20,48,270,41,24,08,180,28,30,29,330,37*7E
$GPGSV,3,3,09,02,41,150,33*43
$GPRMC,100013.00,A,3859.9843,N,10700.0202,W,6.53,235.0,080726,,,A*77
$GPGGA,100014.00,3859.9832,N,10700.0221,W,1,09,0.90,2393.6,M,-18.0,M,,*53
$GPGSA,A,3,05,07,13,15,18,20,24,30,02,,,,1.7,0.9,1.4*30
$GPGSV,3,1,09,05,55,120,44,07,34,210,38,13,21,300,35,15,60,045,44*7B
$GPGSV,3,2,09,18,12,090,30,20,48,270,41,24,08,180,28,30,29,330,37*7E
$GPGSV,3,3,09,02,41,150,33*43
$GPRMC,100014.00,A,3859.9832,N,10700.0221,W,6.54,235.0,080726,,,A*70
$GPGGA,100015.00,3859.9822,N,10700.0240,W,1,09,0.90,2393.2,M,-18.0,M,,*50
$GPGSA,A,3,05,07,13,15,18,20,24,30,02,,,,1.7,0.9,1.4*30
$GPGSV,3,1,09,05,55,120,44,07,34,210,38,13,21,300,35,15,60,045,44*7B
$GPGSV,3,2,09,18,12,090,30,20,48,270,41,24,08,180,28,30,29,330,37*7E
$GPGSV,3,3,09,02,41,150,33*43
$GPRMC,100015.00,A,3859.9822,N,10700.0240,W,6.55,235.0,080726,,,A*76
$GPGGA,100016.00,3859.9812,N,10700.0259,W,1,09,0.90,2392.7,M,-18.0,M,,*5C
$GPGSA,A,3,05,07,13,15,18,20,24,30,02,,,,1.7,0.9,1.4*30
$GPGSV,3,1,09,05,55,120,44,07,34,210,38,13,21,300,35,15,60,045,44*7B
$GPGSV,3,2,09,18,12,090,30,20,48,270,41,24,08,180,28,30,29,330,37*7E
$GPGSV,3,3,09,02,41,150,33*43
$GPRMC,100016.00,A,3859.9812,N,10700.0259,W,6.55,235.0,080726,,,A*7E
$GPGGA,100017.00,3859.9801,N,10700.0278,W,1,09,0.90,2392.3,M,-18.0,M,,*58
$GPGSA,A,3,05,07,13,15,18,20,24,30,02,,,,1.7,0.9,1.4*30
$GPGSV,3,1,09,05,55,120,44,07,34,210,38,13,21,300,35,15,60,045,44*7B
$GPGSV,3,2,09,18,12,090,30,20,48,270,41,24,08,180,28,30,29,330,37*7E
$GPGSV,3,3,09,02,41,150,33*43
$GPRMC,100017.00,A,3859.9801,N,10700.0278,W,6.56,235.0,080726,,,A*7D
$GPGGA,100018.00,3859.9791,N,10700.0297,W,1,09,0.90,2391.8,M,-18.0,M,,*58
$GPGSA,A,3,05,07,13,15,18,20,24,30,02,,,,1.7,0.9,1.4*30
$GPGSV,3,1,09,05,55,120,44,07,34,210,38,13,21,300,35,15,60,045,44*7B
$GPGSV,3,2,09,18,12,090,30,20,48,270,41,24,08,180,28,30,29,330,37*7E
$GPGSV,3,3,09,02,41,150,33*43
$GPRMC,100018.00,A,3859.9791,N,10700.0297,W,6.57,235.0,080726,,,A*74
$GPGGA,100019.00,3859.9780,N,10700.0317,W,1,09,0.90,2391.3,M,-18.0,M,,*5B
$GPGSA,A,3,05,07,13,15,18,20,24,30,02,,,,1.7,0.9,1.4*30
$GPGSV,3,1,09,05,55,120,44,07,34,210,38,13,21,300,35,15,60,045,44*7B
$GPGSV,3,2,09,18,12,090,30,20,48,270,41,24,08,180,28,30,29,330,37*7E
$GPGSV,3,3,09,02,41,150,33*43
$GPRMC,100019.00,A,3859.9780,N,10700.0317,W,6.58,235.0,080726,,,A*73
$GPGGA,100020.00,3859.9770,N,10700.0336,W,1,09,0.90,2390.9,M,-18.0,M,,*56
$GPGSA,A,3,05,07,13,15,18,20,24,30,02,,,,1.7,0.9,1.4*30
$GPGSV,3,1,09,05,55,120,44,07,34,210,38,13,21,300,35,15,60,045,44*7B
$GPGSV,3,2,09,18,12,090,30,20,48,270,41,24,08,180,28,30,29,330,37*7E
$GPGSV,3,3,09,02,41,150,33*43
$GPRMC,100020.00,A,3859.9770,N,10700.0336,W,6.59,235.0,080726,,,A*74
$GPGGA,100021.00,3859.9759,N,10700.0355,W,1,09,0.90,2390.4,M,-18.0,M,,*54
$GPGSA,A,3,05,07,13,15,18,20,24,30,02,,,,1.7,0.9,1.4*30
$GPGSV,3,1,09,05,55,120,44,07,34,210,38,13,21,300,35,15,60,045,44*7B
$GPGSV,3,2,09,18,12,090,30,20,48,270,41,24,08,180,28,30,29,330,37*7E
$GPGSV,3,3,09,02,41,150,33*43
$GPRMC,100021.00,A,3859.9759,N,10700.0355,W,6.60,235.0,080726,,,A*71
$GPGGA,100022.00,3859.9749,N,10700.0374,W,1,09,0.90,2389.9,M,-18.0,M,,*50
$GPGSA,A,3,05,07,13,15,18,20,24,30,02,,,,1.7,0.9,1.4*30
$GPGSV,3,1,09,05,55,120,44,07,34,210,38,13,21,300,35,15,60,045,44*7B
$GPGSV,3,2,09,18,12,090,30,20,48,270,41,24,08,180,28,30,29,330,37*7E
$GPGSV,3,3,09,02,41,150,33*43
$GPRMC,100022.00,A,3859.9749,N,10700.0374,W,6.60,235.0,080726,,,A*70
$GPGGA,100023.00,3859.9738,N,10700.0394,W,1,09,0.90,2389.5,M,-18.0,M,,*55
$GPGSA,A,3,05,07,13,15,18,20,24,30,02,,,,1.7,0.9,1.4*30
$GPGSV,3,1,09,05,55,120,44,07,34,210,38,13,21,300,35,15,60,045,44*7B
$GPGSV,3,2,09,18,12,090,30,20,48,270,41,24,08,180,28,30,29,330,37*7E
$GPGSV,3,3,09,02,41,150,33*43
$GPRMC,100023.00,A,3859.9738,N,10700.0394,W,6.61,235.0,080726,,,A*78
$GPGGA,100024.00,3859.9728,N,10700.0413,W,1,09,0.90,2389.0,M,-18.0,M,,*5E
$GPGSA,A,3,05,07,13,15,18,20,24,30,02,,,,1.7,0.9,1.4*30
$GPGSV,3,1,09,05,55,120,44,07,34,210,38,13,21,300,35,15,60,045,44*7B
$GPGSV,3,2,09,18,12,090,30,20,48,270,41,24,08,180,28,30,29,330,37*7E
$GPGSV,3,3,09,02,41,150,33*43
$GPRMC,100024.00,A,3859.9728,N,10700.0413,W,6.62,235.0,080726,,,A*75
$GPGGA,100025.00,3859.9717,N,10700.0432,W,1,09,0.90,2388.5,M,-18.0,M,,*54
$GPGSA,A,3,05,07,13,15,18,20,24,30,02,,,,1.7,0.9,1.4*30
$GPGSV,3,1,09,05,55,120,44,07,34,210,38,13,21,300,35,15,60,045,44*7B
$GPGSV,3,2,09,18,12,090,30,20,48,270,41,24,08,180,28,30,29,330,37*7E
$GPGSV,3,3,09,02,41,150,33*43
$GPRMC,100025.00,A,3859.9717,N,10700.0432,W,6.63,235.0,080726,,,A*7A
$GPGGA,100026.00,3859.9707,N,10700.0452,W,1,09,0.90,2388.0,M,-18.0,M,,*55
$GPGSA,A,3,05,07,13,15,18,20,24,30,02,,,,1.7,0.9,1.4*30
$GPGSV,3,1,09,05,55,120,44,07,34,210,38,13,21,300,35,15,60,045,44*7B
$GPGSV,3,2,09,18,12,090,30,20,48,270,41,24,08,180,28,30,29,330,37*7E
$GPGSV,3,3,09,02,41,150,33*43
$GPRMC,100026.00,A,3859.9707,N,10700.0452,W,6.64,235.0,080726,,,A*79
$GPGGA,100027.00,3859.9696,N,10700.0471,W,1,09,0.90,2387.6,M,-18.0,M,,*55
$GPGSA,A,3,05,07,13,15,18,20,24,30,02,,,,1.7,0.9,1.4*30
$GPGSV,3,1,09,05,55,120,44,07,34,210,38,13,21,300,35,15,60,045,44*7B
$GPGSV,3,2,09,18,12,090,30,20,48,270,41,24,08,180,28,30,29,330,37*7E
$GPGSV,3,3,09,02,41,150,33*43
$GPRMC,100027.00,A,3859.9696,N,10700.0471,W,6.64,235.0,080726,,,A*70
$GPGGA,100028.00,3859.9686,N,10700.0491,W,1,09,0.90,2387.1,M,-18.0,M,,*52
$GPGSA,A,3,05,07,13,15,18,20,24,30,02,,,,1.7,0.9,1.4*30
$GPGSV,3,1,09,05,55,120,44,07,34,210,38,13,21,300,35,15,60,045,44*7B
$GPGSV,3,2,09,18,12,090,30,20,48,270,41,24,08,180,28,30,29,330,37*7E
$GPGSV,3,3,09,02,41,150,33*43
$GPRMC,100028.00,A,3859.9686,N,10700.0491,W,6.65,235.0,080726,,,A*71
$GPGGA,100029.00,3859.9675,N,10700.0510,W,1,09,0.90,2386.6,M,-18.0,M,,*51
$GPGSA,A,3,05,07,13,15,18,20,24,30,02,,,,1.7,0.9,1.4*30
$GPGSV,3,1,09,05,55,120,44,07,34,210,38,13,21,300,35,15,60,045,44*7B
$GPGSV,3,2,09,18,12,090,30,20,48,270,41,24,08,180,28,30,29,330,37*7E
$GPGSV,3,3,09,02,41,150,33*43
$GPRMC,100029.00,A,3859.9675,N,10700.0510,W,6.66,235.0,080726,,,A*77
$GPGGA,100030.00,3859.9665,N,10700.0529,W,1,09,0.90,2386.1,M,-18.0,M,,*55
$GPGSA,A,3,05,07,13,15,18,20,24,30,02,,,,1.7,0.9,1.4*30
$GPGSV,3,1,09,05,55,120,44,07,34,210,38,13,21,300,35,15,60,045,44*7B
$GPGSV,3,2,09,18,12,090,30,20,48,270,41,24,08,180,28,30,29,330,37*7E
$GPGSV,3,3,09,02,41,150,33*43
$GPRMC,100030.00,A,3859.9665,N,10700.0529,W,6.67,235.0,080726,,,A*75
$GPGGA,100031.00,3859.9654,N,10700.0549,W,1,09,0.90,2385.6,M,-18.0,M,,*54
$GPGSA,A,3,05,07,13,15,18,20,24,30,02,,,,1.7,0.9,1.4*30
$GPGSV,3,1,09,05,55,120,44,07,34,210,38,13,21,300,35,15,60,045,44*7B
$GPGSV,3,2,09,18,12,090,30,20,48,270,41,24,08,180,28,30,29,330,37*7E
$GPGSV,3,3,09,02,41,150,33*43
$GPRMC,100031.00,A,3859.9654,N,10700.0549,W,6.67,235.0,080726,,,A*70
$GPGGA,100032.00,3859.9643,N,10700.0568,W,1,09,0.90,2385.1,M,-18.0,M,,*55
$GPGSA,A,3,05,07,13,15,18,20,24,30,02,,,,1.7,0.9,1.4*30
$GPGSV,3,1,09,05,55,120,44,07,34,210,38,13,21,300,35,15,60,045,44*7B
$GPGSV,3,2,09,18,12,090,30,20,48,270,41,24,08,180,28,30,29,330,37*7E
$GPGSV,3,3,09,02,41,150,33*43
$GPRMC,100032.00,A,3859.9643,N,10700.0568,W,6.68,235.0,080726,,,A*79
$GPGGA,100033.00,3859.9633,N,10700.0588,W,1,09,0.90,2384.7,M,-18.0,M,,*5A
$GPGSA,A,3,05,07,13,15,18,20,24,30,02,,,,1.7,0.9,1.4*30
$GPGSV,3,1,09,05,55,120,44,07,34,210,38,13,21,300,35,15,60,045,44*7B
$GPGSV,3,2,09,18,12,090,30,20,48,270,41,24,08,180,28,30,29,330,37*7E
$GPGSV,3,3,09,02,41,150,33*43
$GPRMC,100033.00,A,3859.9633,N,10700.0588,W,6.69,235.0,080726,,,A*70
$GPGGA,100034.00,3859.9622,N,10700.0608,W,1,09,0.90,2384.2,M,-18.0,M,,*53
$GPGSA,A,3,05,07,13,15,18,20,24,30,02,,,,1.7,0.9,1.4*30
$GPGSV,3,1,09,05,55,120,44,07,34,210,38,13,21,300,35,15,60,045,44*7B
$GPGSV,3,2,09,18,12,090,30,20,48,270,41,24,08,180,28,30,29,330,37*7E
$GPGSV,3,3,09,02,41,150,33*43
$GPRMC,100034.00,A,3859.9622,N,10700.0608,W,6.70,235.0,080726,,,A*74
$GPGGA,100035.00,3859.9611,N,10700.0627,W,1,09,0.90,2383.7,M,-18.0,M,,*5D
$GPGSA,A,3,05,07,13,15,18,20,24,30,02,,,,1.7,0.9,1.4*30
$GPGSV,3,1,09,05,55,120,44,07,34,210,38,13,21,300,35,15,60,045,44*7B
$GPGSV,3,2,09,18,12,090,30,20,48,270,41,24,08,180,28,30,29,330,37*7E
$GPGSV,3,3,09,02,41,150,33*43
$GPRMC,100035.00,A,3859.9611,N,10700.0627,W,6.70,235.0,080726,,,A*78
$GPGGA,100036.00,3859.9601,N,10700.0647,W,1,09,0.90,2383.2,M,-18.0,M,,*5C
$GPGSA,A,3,05,07,13,15,18,20,24,30,02,,,,1.7,0.9,1.4*30
$GPGSV,3,1,09,05,55,120,44,07,34,210,38,13,21,300,35,15,60,045,44*7B
$GPGSV,3,2,09,18,12,090,30,20,48,270,41,24,08,180,28,30,29,330,37*7E
$GPGSV,3,3,09,02,41,150,33*43
$GPRMC,100036.00,A,3859.9601,N,10700.0647,W,6.71,235.0,080726,,,A*7D
$GPGGA,100037.00,3859.9590,N,10700.0666,W,1,10,0.90,2382.7,M,-18.0,M,,*59
$GPGSA,A,3,05,07,13,15,18,20,24,30,02,12,,,1.7,0.9,1.4*33
$GPGSV,3,1,10,05,55,120,44,07,34,210,38,13,21,300,35,15,60,045,44*73
$GPGSV,3,2,10,18,12,090,30,20,48,270,41,24,08,180,28,30,29,330,37*76
$GPGSV,3,3,10,02,41,150,33,12,17,060,31*7A
$GPRMC,100037.00,A,3859.9590,N,10700.0666,W,6.72,235.0,080726,,,A*77
$GPGGA,100038.00,3859.9579,N,10700.0686,W,1,10,0.90,2382.2,M,-18.0,M,,*5A
$GPGSA,A,3,05,07,13,15,18,20,24,30,02,12,,,1.7,0.9,1.4*33
$GPGSV,3,1,10,05,55,120,44,07,34,210,38,13,21,300,35,15,60,045,44*73
$GPGSV,3,2,10,18,12,090,30,20,48,270,41,24,08,180,28,30,29,330,37*76
$GPGSV,3,3,10,02,41,150,33,12,17,060,31*7A
$GPRMC,100038.00,A,3859.9579,N,10700.0686,W,6.72,235.0,080726,,,A*71
$GPGGA,100039.00,3859.9569,N,10700.0706,W,1,10,0.90,2381.7,M,-18.0,M,,*55
$GPGSA,A,3,05,07,13,15,18,20,24,30,02,12,,,1.7,0.9,1.4*33
$GPGSV,3,1,10,05,55,120,44,07,34,210,38,13,21,300,35,15,60,045,44*73
$GPGSV,3,2,10,18,12,090,30,20,48,270,41,24,08,180,28,30,29,330,37*76
$GPGSV,3,3,10,02,41,150,33,12,17,060,31*7A
$GPRMC,100039.00,A,3859.9569,N,10700.0706,W,6.73,235.0,080726,,,A*79
$GPGGA,100040.00,3859.9558,N,10700.0725,W,1,10,0.90,2381.2,M,-18.0,M,,*5D
$GPGSA,A,3,05,07,13,15,18,20,24,30,02,12,,,1.7,0.9,1.4*33
$GPGSV,3,1,10,05,55,120,44,07,34,210,38,13,21,300,35,15,60,045,44*73
$GPGSV,3,2,10,18,12,090,30,20,48,270,41,24,08,180,28,30,29,330,37*76
$GPGSV,3,3,10,02,41,150,33,12,17,060,31*7A
$GPRMC,100040.00,A,3859.9558,N,10700.0725,W,6.74,235.0,080726,,,A*73
$GPGGA,100041.00,3859.9547,N,10700.0745,W,1,10,0.90,2380.7,M,-18.0,M,,*50
$GPGSA,A,3,05,07,13,15,18,20,24,30,02,12,,,1.7,0.9,1.4*33
$GPGSV,3,1,10,05,55,120,44,07,34,210,38,13,21,300,35,15,60,045,44*73
$GPGSV,3,2,10,18,12,090,30,20,48,270,41,24,08,180,28,30,29,330,37*76
$GPGSV,3,3,10,02,41,150,33,12,17,060,31*7A
$GPRMC,100041.00,A,3859.9547,N,10700.0745,W,6.74,235.0,080726,,,A*7A
$GPGGA,100042.00,3859.9537,N,10700.0765,W,1,10,0.90,2380.2,M,-18.0,M,,*53
$GPGSA,A,3,05,07,13,15,18,20,24,30,02,12,,,1.7,0.9,1.4*33
$GPGSV,3,1,10,05,55,120,44,07,34,210,38,13,21,300,35,15,60,045,44*73
$GPGSV,3,2,10,18,12,090,30,20,48,270,41,24,08,180,28,30,29,330,37*76
$GPGSV,3,3,10,02,41,150,33,12,17,060,31*7A
$GPRMC,100042.00,A,3859.9537,N,10700.0765,W,6.75,235.0,080726,,,A*7D
$GPGGA,100043.00,3859.9526,N,10700.0784,W,1,10,0.90,2379.7,M,-18.0,M,,*5E
$GPGSA,A,3,05,07,13,15,18,20,24,30,02,12,,,1.7,0.9,1.4*33
$GPGSV,3,1,10,05,55,120,44,07,34,210,38,13,21,300,35,15,60,045,44*73
$GPGSV,3,2,10,18,12,090,30,20,48,270,41,24,08,180,28,30,29,330,37*76
$GPGSV,3,3,10,02,41,150,33,12,17,060,31*7A
$GPRMC,100043.00,A,3859.9526,N,10700.0784,W,6.76,235.0,080726,,,A*70
$GPGGA,100044.00,3859.9515,N,10700.0804,W,1,10,0.90,2379.2,M,-18.0,M,,*5B
$GPGSA,A,3,05,07,13,15,18,20,24,30,02,12,,,1.7,0.9,1.4*33
$GPGSV,3,1,10,05,55,120,44,07,34,210,38,13,21,300,35,15,60,045,44*73
$GPGSV,3,2,10,18,12,090,30,20,48,270,41,24,08,180,28,30,29,330,37*76
$GPGSV,3,3,10,02,41,150,33,12,17,060,31*7A
$GPRMC,100044.00,A,3859.9515,N,10700.0804,W,6.76,235.0,080726,,,A*70
$GPGGA,100045.00,3859.9504,N,10700.0824,W,1,10,0.90,2378.7,M,-18.0,M,,*5C
$GPGSA,A,3,05,07,13,15,18,20,24,30,02,12,,,1.7,0.9,1.4*33
$GPGSV,3,1,10,05,55,120,44,07,34,210,38,13,21,300,35,15,60,045,44*73
$GPGSV,3,2,10,18,12,090,30,20,48,270,41,24,08,180,28,30,29,330,37*76
$GPGSV,3,3,10,02,41,150,33,12,17,060,31*7A
$GPRMC,100045.00,A,3859.9504,N,10700.0824,W,6.77,235.0,080726,,,A*72
$GPGGA,100046.00,3859.9494,N,10700.0844,W,1,10,0.90,2378.2,M,-18.0,M,,*54
$GPGSA,A,3,05,07,13,15,18,20,24,30,02,12,,,1.7,0.9,1.4*33
$GPGSV,3,1,10,05,55,120,44,07,34,210,38,13,21,300,35,15,60,045,44*73
$GPGSV,3,2,10,18,12,090,30,20,48,270,41,24,08,180,28,30,29,330,37*76
$GPGSV,3,3,10,02,41,150,33,12,17,060,31*7A
$GPRMC,100046.00,A,3859.9494,N,10700.0844,W,6.78,235.0,080726,,,A*70
$GPGGA,100047.00,3859.9483,N,10700.0863,W,1,10,0.90,2377.6,M,-18.0,M,,*5D
$GPGSA,A,3,05,07,13,15,18,20,24,30,02,12,,,1.7,0.9,1.4*33
$GPGSV,3,1,10,05,55,120,44,07,34,210,38,13,21,300,35,15,60,045,44*73
$GPGSV,3,2,10,18,12,090,30,20,48,270,41,24,08,180,28,30,29,330,37*76
$GPGSV,3,3,10,02,41,150,33,12,17,060,31*7A
$GPRMC,100047.00,A,3859.9483,N,10700.0863,W,6.78,235.0,080726,,,A*72
$GPGGA,100048.00,3859.9472,N,10700.0883,W,1,10,0.90,2377.1,M,-18.0,M,,*55
$GPGSA,A,3,05,07,13,15,18,20,24,30,02,12,,,1.7,0.9,1.4*33
$GPGSV,3,1,10,05,55,120,44,07,34,210,38,13,21,300,35,15,60,045,44*73
$GPGSV,3,2,10,18,12,090,30,20,48,270,41,24,08,180,28,30,29,330,37*76
$GPGSV,3,3,10,02,41,150,33,12,17,060,31*7A
$GPRMC,100048.00,A,3859.9472,N,10700.0883,W,6.79,235.0,080726,,,A*7C
$GPGGA,100049.00,3859.9461,N,10700.0903,W,1,10,0.90,2376.6,M,-18.0,M,,*59
$GPGSA,A,3,05,07,13,15,18,20,24,30,02,12,,,1.7,0.9,1.4*33
$GPGSV,3,1,10,05,55,120,44,07,34,210,38,13,21,300,35,15,60,045,44*73
$GPGSV,3,2,10,18,12,090,30,20,48,270,41,24,08,180,28,30,29,330,37*76
$GPGSV,3,3,10,02,41,150,33,12,17,060,31*7A
$GPRMC,100049.00,A,3859.9461,N,10700.0903,W,6.79,235.0,080726,,,A*76
$GPGGA,100050.00,3859.9450,N,10700.0923,W,1,10,0.90,2376.1,M,-18.0,M,,*56
$GPGSA,A,3,05,07,13,15,18,20,24,30,02,12,,,1.7,0.9,1.4*33
$GPGSV,3,1,10,05,55,120,44,07,34,210,38,13,21,300,35,15,60,045,44*73
$GPGSV,3,2,10,18,12,090,30,20,48,270,41,24,08,180,28,30,29,330,37*76
$GPGSV,3,3,10,02,41,150,33,12,17,060,31*7A
$GPRMC,100050.00,A,3859.9450,N,10700.0923,W,6.80,235.0,080726,,,A*78
$GPGGA,100051.00,3859.9440,N,10700.0943,W,1,10,0.90,2375.6,M,-18.0,M,,*54
$GPGSA,A,3,05,07,13,15,18,20,24,30,02,12,,,1.7,0.9,1.4*33
$GPGSV,3,1,10,05,55,120,44,07,34,210,38,13,21,300,35,15,60,045,44*73
$GPGSV,3,2,10,18,12,090,30,20,48,270,41,24,08,180,28,30,29,330,37*76
$GPGSV,3,3,10,02,41,150,33,12,17,060,31*7A
$GPRMC,100051.00,A,3859.9440,N,10700.0943,W,6.80,235.0,080726,,,A*7E
$GPGGA,100052.00,3859.9429,N,10700.0963,W,1,10,0.90,2375.0,M,-18.0,M,,*5C
$GPGSA,A,3,05,07,13,15,18,20,24,30,02,12,,,1.7,0.9,1.4*33
$GPGSV,3,1,10,05,55,120,44,07,34,210,38,13,21,300,35,15,60,045,44*73
$GPGSV,3,2,10,18,12,090,30,20,48,270,41,24,08,180,28,30,29,330,37*76
$GPGSV,3,3,10,02,41,150,33,12,17,060,31*7A
$GPRMC,100052.00,A,3859.9429,N,10700.0963,W,6.81,235.0,080726,,,A*71
$GPGGA,100053.00,3859.9418,N,10700.0983,W,1,10,0.90,2374.5,M,-18.0,M,,*55
$GPGSA,A,3,05,07,13,15,18,20,24,30,02,12,,,1.7,0.9,1.4*33
$GPGSV,3,1,10,05,55,120,44,07,34,210,38,13,21,300,35,15,60,045,44*73
$GPGSV,3,2,10,18,12,090,30,20,48,270,41,24,08,180,28,30,29,330,37*76
$GPGSV,3,3,10,02,41,150,33,12,17,060,31*7A
$GPRMC,100053.00,A,3859.9418,N,10700.0983,W,6.81,235.0,080726,,,A*7C
$GPGGA,100054.00,3859.9407,N,10700.1003,W,1,10,0.90,2374.0,M,-18.0,M,,*59
$GPGSA,A,3,05,07,13,15,18,20,24,30,02,12,,,1.7,0.9,1.4*33
$GPGSV,3,1,10,05,55,120,44,07,34,210,38,13,21,300,35,15,60,045,44*73
$GPGSV,3,2,10,18,12,090,30,20,48,270,41,24,08,180,28,30,29,330,37*76
$GPGSV,3,3,10,02,41,150,33,12,17,060,31*7A
$GPRMC,100054.00,A,3859.9407,N,10700.1003,W,6.82,235.0,080726,,,A*76
$GPGGA,100055.00,3859.9396,N,10700.1022,W,1,10,0.90,2373.5,M,-18.0,M,,*56
$GPGSA,A,3,05,07,13,15,18,20,24,30,02,12,,,1.7,0.9,1.4*33
$GPGSV,3,1,10,05,55,120,44,07,34,210,38,13,21,300,35,15,60,045,44*73
$GPGSV,3,2,10,18,12,090,30,20,48,270,41,24,08,180,28,30,29,330,37*76
$GPGSV,3,3,10,02,41,150,33,12,17,060,31*7A
$GPRMC,100055.00,A,3859.9396,N,10700.1022,W,6.82,235.0,080726,,,A*7B
$GPGGA,100056.00,3859.9385,N,10700.1042,W,1,10,0.90,2372.9,M,-18.0,M,,*5C
$GPGSA,A,3,05,07,13,15,18,20,24,30,02,12,,,1.7,0.9,1.4*33
$GPGSV,3,1,10,05,55,120,44,07,34,210,38,13,21,300,35,15,60,045,44*73
$GPGSV,3,2,10,18,12,090,30,20,48,270,41,24,08,180,28,30,29,330,37*76
$GPGSV,3,3,10,02,41,150,33,12,17,060,31*7A
$GPRMC,100056.00,A,3859.9385,N,10700.1042,W,6.83,235.0,080726,,,A*7D
$GPGGA,100057.00,3859.9375,N,10700.1062,W,1,10,0.90,2372.4,M,-18.0,M,,*5D
$GPGSA,A,3,05,07,13,15,18,20,24,30,02,12,,,1.7,0.9,1.4*33
$GPGSV,3,1,10,05,55,120,44,07,34,210,38,13,21,300,35,15,60,045,44*73
$GPGSV,3,2,10,18,12,090,30,20,48,270,41,24,08,180,28,30,29,330,37*76
$GPGSV,3,3,10,02,41,150,33,12,17,060,31*7A
$GPRMC,100057.00,A,3859.9375,N,10700.1062,W,6.83,235.0,080726,,,A*71
$GPGGA,100058.00,3859.9364,N,10700.1082,W,1,10,0.90,2371.9,M,-18.0,M,,*52
$GPGSA,A,3,05,07,13,15,18,20,24,30,02,12,,,1.7,0.9,1.4*33
$GPGSV,3,1,10,05,55,120,44,07,34,210,38,13,21,300,35,15,60,045,44*73
$GPGSV,3,2,10,18,12,090,30,20,48,270,41,24,08,180,28,30,29,330,37*76
$GPGSV,3,3,10,02,41,150,33,12,17,060,31*7A
$GPRMC,100058.00,A,3859.9364,N,10700.1082,W,6.84,235.0,080726,,,A*77
$GPGGA,100059.00,3859.9353,N,10700.1102,W,1,10,0.90,2371.3,M,-18.0,M,,*54
$GPGSA,A,3,05,07,13,15,18,20,24,30,02,12,,,1.7,0.9,1.4*33
$GPGSV,3,1,10,05,55,120,44,07,34,210,38,13,21,300,35,15,60,045,44*73
$GPGSV,3,2,10,18,12,090,30,20,48,270,41,24,08,180,28,30,29,330,37*76
$GPGSV,3,3,10,02,41,150,33,12,17,060,31*7A
$GPRMC,100059.00,A,3859.9353,N,10700.1102,W,6.84,235.0,080726,,,A*7B
$GPGGA,100100.00,3859.9342,N,10700.1122,W,1,10,0.90,2370.8,M,-18.0,M,,*51
$GPGSA,A,3,05,07,13,15,18,20,24,30,02,12,,,1.7,0.9,1.4*33
$GPGSV,3,1,10,05,55,120,44,07,34,210,38,13,21,300,35,15,60,045,44*73
$GPGSV,3,2,10,18,12,090,30,20,48,270,41,24,08,180,28,30,29,330,37*76
$GPGSV,3,3,10,02,41,150,33,12,17,060,31*7A
$GPRMC,100100.00,A,3859.9342,N,10700.1122,W,6.85,235.0,080726,,,A*75
$GPGGA,100101.00,3859.9331,N,10700.1142,W,1,10,0.90,2370.3,M,-18.0,M,,*59
$GPGSA,A,3,05,07,13,15,18,20,24,30,02,12,,,1.7,0.9,1.4*33
$GPGSV,3,1,10,05,55,120,44,07,34,210,38,13,21,300,35,15,60,045,44*73
$GPGSV,3,2,10,18,12,090,30,20,48,270,41,24,08,180,28,30,29,330,37*76
$GPGSV,3,3,10,02,41,150,33,12,17,060,31*7A
$GPRMC,100101.00,A,3859.9331,N,10700.1142,W,6.85,235.0,080726,,,A*76
$GPGGA,100102.00,3859.9320,N,10700.1162,W,1,10,0.90,2369.7,M,-18.0,M,,*54
$GPGSA,A,3,05,07,13,15,18,20,24,30,02,12,,,1.7,0.9,1.4*33
$GPGSV,3,1,10,05,55,120,44,07,34,210,38,13,21,300,35,15,60,045,44*73
$GPGSV,3,2,10,18,12,090,30,20,48,270,41,24,08,180,28,30,29,330,37*76
$GPGSV,3,3,10,02,41,150,33,12,17,060,31*7A
$GPRMC,100102.00,A,3859.9320,N,10700.1162,W,6.85,235.0,080726,,,A*77
$GPGGA,100103.00,3859.9309,N,10700.1182,W,1,10,0.90,2369.2,M,-18.0,M,,*55
$GPGSA,A,3,05,07,13,15,18,20,24,30,02,12,,,1.7,0.9,1.4*33
$GPGSV,3,1,10,05,55,120,44,07,34,210,38,13,21,300,35,15,60,045,44*73
$GPGSV,3,2,10,18,12,090,30,20,48,270,41,24,08,180,28,30,29,330,37*76
$GPGSV,3,3,10,02,41,150,33,12,17,060,31*7A
$GPRMC,100103.00,A,3859.9309,N,10700.1182,W,6.86,235.0,080726,,,A*70
$GPGGA,100104.00,3859.9298,N,10700.1202,W,1,10,0.90,2368.7,M,-18.0,M,,*54
$GPGSA,A,3,05,07,13,15,18,20,24,30,02,12,,,1.7,0.9,1.4*33
$GPGSV,3,1,10,05,55,120,44,07,34,210,38,13,21,300,35,15,60,045,44*73
$GPGSV,3,2,10,18,12,090,30,20,48,270,41,24,08,180,28,30,29,330,37*76
$GPGSV,3,3,10,02,41,150,33,12,17,060,31*7A
$GPRMC,100104.00,A,3859.9298,N,10700.1202,W,6.86,235.0,080726,,,A*75
$GPGGA,100105.00,3859.9287,N,10700.1222,W,1,10,0.90,2368.1,M,-18.0,M,,*5F
$GPGSA,A,3,05,07,13,15,18,20,24,30,02,12,,,1.7,0.9,1.4*33
$GPGSV,3,1,10,05,55,120,44,07,34,210,38,13,21,300,35,15,60,045,44*73
$GPGSV,3,2,10,18,12,090,30,20,48,270,41,24,08,180,28,30,29,330,37*76
$GPGSV,3,3,10,02,41,150,33,12,17,060,31*7A
$GPRMC,100105.00,A,3859.9287,N,10700.1222,W,6.86,235.0,080726,,,A*78
$GPGGA,100106.00,3859.9276,N,10700.1243,W,1,10,0.90,2367.6,M,-18.0,M,,*5D
$GPGSA,A,3,05,07,13,15,18,20,24,30,02,12,,,1.7,0.9,1.4*33
$GPGSV,3,1,10,05,55,120,44,07,34,210,38,13,21,300,35,15,60,045,44*73
$GPGSV,3,2,10,18,12,090,30,20,48,270,41,24,08,180,28,30,29,330,37*76
$GPGSV,3,3,10,02,41,150,33,12,17,060,31*7A
$GPRMC,100106.00,A,3859.9276,N,10700.1243,W,6.87,235.0,080726,,,A*73
$GPGGA,100107.00,3859.9266,N,10700.1263,W,1,10,0.90,2367.0,M,-18.0,M,,*59
$GPGSA,A,3,05,07,13,15,18,20,24,30,02,12,,,1.7,0.9,1.4*33
$GPGSV,3,1,10,05,55,120,44,07,34,210,38,13,21,300,35,15,60,045,44*73
$GPGSV,3,2,10,18,12,090,30,20,48,270,41,24,08,180,28,30,29,330,37*76
$GPGSV,3,3,10,02,41,150,33,12,17,060,31*7A
$GPRMC,100107.00,A,3859.9266,N,10700.1263,W,6.87,235.0,080726,,,A*71
$GPGGA,100108.00,3859.9255,N,10700.1283,W,1,10,0.90,2366.5,M,-18.0,M,,*5C
$GPGSA,A,3,05,07,13,15,18,20,24,30,02,12,,,1.7,0.9,1.4*33
$GPGSV,3,1,10,05,55,120,44,07,34,210,38,13,21,300,35,15,60,045,44*73
$GPGSV,3,2,10,18,12,090,30,20,48,270,41,24,08,180,28,30,29,330,37*76
$GPGSV,3,3,10,02,41,150,33,12,17,060,31*7A
$GPRMC,100108.00,A,3859.9255,N,10700.1283,W,6.87,235.0,080726,,,A*70
$GPGGA,100109.00,3859.9244,N,10700.1303,W,1,10,0.90,2365.9,M,-18.0,M,,*5B
$GPGSA,A,3,05,07,13,15,18,20,24,30,02,12,,,1.7,0.9,1.4*33
$GPGSV,3,1,10,05,55,120,44,07,34,210,38,13,21,300,35,15,60,045,44*73
$GPGSV,3,2,10,18,12,090,30,20,48,270,41,24,08,180,28,30,29,330,37*76
$GPGSV,3,3,10,02,41,150,33,12,17,060,31*7A
$GPRMC,100109.00,A,3859.9244,N,10700.1303,W,6.88,235.0,080726,,,A*77
$GPGGA,100110.00,3859.9233,N,10700.1323,W,1,10,0.90,2365.4,M,-18.0,M,,*5C
$GPGSA,A,3,05,07,13,15,18,20,24,30,02,12,,,1.7,0.9,1.4*33
$GPGSV,3,1,10,05,55,120,44,07,34,210,38,13,21,300,35,15,60,045,44*73
$GPGSV,3,2,10,18,12,090,30,20,48,270,41,24,08,180,28,30,29,330,37*76
$GPGSV,3,3,10,02,41,150,33,12,17,060,31*7A
$GPRMC,100110.00,A,3859.9233,N,10700.1323,W,6.88,235.0,080726,,,A*7D
$GPGGA,100111.00,3859.9222,N,10700.1343,W,1,10,0.90,2364.9,M,-18.0,M,,*57
$GPGSA,A,3,05,07,13,15,18,20,24,30,02,12,,,1.7,0.9,1.4*33
$GPGSV,3,1,10,05,55,120,44,07,34,210,38,13,21,300,35,15,60,045,44*73
$GPGSV,3,2,10,18,12,090,30,20,48,270,41,24,08,180,28,30,29,330,37*76
$GPGSV,3,3,10,02,41,150,33,12,17,060,31*7A
$GPRMC,100111.00,A,3859.9222,N,10700.1343,W,6.88,235.0,080726,,,A*7A
$GPGGA,100112.00,3859.9211,N,10700.1363,W,1,10,0.90,2364.3,M,-18.0,M,,*5C
$GPGSA,A,3,05,07,13,15,18,20,24,30,02,12,,,1.7,0.9,1.4*33
$GPGSV,3,1,10,05,55,120,44,07,34,210,38,13,21,300,35,15,60,045,44*73
$GPGSV,3,2,10,18,12,090,30,20,48,270,41,24,08,180,28,30,29,330,37*76
$GPGSV,3,3,10,02,41,150,33,12,17,060,31*7A
$GPRMC,100112.00,A,3859.9211,N,10700.1363,W,6.88,235.0,080726,,,A*7B
$GPGGA,100113.00,3859.9200,N,10700.1383,W,1,10,0.90,2363.8,M,-18.0,M,,*5F
$GPGSA,A,3,05,07,13,15,18,20,24,30,02,12,,,1.7,0.9,1.4*33
$GPGSV,3,1,10,05,55,120,44,07,34,210,38,13,21,300,35,15,60,045,44*73
$GPGSV,3,2,10,18,12,090,30,20,48,270,41,24,08,180,28,30,29,330,37*76
$GPGSV,3,3,10,02,41,150,33,12,17,060,31*7A
$GPRMC,100113.00,A,3859.9200,N,10700.1383,W,6.89,235.0,080726,,,A*75
$GPGGA,100114.00,3859.9189,N,10700.1403,W,1,11,0.90,2363.2,M,-18.0,M,,*5E
$GPGSA,A,3,05,07,13,15,18,20,24,30,02,12,25,,1.7,0.9,1.4*34
$GPGSV,3,1,11,05,55,120,44,07,34,210,38,13,21,300,35,15,60,045,44*72
$GPGSV,3,2,11,18,12,090,30,20,48,270,41,24,08,180,28,30,29,330,37*77
$GPGSV,3,3,11,02,41,150,33,12,17,060,31,25,72,015,45*4C
$GPRMC,100114.00,A,3859.9189,N,10700.1403,W,6.89,235.0,080726,,,A*7F
$GPGGA,100115.00,3859.9178,N,10700.1423,W,1,11,0.90,2362.7,M,-18.0,M,,*57
$GPGSA,A,3,05,07,13,15,18,20,24,30,02,12,25,,1.7,0.9,1.4*34
$GPGSV,3,1,11,05,55,120,44,07,34,210,38,13,21,300,35,15,60,045,44*72
$GPGSV,3,2,11,18,12,090,30,20,48,270,41,24,08,180,28,30,29,330,37*77
$GPGSV,3,3,11,02,41,150,33,12,17,060,31,25,72,015,45*4C
$GPRMC,100115.00,A,3859.9178,N,10700.1423,W,6.89,180.0,080726,,,A*7F
$GPGGA,100116.00,3859.9159,N,10700.1423,W,1,11,0.90,2362.1,M,-18.0,M,,*51
$GPGSA,A,3,05,07,13,15,18,20,24,30,02,12,25,,1.7,0.9,1.4*34
$GPGSV,3,1,11,05,55,120,44,07,34,210,38,13,21,300,35,15,60,045,44*72
$GPGSV,3,2,11,18,12,090,30,20,48,270,41,24,08,180,28,30,29,330,37*77
$GPGSV,3,3,11,02,41,150,33,12,17,060,31,25,72,015,45*4C
$GPRMC,100116.00,A,3859.9159,N,10700.1423,W,6.89,166.2,080726,,,A*75
$GPGGA,100117.00,3859.9140,N,10700.1418,W,1,11,0.90,2361.6,M,-18.0,M,,*54
$GPGSA,A,3,05,07,13,15,18,20,24,30,02,12,25,,1.7,0.9,1.4*34
$GPGSV,3,1,11,05,55,120,44,07,34,210,38,13,21,300,35,15,60,045,44*72
$GPGSV,3,2,11,18,12,090,30,20,48,270,41,24,08,180,28,30,29,330,37*77
$GPGSV,3,3,11,02,41,150,33,12,17,060,31,25,72,015,45*4C
$GPRMC,100117.00,A,3859.9140,N,10700.1418,W,6.89,152.5,080726,,,A*74
$GPGGA,100118.00,3859.9123,N,10700.1406,W,1,11,0.90,2361.0,M,-18.0,M,,*57
$GPGSA,A,3,05,07,13,15,18,20,24,30,02,12,25,,1.7,0.9,1.4*34
$GPGSV,3,1,11,05,55,120,44,07,34,210,38,13,21,300,35,15,60,045,44*72
$GPGSV,3,2,11,18,12,090,30,20,48,270,41,24,08,180,28,30,29,330,37*77
$GPGSV,3,3,11,02,41,150,33,12,17,060,31,25,72,015,45*4C
$GPRMC,100118.00,A,3859.9123,N,10700.1406,W,6.90,138.8,080726,,,A*78
$GPGGA,100119.00,3859.9109,N,10700.1390,W,1,11,0.90,2360.5,M,-18.0,M,,*52
$GPGSA,A,3,05,07,13,15,18,20,24,30,02,12,25,,1.7,0.9,1.4*34
$GPGSV,3,1,11,05,55,120,44,07,34,210,38,13,21,300,35,15,60,045,44*72
$GPGSV,3,2,11,18,12,090,30,20,48,270,41,24,08,180,28,30,29,330,37*77
$GPGSV,3,3,11,02,41,150,33,12,17,060,31,25,72,015,45*4C
$GPRMC,100119.00,A,3859.9109,N,10700.1390,W,6.90,125.0,080726,,,A*7D
$GPGGA,100120.00,3859.9098,N,10700.1370,W,1,11,0.90,2359.9,M,-18.0,M,,*59
$GPGSA,A,3,05,07,13,15,18,20,24,30,02,12,25,,1.7,0.9,1.4*34
$GPGSV,3,1,11,05,55,120,44,07,34,210,38,13,21,300,35,15,60,045,44*72
$GPGSV,3,2,11,18,12,090,30,20,48,270,41,24,08,180,28,30,29,330,37*77
$GPGSV,3,3,11,02,41,150,33,12,17,060,31,25,72,015,45*4C
$GPRMC,100120.00,A,3859.9098,N,10700.1370,W,6.90,125.0,080726,,,A*70
$GPGGA,100121.00,3859.9087,N,10700.1350,W,1,11,0.90,2359.4,M,-18.0,M,,*59
$GPGSA,A,3,05,07,13,15,18,20,24,30,02,12,25,,1.7,0.9,1.4*34
$GPGSV,3,1,11,05,55,120,44,07,34,210,38,13,21,300,35,15,60,045,44*72
$GPGSV,3,2,11,18,12,090,30,20,48,270,41,24,08,180,28,30,29,330,37*77
$GPGSV,3,3,11,02,41,150,33,12,17,060,31,25,72,015,45*4C
$GPRMC,100121.00,A,3859.9087,N,10700.1350,W,6.90,125.0,080726,,,A*7D
$GPGGA,100122.00,3859.9076,N,10700.1330,W,1,11,0.90,2358.8,M,-18.0,M,,*5F
$GPGSA,A,3,05,07,13,15,18,20,24,30,02,12,25,,1.7,0.9,1.4*34
$GPGSV,3,1,11,05,55,120,44,07,34,210,38,13,21,300,35,15,60,045,44*72
$GPGSV,3,2,11,18,12,090,30,20,48,270,41,24,08,180,28,30,29,330,37*77
$GPGSV,3,3,11,02,41,150,33,12,17,060,31,25,72,015,45*4C
$GPRMC,100122.00,A,3859.9076,N,10700.1330,W,6.90,125.0,080726,,,A*76
$GPGGA,100123.00,3859.9065,N,10700.1309,W,1,11,0.90,2358.3,M,-18.0,M,,*5D
$GPGSA,A,3,05,07,13,15,18,20,24,30,02,12,25,,1.7,0.9,1.4*34
$GPGSV,3,1,11,05,55,120,44,07,34,210,38,13,21,300,35,15,60,045,44*72
$GPGSV,3,2,11,18,12,090,30,20,48,270,41,24,08,180,28,30,29,330,37*77
$GPGSV,3,3,11,02,41,150,33,12,17,060,31,25,72,015,45*4C
$GPRMC,100123.00,A,3859.9065,N,10700.1309,W,6.90,125.0,080726,,,A*7F
$GPGGA,100124.00,3859.9054,N,10700.1289,W,1,11,0.90,2357.7,M,-18.0,M,,*5A
$GPGSA,A,3,05,07,13,15,18,20,24,30,02,12,25,,1.7,0.9,1.4*34
$GPGSV,3,1,11,05,55,120,44,07,34,210,38,13,21,300,35,15,60,045,44*72
$GPGSV,3,2,11,18,12,090,30,20,48,270,41,24,08,180,28,30,29,330,37*77
$GPGSV,3,3,11,02,41,150,33,12,17,060,31,25,72,015,45*4C
$GPRMC,100124.00,A,3859.9054,N,10700.1289,W,6.90,125.0,080726,,,A*73
$GPGGA,100125.00,3859.9043,N,10700.1269,W,1,11,0.90,2357.2,M,-18.0,M,,*56
$GPGSA,A,3,05,07,13,15,18,20,24,30,02,12,25,,1.7,0.9,1.4*34
$GPGSV,3,1,11,05,55,120,44,07,34,210,38,13,21,300,35,15,60,045,44*72
$GPGSV,3,2,11,18,12,090,30,20,48,270,41,24,08,180,28,30,29,330,37*77
$GPGSV,3,3,11,02,41,150,33,12,17,060,31,25,72,015,45*4C
$GPRMC,100125.00,A,3859.9043,N,10700.1269,W,6.90,125.0,080726,,,A*7A
$GPGGA,100126.00,3859.9032,N,10700.1249,W,1,11,0.90,2356.6,M,-18.0,M,,*54
$GPGSA,A,3,05,07,13,15,18,20,24,30,02,12,25,,1.7,0.9,1.4*34
$GPGSV,3,1,11,05,55,120,44,07,34,210,38,13,21,300,35,15,60,045,44*72
$GPGSV,3,2,11,18,12,090,30,20,48,270,41,24,08,180,28,30,29,330,37*77
$GPGSV,3,3,11,02,41,150,33,12,17,060,31,25,72,015,45*4C
$GPRMC,100126.00,A,3859.9032,N,10700.1249,W,6.90,125.0,080726,,,A*7D
$GPGGA,100127.00,3859.9021,N,10700.1229,W,1,11,0.90,2356.1,M,-18.0,M,,*56
$GPGSA,A,3,05,07,13,15,18,20,24,30,02,12,25,,1.7,0.9,1.4*34
$GPGSV,3,1,11,05,55,120,44,07,34,210,38,13,21,300,35,15,60,045,44*72
$GPGSV,3,2,11,18,12,090,30,20,48,270,41,24,08,180,28,30,29,330,37*77
$GPGSV,3,3,11,02,41,150,33,12,17,060,31,25,72,015,45*4C
$GPRMC,100127.00,A,3859.9021,N,10700.1229,W,6.90,125.0,080726,,,A*78
$GPGGA,100128.00,3859.9010,N,10700.1209,W,1,11,0.90,2355.6,M,-18.0,M,,*5D
$GPGSA,A,3,05,07,13,15,18,20,24,30,02,12,25,,1.7,0.9,1.4*34
$GPGSV,3,1,11,05,55,120,44,07,34,210,38,13,21,300,35,15,60,045,44*72
$GPGSV,3,2,11,18,12,090,30,20,48,270,41,24,08,180,28,30,29,330,37*77
$GPGSV,3,3,11,02,41,150,33,12,17,060,31,25,72,015,45*4C
$GPRMC,100128.00,A,3859.9010,N,10700.1209,W,6.90,125.0,080726,,,A*77
$GPGGA,100129.00,3859.8999,N,10700.1188,W,1,11,0.90,2355.0,M,-18.0,M,,*59
$GPGSA,A,3,05,07,13,15,18,20,24,30,02,12,25,,1.7,0.9,1.4*34
$GPGSV,3,1,11,05,55,120,44,07,34,210,38,13,21,300,35,15,60,045,44*72
$GPGSV,3,2,11,18,12,090,30,20,48,270,41,24,08,180,28,30,29,330,37*77
$GPGSV,3,3,11,02,41,150,33,12,17,060,31,25,72,015,45*4C
$GPRMC,100129.00,A,3859.8999,N,10700.1188,W,6.90,125.0,080726,,,A*75
$GPGGA,100130.00,3859.8988,N,10700.1168,W,1,11,0.90,2354.5,M,-18.0,M,,*5B
$GPGSA,A,3,05,07,13,15,18,20,24,30,02,12,25,,1.7,0.9,1.4*34
$GPGSV,3,1,11,05,55,120,44,07,34,210,38,13,21,300,35,15,60,045,44*72
$GPGSV,3,2,11,18,12,090,30,20,48,270,41,24,08,180,28,30,29,330,37*77
$GPGSV,3,3,11,02,41,150,33,12,17,060,31,25,72,015,45*4C
$GPRMC,100130.00,A,3859.8988,N,10700.1168,W,6.90,125.0,080726,,,A*73
$GPGGA,100131.00,3859.8977,N,10700.1148,W,1,11,0.90,2353.9,M,-18.0,M,,*53
$GPGSA,A,3,05,07,13,15,18,20,24,30,02,12,25,,1.7,0.9,1.4*34
$GPGSV,3,1,11,05,55,120,44,07,34,210,38,13,21,300,35,15,60,045,44*72
$GPGSV,3,2,11,18,12,090,30,20,48,270,41,24,08,180,28,30,29,330,37*77
$GPGSV,3,3,11,02,41,150,33,12,17,060,31,25,72,015,45*4C
$GPRMC,100131.00,A,3859.8977,N,10700.1148,W,6.90,125.0,080726,,,A*70
$GPGGA,100132.00,3859.8966,N,10700.1128,W,1,11,0.90,2353.4,M,-18.0,M,,*5B
$GPGSA,A,3,05,07,13,15,18,20,24,30,02,12,25,,1.7,0.9,1.4*34
$GPGSV,3,1,11,05,55,120,44,07,34,210,38,13,21,300,35,15,60,045,44*72
$GPGSV,3,2,11,18,12,090,30,20,48,270,41,24,08,180,28,30,29,330,37*77
$GPGSV,3,3,11,02,41,150,33,12,17,060,31,25,72,015,45*4C
$GPRMC,100132.00,A,3859.8966,N,10700.1128,W,6.90,125.0,080726,,,A*75
$GPGGA,100133.00,3859.8955,N,10700.1108,W,1,11,0.90,2352.8,M,-18.0,M,,*55
$GPGSA,A,3,05,07,13,15,18,20,24,30,02,12,25,,1.7,0.9,1.4*34
$GPGSV,3,1,11,05,55,120,44,07,34,210,38,13,21,300,35,15,60,045,44*72
$GPGSV,3,2,11,18,12,090,30,20,48,270,41,24,08,180,28,30,29,330,37*77
$GPGSV,3,3,11,02,41,150,33,12,17,060,31,25,72,015,45*4C
$GPRMC,100133.00,A,3859.8955,N,10700.1108,W,6.90,125.0,080726,,,A*76
$GPGGA,100134.00,3859.8944,N,10700.1088,W,1,11,0.90,2352.3,M,-18.0,M,,*50
$GPGSA,A,3,05,07,13,15,18,20,24,30,02,12,25,,1.7,0.9,1.4*34
$GPGSV,3,1,11,05,55,120,44,07,34,210,38,13,21,300,35,15,60,045,44*72
$GPGSV,3,2,11,18,12,090,30,20,48,270,41,24,08,180,28,30,29,330,37*77
$GPGSV,3,3,11,02,41,150,33,12,17,060,31,25,72,015,45*4C
$GPRMC,100134.00,A,3859.8944,N,10700.1088,W,6.90,125.0,080726,,,A*78
$GPGGA,100135.00,3859.8933,N,10700.1067,W,1,11,0.90,2351.8,M,-18.0,M,,*58
$GPGSA,A,3,05,07,13,15,18,20,24,30,02,12,25,,1.7,0.9,1.4*34
$GPGSV,3,1,11,05,55,120,44,07,34,210,38,13,21,300,35,15,60,045,44*72
$GPGSV,3,2,11,18,12,090,30,20,48,270,41,24,08,180,28,30,29,330,37*77
$GPGSV,3,3,11,02,41,150,33,12,17,060,31,25,72,015,45*4C
$GPRMC,100135.00,A,3859.8933,N,10700.1067,W,6.89,125.0,080726,,,A*70
$GPGGA,100136.00,3859.8923,N,10700.1047,W,1,11,0.90,2351.2,M,-18.0,M,,*52
$GPGSA,A,3,05,07,13,15,18,20,24,30,02,12,25,,1.7,0.9,1.4*34
$GPGSV,3,1,11,05,55,120,44,07,34,210,38,13,21,300,35,15,60,045,44*72
$GPGSV,3,2,11,18,12,090,30,20,48,270,41,24,08,180,28,30,29,330,37*77
$GPGSV,3,3,11,02,41,150,33,12,17,060,31,25,72,015,45*4C
$GPRMC,100136.00,A,3859.8923,N,10700.1047,W,6.89,125.0,080726,,,A*70
$GPGGA,100137.00,3859.8912,N,10700.1027,W,1,11,0.90,2350.7,M,-18.0,M,,*53
$GPGSA,A,3,05,07,13,15,18,20,24,30,02,12,25,,1.7,0.9,1.4*34
$GPGSV,3,1,11,05,55,120,44,07,34,210,38,13,21,300,35,15,60,045,44*72
$GPGSV,3,2,11,18,12,090,30,20,48,270,41,24,08,180,28,30,29,330,37*77
$GPGSV,3,3,11,02,41,150,33,12,17,060,31,25,72,015,45*4C
$GPRMC,100137.00,A,3859.8912,N,10700.1027,W,6.89,125.0,080726,,,A*75
$GPGGA,100138.00,3859.8901,N,10700.1007,W,1,11,0.90,2350.2,M,-18.0,M,,*59
$GPGSA,A,3,05,07,13,15,18,20,24,30,02,12,25,,1.7,0.9,1.4*34
$GPGSV,3,1,11,05,55,120,44,07,34,210,38,13,21,300,35,15,60,045,44*72
$GPGSV,3,2,11,18,12,090,30,20,48,270,41,24,08,180,28,30,29,330,37*77
$GPGSV,3,3,11,02,41,150,33,12,17,060,31,25,72,015,45*4C
$GPRMC,100138.00,A,3859.8901,N,10700.1007,W,6.89,125.0,080726,,,A*7A
$GPGGA,100139.00,3859.8890,N,10700.0987,W,1,11,0.90,2349.6,M,-18.0,M,,*5D
$GPGSA,A,3,05,07,13,15,18,20,24,30,02,12,25,,1.7,0.9,1.4*34
$GPGSV,3,1,11,05,55,120,44,07,34,210,38,13,21,300,35,15,60,045,44*72
$GPGSV,3,2,11,18,12,090,30,20,48,270,41,24,08,180,28,30,29,330,37*77
$GPGSV,3,3,11,02,41,150,33,12,17,060,31,25,72,015,45*4C
$GPRMC,100139.00,A,3859.8890,N,10700.0987,W,6.89,125.0,080726,,,A*72
$GPGGA,100140.00,3859.8879,N,10700.0967,W,1,11,0.90,2349.1,M,-18.0,M,,*5D
$GPGSA,A,3,05,07,13,15,18,20,24,30,02,12,25,,1.7,0.9,1.4*34
$GPGSV,3,1,11,05,55,120,44,07,34,210,38,13,21,300,35,15,60,045,44*72
$GPGSV,3,2,11,18,12,090,30,20,48,270,41,24,08,180,28,30,29,330,37*77
$GPGSV,3,3,11,02,41,150,33,12,17,060,31,25,72,015,45*4C
$GPRMC,100140.00,A,3859.8879,N,10700.0967,W,6.89,125.0,080726,,,A*75
$GPGGA,100141.00,3859.8868,N,10700.0947,W,1,11,0.90,2348.6,M,-18.0,M,,*58
$GPGSA,A,3,05,07,13,15,18,20,24,30,02,12,25,,1.7,0.9,1.4*34
$GPGSV,3,1,11,05,55,120,44,07,34,210,38,13,21,300,35,15,60,045,44*72
$GPGSV,3,2,11,18,12,090,30,20,48,270,41,24,08,180,28,30,29,330,37*77
$GPGSV,3,3,11,02,41,150,33,12,17,060,31,25,72,015,45*4C
$GPRMC,100141.00,A,3859.8868,N,10700.0947,W,6.88,125.0,080726,,,A*77
$GPGGA,100142.00,3859.8857,N,10700.0927,W,1,11,0.90,2348.0,M,-18.0,M,,*57
$GPGSA,A,3,05,07,13,15,18,20,24,30,02,12,25,,1.7,0.9,1.4*34
$GPGSV,3,1,11,05,55,120,44,07,34,210,38,13,21,300,35,15,60,045,44*72
$GPGSV,3,2,11,18,12,090,30,20,48,270,41,24,08,180,28,30,29,330,37*77
$GPGSV,3,3,11,02,41,150,33,12,17,060,31,25,72,015,45*4C
$GPRMC,100142.00,A,3859.8857,N,10700.0927,W,6.88,125.0,080726,,,A*7E
$GPGGA,100143.00,3859.8846,N,10700.0906,W,1,11,0.90,2347.5,M,-18.0,M,,*5F
$GPGSA,A,3,05,07,13,15,18,20,24,30,02,12,25,,1.7,0.9,1.4*34
$GPGSV,3,1,11,05,55,120,44,07,34,210,38,13,21,300,35,15,60,045,44*72
$GPGSV,3,2,11,18,12,090,30,20,48,270,41,24,08,180,28,30,29,330,37*77
$GPGSV,3,3,11,02,41,150,33,12,17,060,31,25,72,015,45*4C
$GPRMC,100143.00,A,3859.8846,N,10700.0906,W,6.88,125.0,080726,,,A*7C
$GPGGA,100144.00,3859.8835,N,10700.0886,W,1,11,0.90,2347.0,M,-18.0,M,,*50
$GPGSA,A,3,05,07,13,15,18,20,24,30,02,12,25,,1.7,0.9,1.4*34
$GPGSV,3,1,11,05,55,120,44,07,34,210,38,13,21,300,35,15,60,045,44*72
$GPGSV,3,2,11,18,12,090,30,20,48,270,41,24,08,180,28,30,29,330,37*77
$GPGSV,3,3,11,02,41,150,33,12,17,060,31,25,72,015,45*4C
$GPRMC,100144.00,A,3859.8835,N,10700.0886,W,6.88,125.0,080726,,,A*76
$GPGGA,100145.00,3859.8824,N,10700.0866,W,1,11,0.90,2346.5,M,-18.0,M,,*5B
$GPGSA,A,3,05,07,13,15,18,20,24,30,02,12,25,,1.7,0.9,1.4*34
$GPGSV,3,1,11,05,55,120,44,07,34,210,38,13,21,300,35,15,60,045,44*72
$GPGSV,3,2,11,18,12,090,30,20,48,270,41,24,08,180,28,30,29,330,37*77
$GPGSV,3,3,11,02,41,150,33,12,17,060,31,25,72,015,45*4C
$GPRMC,100145.00,A,3859.8824,N,10700.0866,W,6.87,125.0,080726,,,A*76
$GPGGA,100146.00,3859.8813,N,10700.0846,W,1,11,0.90,2345.9,M,-18.0,M,,*51
$GPGSA,A,3,05,07,13,15,18,20,24,30,02,12,25,,1.7,0.9,1.4*34
$GPGSV,3,1,11,05,55,120,44,07,34,210,38,13,21,300,35,15,60,045,44*72
$GPGSV,3,2,11,18,12,090,30,20,48,270,41,24,08,180,28,30,29,330,37*77
$GPGSV,3,3,11,02,41,150,33,12,17,060,31,25,72,015,45*4C
$GPRMC,100146.00,A,3859.8813,N,10700.0846,W,6.87,125.0,080726,,,A*73
$GPGGA,100147.00,3859.8802,N,10700.0826,W,1,11,0.90,2345.4,M,-18.0,M,,*5B
$GPGSA,A,3,05,07,13,15,18,20,24,30,02,12,25,,1.7,0.9,1.4*34
$GPGSV,3,1,11,05,55,120,44,07,34,210,38,13,21,300,35,15,60,045,44*72
$GPGSV,3,2,11,18,12,090,30,20,48,270,41,24,08,180,28,30,29,330,37*77
$GPGSV,3,3,11,02,41,150,33,12,17,060,31,25,72,015,45*4C
$GPRMC,100147.00,A,3859.8802,N,10700.0826,W,6.87,125.0,080726,,,A*74
$GPGGA,100148.00,3859.8791,N,10700.0806,W,1,11,0.90,2344.9,M,-18.0,M,,*5F
$GPGSA,A,3,05,07,13,15,18,20,24,30,02,12,25,,1.7,0.9,1.4*34
$GPGSV,3,1,11,05,55,120,44,07,34,210,38,13,21,300,35,15,60,045,44*72
$GPGSV,3,2,11,18,12,090,30,20,48,270,41,24,08,180,28,30,29,330,37*77
$GPGSV,3,3,11,02,41,150,33,12,17,060,31,25,72,015,45*4C
$GPRMC,100148.00,A,3859.8791,N,10700.0806,W,6.86,125.0,080726,,,A*7D
$GPGGA,100149.00,3859.8780,N,10700.0786,W,1,11,0.90,2344.4,M,-18.0,M,,*54
$GPGSA,A,3,05,07,13,15,18,20,24,30,02,12,25,,1.7,0.9,1.4*34
$GPGSV,3,1,11,05,55,120,44,07,34,210,38,13,21,300,35,15,60,045,44*72
$GPGSV,3,2,11,18,12,090,30,20,48,270,41,24,08,180,28,30,29,330,37*77
$GPGSV,3,3,11,02,41,150,33,12,17,060,31,25,72,015,45*4C
$GPRMC,100149.00,A,3859.8780,N,10700.0786,W,6.86,125.0,080726,,,A*7B
$GPGGA,100150.00,3859.8769,N,10700.0766,W,1,11,0.90,2343.9,M,-18.0,M,,*5F
$GPGSA,A,3,05,07,13,15,18,20,24,30,02,12,25,,1.7,0.9,1.4*34
$GPGSV,3,1,11,05,55,120,44,07,34,210,38,13,21,300,35,15,60,045,44*72
$GPGSV,3,2,11,18,12,090,30,20,48,270,41,24,08,180,28,30,29,330,37*77
$GPGSV,3,3,11,02,41,150,33,12,17,060,31,25,72,015,45*4C
$GPRMC,100150.00,A,3859.8769,N,10700.0766,W,6.86,125.0,080726,,,A*7A
$GPGGA,100151.00,3859.8758,N,10700.0746,W,1,09,0.90,2343.3,M,-18.0,M,,*5D
$GPGSA,A,3,05,07,13,15,18,20,24,30,02,,,,1.7,0.9,1.4*30
$GPGSV,3,1,09,05,55,120,44,07,34,210,38,13,21,300,35,15,60,045,44*7B
$GPGSV,3,2,09,18,12,090,30,20,48,270,41,24,08,180,28,30,29,330,37*7E
$GPGSV,3,3,09,02,41,150,33*43
$GPRMC,100151.00,A,3859.8758,N,10700.0746,W,6.85,125.0,080726,,,A*78
$GPGGA,100152.00,3859.8748,N,10700.0726,W,1,09,0.90,2342.8,M,-18.0,M,,*53
$GPGSA,A,3,05,07,13,15,18,20,24,30,02,,,,1.7,0.9,1.4*30
$GPGSV,3,1,09,05,55,120,44,07,34,210,38,13,21,300,35,15,60,045,44*7B
$GPGSV,3,2,09,18,12,090,30,20,48,270,41,24,08,180,28,30,29,330,37*7E
$GPGSV,3,3,09,02,41,150,33*43
$GPRMC,100152.00,A,3859.8748,N,10700.0726,W,6.85,125.0,080726,,,A*7C
$GPGGA,100153.00,3859.8737,N,10700.0706,W,1,09,0.90,2342.3,M,-18.0,M,,*53
$GPGSA,A,3,05,07,13,15,18,20,24,30,02,,,,1.7,0.9,1.4*30
$GPGSV,3,1,09,05,55,120,44,07,34,210,38,13,21,300,35,15,60,045,44*7B
$GPGSV,3,2,09,18,12,090,30,20,48,270,41,24,08,180,28,30,29,330,37*7E
$GPGSV,3,3,09,02,41,150,33*43
$GPRMC,100153.00,A,3859.8737,N,10700.0706,W,6.84,125.0,080726,,,A*76
$GPGGA,100154.00,3859.8726,N,10700.0686,W,1,09,0.90,2341.8,M,-18.0,M,,*55
$GPGSA,A,3,05,07,13,15,18,20,24,30,02,,,,1.7,0.9,1.4*30
$GPGSV,3,1,09,05,55,120,44,07,34,210,38,13,21,300,35,15,60,045,44*7B
$GPGSV,3,2,09,18,12,090,30,20,48,270,41,24,08,180,28,30,29,330,37*7E
$GPGSV,3,3,09,02,41,150,33*43
$GPRMC,100154.00,A,3859.8726,N,10700.0686,W,6.84,125.0,080726,,,A*78
$GPGGA,100155.00,3859.8715,N,10700.0666,W,1,09,0.90,2341.3,M,-18.0,M,,*51
$GPGSA,A,3,05,07,13,15,18,20,24,30,02,,,,1.7,0.9,1.4*30
$GPGSV,3,1,09,05,55,120,44,07,34,210,38,13,21,300,35,15,60,045,44*7B
$GPGSV,3,2,09,18,12,090,30,20,48,270,41,24,08,180,28,30,29,330,37*7E
$GPGSV,3,3,09,02,41,150,33*43
$GPRMC,100155.00,A,3859.8715,N,10700.0666,W,6.84,125.0,080726,,,A*77
$GPGGA,100156.00,3859.8704,N,10700.0646,W,1,09,0.90,2340.8,M,-18.0,M,,*5A
$GPGSA,A,3,05,07,13,15,18,20,24,30,02,,,,1.7,0.9,1.4*30
$GPGSV,3,1,09,05,55,120,44,07,34,210,38,13,21,300,35,15,60,045,44*7B
$GPGSV,3,2,09,18,12,090,30,20,48,270,41,24,08,180,28,30,29,330,37*7E
$GPGSV,3,3,09,02,41,150,33*43
$GPRMC,100156.00,A,3859.8704,N,10700.0646,W,6.83,125.0,080726,,,A*71
$GPGGA,100157.00,3859.8693,N,10700.0626,W,1,09,0.90,2340.3,M,-18.0,M,,*59
$GPGSA,A,3,05,07,13,15,18,20,24,30,02,,,,1.7,0.9,1.4*30
$GPGSV,3,1,09,05,55,120,44,07,34,210,38,13,21,300,35,15,60,045,44*7B
$GPGSV,3,2,09,18,12,090,30,20,48,270,41,24,08,180,28,30,29,330,37*7E
$GPGSV,3,3,09,02,41,150,33*43
$GPRMC,100157.00,A,3859.8693,N,10700.0626,W,6.83,125.0,080726,,,A*79
$GPGGA,100158.00,3859.8682,N,10700.0606,W,1,09,0.90,2339.8,M,-18.0,M,,*51
$GPGSA,A,3,05,07,13,15,18,20,24,30,02,,,,1.7,0.9,1.4*30
$GPGSV,3,1,09,05,55,120,44,07,34,210,38,13,21,300,35,15,60,045,44*7B
$GPGSV,3,2,09,18,12,090,30,20,48,270,41,24,08,180,28,30,29,330,37*7E
$GPGSV,3,3,09,02,41,150,33*43
$GPRMC,100158.00,A,3859.8682,N,10700.0606,W,6.82,125.0,080726,,,A*75
$GPGGA,100159.00,3859.8671,N,10700.0586,W,1,09,0.90,2339.3,M,-18.0,M,,*5C
$GPGSA,A,3,05,07,13,15,18,20,24,30,02,,,,1.7,0.9,1.4*30
$GPGSV,3,1,09,05,55,120,44,07,34,210,38,13,21,300,35,15,60,045,44*7B
$GPGSV,3,2,09,18,12,090,30,20,48,270,41,24,08,180,28,30,29,330,37*7E
$GPGSV,3,3,09,02,41,150,33*43
$GPRMC,100159.00,A,3859.8671,N,10700.0586,W,6.82,125.0,080726,,,A*73
$GPGGA,100200.00,3859.8661,N,10700.0566,W,1,04,3.10,2338.8,M,-18.0,M,,*50
$GPGSA,A,2,05,07,13,15,,,,,,,,,4.6,3.1,2.6*33
$GPGSV,1,1,04,05,55,120,44,07,34,210,38,13,21,300,35,15,60,045,44*74
$GPRMC,100200.00,A,3859.8661,N,10700.0566,W,6.81,125.0,080726,,,A*70
$GPGGA,100201.00,3859.8650,N,10700.0546,W,1,04,3.10,2338.3,M,-18.0,M,,*5A
$GPGSA,A,2,05,07,13,15,,,,,,,,,4.6,3.1,2.6*33
$GPGSV,1,1,04,05,55,120,44,07,34,210,38,13,21,300,35,15,60,045,44*74
$GPRMC,100201.00,A,3859.8650,N,10700.0546,W,6.81,125.0,080726,,,A*71
$GPGGA,100202.00,3859.8639,N,10700.0526,W,1,04,3.10,2337.8,M,-18.0,M,,*54
$GPGSA,A,2,05,07,13,15,,,,,,,,,4.6,3.1,2.6*33
$GPGSV,1,1,04,05,55,120,44,07,34,210,38,13,21,300,35,15,60,045,44*74
$GPRMC,100202.00,A,3859.8639,N,10700.0526,W,6.80,125.0,080726,,,A*7A
$GPGGA,100203.00,3859.8628,N,10700.0506,W,1,03,4.20,2337.3,M,-18.0,M,,*5F
$GPGSA,A,2,05,07,13,,,,,,,,,,5.7,4.2,3.7*33
$GPGSV,1,1,03,05,55,120,44,07,34,210,38,13,21,300,35*40
$GPRMC,100203.00,A,3859.8628,N,10700.0506,W,6.80,125.0,080726,,,A*79
$GPGGA,100204.00,3859.8617,N,10700.0486,W,1,03,4.20,2336.8,M,-18.0,M,,*57
$GPGSA,A,2,05,07,13,,,,,,,,,,5.7,4.2,3.7*33
$GPGSV,1,1,03,05,55,120,44,07,34,210,38,13,21,300,35*40
$GPRMC,100204.00,A,3859.8617,N,10700.0486,W,6.79,125.0,080726,,,A*7D
$GPGGA,100205.00,3859.8607,N,10700.0467,W,1,04,3.10,2336.3,M,-18.0,M,,*50
$GPGSA,A,2,05,07,13,15,,,,,,,,,4.6,3.1,2.6*33
$GPGSV,1,1,04,05,55,120,44,07,34,210,38,13,21,300,35,15,60,045,44*74
$GPRMC,100205.00,A,3859.8607,N,10700.0467,W,6.79,125.0,080726,,,A*72
$GPGGA,100206.00,3859.8596,N,10700.0447,W,1,09,0.90,2335.9,M,-18.0,M,,*55
$GPGSA,A,3,05,07,13,15,18,20,24,30,02,,,,1.7,0.9,1.4*30
$GPGSV,3,1,09,05,55,120,44,07,34,210,38,13,21,300,35,15,60,045,44*7B
$GPGSV,3,2,09,18,12,090,30,20,48,270,41,24,08,180,28,30,29,330,37*7E
$GPGSV,3,3,09,02,41,150,33*43
$GPRMC,100206.00,A,3859.8596,N,10700.0447,W,6.78,125.0,080726,,,A*79
$GPGGA,100207.00,3859.8585,N,10700.0427,W,1,09,0.90,2335.4,M,-18.0,M,,*5D
$GPGSA,A,3,05,07,13,15,18,20,24,30,02,,,,1.7,0.9,1.4*30
$GPGSV,3,1,09,05,55,120,44,07,34,210,38,13,21,300,35,15,60,045,44*7B
$GPGSV,3,2,09,18,12,090,30,20,48,270,41,24,08,180,28,30,29,330,37*7E
$GPGSV,3,3,09,02,41,150,33*43
$GPRMC,100207.00,A,3859.8585,N,10700.0427,W,6.77,125.0,080726,,,A*73
$GPGGA,100208.00,3859.8574,N,10700.0407,W,1,09,0.90,2334.9,M,-18.0,M,,*52
$GPGSA,A,3,05,07,13,15,18,20,24,30,02,,,,1.7,0.9,1.4*30
$GPGSV,3,1,09,05,55,120,44,07,34,210,38,13,21,300,35,15,60,045,44*7B
$GPGSV,3,2,09,18,12,090,30,20,48,270,41,24,08,180,28,30,29,330,37*7E
$GPGSV,3,3,09,02,41,150,33*43
$GPRMC,100208.00,A,3859.8574,N,10700.0407,W,6.77,125.0,080726,,,A*70
$GPGGA,100209.00,3859.8563,N,10700.0387,W,1,09,0.90,2334.4,M,-18.0,M,,*57
$GPGSA,A,3,05,07,13,15,18,20,24,30,02,,,,1.7,0.9,1.4*30
$GPGSV,3,1,09,05,55,120,44,07,34,210,38,13,21,300,35,15,60,045,44*7B
$GPGSV,3,2,09,18,12,090,30,20,48,270,41,24,08,180,28,30,29,330,37*7E
$GPGSV,3,3,09,02,41,150,33*43
$GPRMC,100209.00,A,3859.8563,N,10700.0387,W,6.76,125.0,080726,,,A*79
$GPGGA,100210.00,3859.8553,N,10700.0368,W,1,09,0.90,2333.9,M,-18.0,M,,*57
$GPGSA,A,3,05,07,13,15,18,20,24,30,02,,,,1.7,0.9,1.4*30
$GPGSV,3,1,09,05,55,120,44,07,34,210,38,13,21,300,35,15,60,045,44*7B
$GPGSV,3,2,09,18,12,090,30,20,48,270,41,24,08,180,28,30,29,330,37*7E
$GPGSV,3,3,09,02,41,150,33*43
$GPRMC,100210.00,A,3859.8553,N,10700.0368,W,6.76,125.0,080726,,,A*73
$GPGGA,100211.00,3859.8542,N,10700.0348,W,1,09,0.90,2333.5,M,-18.0,M,,*58
$GPGSA,A,3,05,07,13,15,18,20,24,30,02,,,,1.7,0.9,1.4*30
$GPGSV,3,1,09,05,55,120,44,07,34,210,38,13,21,300,35,15,60,045,44*7B
$GPGSV,3,2,09,18,12,090,30,20,48,270,41,24,08,180,28,30,29,330,37*7E
$GPGSV,3,3,09,02,41,150,33*43
$GPRMC,100211.00,A,3859.8542,N,10700.0348,W,6.75,125.0,080726,,,A*73
$GPGGA,100212.00,3859.8531,N,10700.0328,W,1,09,0.90,2333.0,M,-18.0,M,,*5C
$GPGSA,A,3,05,07,13,15,18,20,24,30,02,,,,1.7,0.9,1.4*30
$GPGSV,3,1,09,05,55,120,44,07,34,210,38,13,21,300,35,15,60,045,44*7B
$GPGSV,3,2,09,18,12,090,30,20,48,270,41,24,08,180,28,30,29,330,37*7E
$GPGSV,3,3,09,02,41,150,33*43
$GPRMC,100212.00,A,3859.8531,N,10700.0328,W,6.74,125.0,080726,,,A*73
$GPGGA,100213.00,3859.8520,N,10700.0308,W,1,09,0.90,2332.5,M,-18.0,M,,*5B
$GPGSA,A,3,05,07,13,15,18,20,24,30,02,,,,1.7,0.9,1.4*30
$GPGSV,3,1,09,05,55,120,44,07,34,210,38,13,21,300,35,15,60,045,44*7B
$GPGSV,3,2,09,18,12,090,30,20,48,270,41,24,08,180,28,30,29,330,37*7E
$GPGSV,3,3,09,02,41,150,33*43
$GPRMC,100213.00,A,3859.8520,N,10700.0308,W,6.74,125.0,080726,,,A*70
$GPGGA,100214.00,3859.8510,N,10700.0289,W,1,09,0.90,2332.0,M,-18.0,M,,*52
$GPGSA,A,3,05,07,13,15,18,20,24,30,02,,,,1.7,0.9,1.4*30
$GPGSV,3,1,09,05,55,120,44,07,34,210,38,13,21,300,35,15,60,045,44*7B
$GPGSV,3,2,09,18,12,090,30,20,48,270,41,24,08,180,28,30,29,330,37*7E
$GPGSV,3,3,09,02,41,150,33*43
$GPRMC,100214.00,A,3859.8510,N,10700.0289,W,6.73,125.0,080726,,,A*7B
$GPGGA,100215.00,3859.8499,N,10700.0269,W,1,09,0.90,2331.6,M,-18.0,M,,*58
$GPGSA,A,3,05,07,13,15,18,20,24,30,02,,,,1.7,0.9,1.4*30
$GPGSV,3,1,09,05,55,120,44,07,34,210,38,13,21,300,35,15,60,045,44*7B
$GPGSV,3,2,09,18,12,090,30,20,48,270,41,24,08,180,28,30,29,330,37*7E
$GPGSV,3,3,09,02,41,150,33*43
$GPRMC,100215.00,A,3859.8499,N,10700.0269,W,6.72,125.0,080726,,,A*75
$GPGGA,100216.00,3859.8488,N,10700.0249,W,1,09,0.90,2331.1,M,-18.0,M,,*5E
$GPGSA,A,3,05,07,13,15,18,20,24,30,02,,,,1.7,0.9,1.4*30
$GPGSV,3,1,09,05,55,120,44,07,34,210,38,13,21,300,35,15,60,045,44*7B
$GPGSV,3,2,09,18,12,090,30,20,48,270,41,24,08,180,28,30,29,330,37*7E
$GPGSV,3,3,09,02,41,150,33*43
$GPRMC,100216.00,A,3859.8488,N,10700.0249,W,6.72,125.0,080726,,,A*74
$GPGGA,100217.00,3859.8478,N,10700.0230,W,1,09,0.90,2330.6,M,-18.0,M,,*58
$GPGSA,A,3,05,07,13,15,18,20,24,30,02,,,,1.7,0.9,1.4*30
$GPGSV,3,1,09,05,55,120,44,07,34,210,38,13,21,300,35,15,60,045,44*7B
$GPGSV,3,2,09,18,12,090,30,20,48,270,41,24,08,180,28,30,29,330,37*7E
$GPGSV,3,3,09,02,41,150,33*43
$GPRMC,100217.00,A,3859.8478,N,10700.0230,W,6.71,125.0,080726,,,A*77
$GPGGA,100218.00,3859.8467,N,10700.0210,W,1,09,0.90,2330.2,M,-18.0,M,,*5F
$GPGSA,A,3,05,07,13,15,18,20,24,30,02,,,,1.7,0.9,1.4*30
$GPGSV,3,1,09,05,55,120,44,07,34,210,38,13,21,300,35,15,60,045,44*7B
$GPGSV,3,2,09,18,12,090,30,20,48,270,41,24,08,180,28,30,29,330,37*7E
$GPGSV,3,3,09,02,41,150,33*43
$GPRMC,100218.00,A,3859.8467,N,10700.0210,W,6.70,125.0,080726,,,A*75
$GPGGA,100219.00,3859.8456,N,10700.0191,W,1,09,0.90,2329.7,M,-18.0,M,,*5B
$GPGSA,A,3,05,07,13,15,18,20,24,30,02,,,,1.7,0.9,1.4*30
$GPGSV,3,1,09,05,55,120,44,07,34,210,38,13,21,300,35,15,60,045,44*7B
$GPGSV,3,2,09,18,12,090,30,20,48,270,41,24,08,180,28,30,29,330,37*7E
$GPGSV,3,3,09,02,41,150,33*43
$GPRMC,100219.00,A,3859.8456,N,10700.0191,W,6.69,125.0,080726,,,A*74
$GPGGA,100220.00,3859.8446,N,10700.0171,W,1,09,0.90,2329.2,M,-18.0,M,,*5B
$GPGSA,A,3,05,07,13,15,18,20,24,30,02,,,,1.7,0.9,1.4*30
$GPGSV,3,1,09,05,55,120,44,07,34,210,38,13,21,300,35,15,60,045,44*7B
$GPGSV,3,2,09,18,12,090,30,20,48,270,41,24,08,180,28,30,29,330,37*7E
$GPGSV,3,3,09,02,41,150,33*43
$GPRMC,100220.00,A,3859.8446,N,10700.0171,W,6.69,125.0,080726,,,A*71
$GPGGA,100221.00,3859.8435,N,10700.0152,W,1,09,0.90,2328.8,M,-18.0,M,,*54
$GPGSA,A,3,05,07,13,15,18,20,24,30,02,,,,1.7,0.9,1.4*30
$GPGSV,3,1,09,05,55,120,44,07,34,210,38,13,21,300,35,15,60,045,44*7B
$GPGSV,3,2,09,18,12,090,30,20,48,270,41,24,08,180,28,30,29,330,37*7E
$GPGSV,3,3,09,02,41,150,33*43
$GPRMC,100221.00,A,3859.8435,N,10700.0152,W,6.68,125.0,080726,,,A*74
$GPGGA,100222.00,3859.8424,N,10700.0132,W,1,09,0.90,2328.3,M,-18.0,M,,*5A
$GPGSA,A,3,05,07,13,15,18,20,24,30,02,,,,1.7,0.9,1.4*30
$GPGSV,3,1,09,05,55,120,44,07,34,210,38,13,21,300,35,15,60,045,44*7B
$GPGSV,3,2,09,18,12,090,30,20,48,270,41,24,08,180,28,30,29,330,37*7E
$GPGSV,3,3,09,02,41,150,33*43
$GPRMC,100222.00,A,3859.8424,N,10700.0132,W,6.67,125.0,080726,,,A*7E
$GPGGA,100223.00,3859.8414,N,10700.0112,W,1,09,0.90,2327.9,M,-18.0,M,,*5F
$GPGSA,A,3,05,07,13,15,18,20,24,30,02,,,,1.7,0.9,1.4*30
$GPGSV,3,1,09,05,55,120,44,07,34,210,38,13,21,300,35,15,60,045,44*7B
$GPGSV,3,2,09,18,12,090,30,20,48,270,41,24,08,180,28,30,29,330,37*7E
$GPGSV,3,3,09,02,41,150,33*43
$GPRMC,100223.00,A,3859.8414,N,10700.0112,W,6.67,125.0,080726,,,A*7E
$GPGGA,100224.00,3859.8403,N,10700.0093,W,1,09,0.90,2327.4,M,-18.0,M,,*5B
$GPGSA,A,3,05,07,13,15,18,20,24,30,02,,,,1.7,0.9,1.4*30
$GPGSV,3,1,09,05,55,120,44,07,34,210,38,13,21,300,35,15,60,045,44*7B
$GPGSV,3,2,09,18,12,090,30,20,48,270,41,24,08,180,28,30,29,330,37*7E
$GPGSV,3,3,09,02,41,150,33*43
$GPRMC,100224.00,A,3859.8403,N,10700.0093,W,6.66,125.0,080726,,,A*76
$GPGGA,100225.00,3859.8393,N,10700.0074,W,1,09,0.90,2326.9,M,-18.0,M,,*51
$GPGSA,A,3,05,07,13,15,18,20,24,30,02,,,,1.7,0.9,1.4*30
$GPGSV,3,1,09,05,55,120,44,07,34,210,38,13,21,300,35,15,60,045,44*7B
$GPGSV,3,2,09,18,12,090,30,20,48,270,41,24,08,180,28,30,29,330,37*7E
$GPGSV,3,3,09,02,41,150,33*43
$GPRMC,100225.00,A,3859.8393,N,10700.0074,W,6.65,125.0,080726,,,A*73
$GPGGA,100226.00,3859.8382,N,10700.0054,W,1,09,0.90,2326.5,M,-18.0,M,,*5C
$GPGSA,A,3,05,07,13,15,18,20,24,30,02,,,,1.7,0.9,1.4*30
$GPGSV,3,1,09,05,55,120,44,07,34,210,38,13,21,300,35,15,60,045,44*7B
$GPGSV,3,2,09,18,12,090,30,20,48,270,41,24,08,180,28,30,29,330,37*7E
$GPGSV,3,3,09,02,41,150,33*43
$GPRMC,100226.00,A,3859.8382,N,10700.0054,W,6.64,125.0,080726,,,A*73
$GPGGA,100227.00,3859.8371,N,10700.0035,W,1,09,0.90,2326.0,M,-18.0,M,,*53
$GPGSA,A,3,05,07,13,15,18,20,24,30,02,,,,1.7,0.9,1.4*30
$GPGSV,3,1,09,05,55,120,44,07,34,210,38,13,21,300,35,15,60,045,44*7B
$GPGSV,3,2,09,18,12,090,30,20,48,270,41,24,08,180,28,30,29,330,37*7E
$GPGSV,3,3,09,02,41,150,33*43
$GPRMC,100227.00,A,3859.8371,N,10700.0035,W,6.63,125.0,080726,,,A*7E
$GPGGA,100228.00,3859.8361,N,10700.0015,W,1,10,0.90,2325.6,M,-18.0,M,,*52
$GPGSA,A,3,05,07,13,15,18,20,24,30,02,12,,,1.7,0.9,1.4*33
$GPGSV,3,1,10,05,55,120,44,07,34,210,38,13,21,300,35,15,60,045,44*73
$GPGSV,3,2,10,18,12,090,30,20,48,270,41,24,08,180,28,30,29,330,37*76
$GPGSV,3,3,10,02,41,150,33,12,17,060,31*7A
$GPRMC,100228.00,A,3859.8361,N,10700.0015,W,6.63,125.0,080726,,,A*72
$GPGGA,100229.00,3859.8350,N,10659.9996,W,1,10,0.90,2325.1,M,-18.0,M,,*50
$GPGSA,A,3,05,07,13,15,18,20,24,30,02,12,,,1.7,0.9,1.4*33
$GPGSV,3,1,10,05,55,120,44,07,34,210,38,13,21,300,35,15,60,045,44*73
$GPGSV,3,2,10,18,12,090,30,20,48,270,41,24,08,180,28,30,29,330,37*76
$GPGSV,3,3,10,02,41,150,33,12,17,060,31*7A
$GPRMC,100229.00,A,3859.8350,N,10659.9996,W,6.62,125.0,080726,,,A*76
$GPGGA,100230.00,3859.8340,N,10659.9977,W,1,10,0.90,2324.7,M,-18.0,M,,*51
$GPGSA,A,3,05,07,13,15,18,20,24,30,02,12,,,1.7,0.9,1.4*33
$GPGSV,3,1,10,05,55,120,44,07,34,210,38,13,21,300,35,15,60,045,44*73
$GPGSV,3,2,10,18,12,090,30,20,48,270,41,24,08,180,28,30,29,330,37*76
$GPGSV,3,3,10,02,41,150,33,12,17,060,31*7A
$GPRMC,100230.00,A,3859.8340,N,10659.9977,W,6.61,180.0,080726,,,A*7C
$GPGGA,100231.00,3859.8322,N,10659.9977,W,1,10,0.90,2324.2,M,-18.0,M,,*51
$GPGSA,A,3,05,07,13,15,18,20,24,30,02,12,,,1.7,0.9,1.4*33
$GPGSV,3,1,10,05,55,120,44,07,34,210,38,13,21,300,35,15,60,045,44*73
$GPGSV,3,2,10,18,12,090,30,20,48,270,41,24,08,180,28,30,29,330,37*76
$GPGSV,3,3,10,02,41,150,33,12,17,060,31*7A
$GPRMC,100231.00,A,3859.8322,N,10659.9977,W,6.60,193.8,080726,,,A*72
$GPGGA,100232.00,3859.8304,N,10659.9982,W,1,10,0.90,2323.8,M,-18.0,M,,*51
$GPGSA,A,3,05,07,13,15,18,20,24,30,02,12,,,1.7,0.9,1.4*33
$GPGSV,3,1,10,05,55,120,44,07,34,210,38,13,21,300,35,15,60,045,44*73
$GPGSV,3,2,10,18,12,090,30,20,48,270,41,24,08,180,28,30,29,330,37*76
$GPGSV,3,3,10,02,41,150,33,12,17,060,31*7A
$GPRMC,100232.00,A,3859.8304,N,10659.9982,W,6.59,207.5,080726,,,A*76
$GPGGA,100233.00,3859.8288,N,10659.9993,W,1,10,0.90,2323.3,M,-18.0,M,,*5E
$GPGSA,A,3,05,07,13,15,18,20,24,30,02,12,,,1.7,0.9,1.4*33
$GPGSV,3,1,10,05,55,120,44,07,34,210,38,13,21,300,35,15,60,045,44*73
$GPGSV,3,2,10,18,12,090,30,20,48,270,41,24,08,180,28,30,29,330,37*76
$GPGSV,3,3,10,02,41,150,33,12,17,060,31*7A
$GPRMC,100233.00,A,3859.8288,N,10659.9993,W,6.59,221.2,080726,,,A*71
$GPGGA,100234.00,3859.8274,N,10700.0009,W,1,10,0.90,2322.9,M,-18.0,M,,*5F
$GPGSA,A,3,05,07,13,15,18,20,24,30,02,12,,,1.7,0.9,1.4*33
$GPGSV,3,1,10,05,55,120,44,07,34,210,38,13,21,300,35,15,60,045,44*73
$GPGSV,3,2,10,18,12,090,30,20,48,270,41,24,08,180,28,30,29,330,37*76
$GPGSV,3,3,10,02,41,150,33,12,17,060,31*7A
$GPRMC,100234.00,A,3859.8274,N,10700.0009,W,6.58,235.0,080726,,,A*7D
$GPGGA,100235.00,3859.8263,N,10700.0028,W,1,10,0.90,2322.4,M,-18.0,M,,*56
$GPGSA,A,3,05,07,13,15,18,20,24,30,02,12,,,1.7,0.9,1.4*33
$GPGSV,3,1,10,05,55,120,44,07,34,210,38,13,21,300,35,15,60,045,44*73
$GPGSV,3,2,10,18,12,090,30,20,48,270,41,24,08,180,28,30,29,330,37*76
$GPGSV,3,3,10,02,41,150,33,12,17,060,31*7A
$GPRMC,100235.00,A,3859.8263,N,10700.0028,W,6.57,235.0,080726,,,A*76
$GPGGA,100236.00,3859.8253,N,10700.0047,W,1,10,0.90,2321.9,M,-18.0,M,,*51
$GPGSA,A,3,05,07,13,15,18,20,24,30,02,12,,,1.7,0.9,1.4*33
$GPGSV,3,1,10,05,55,120,44,07,34,210,38,13,21,300,35,15,60,045,44*73
$GPGSV,3,2,10,18,12,090,30,20,48,270,41,24,08,180,28,30,29,330,37*76
$GPGSV,3,3,10,02,41,150,33,12,17,060,31*7A
$GPRMC,100236.00,A,3859.8253,N,10700.0047,W,6.56,235.0,080726,,,A*7E
$GPGGA,100237.00,3859.8242,N,10700.0066,W,1,10,0.90,2321.5,M,-18.0,M,,*5F
$GPGSA,A,3,05,07,13,15,18,20,24,30,02,12,,,1.7,0.9,1.4*33
$GPGSV,3,1,10,05,55,120,44,07,34,210,38,13,21,300,35,15,60,045,44*73
$GPGSV,3,2,10,18,12,090,30,20,48,270,41,24,08,180,28,30,29,330,37*76
$GPGSV,3,3,10,02,41,150,33,12,17,060,31*7A
$GPRMC,100237.00,A,3859.8242,N,10700.0066,W,6.55,235.0,080726,,,A*7F
$GPGGA,100238.00,3859.8232,N,10700.0085,W,1,10,0.90,2321.0,M,-18.0,M,,*5F
$GPGSA,A,3,05,07,13,15,18,20,24,30,02,12,,,1.7,0.9,1.4*33
$GPGSV,3,1,10,05,55,120,44,07,34,210,38,13,21,300,35,15,60,045,44*73
$GPGSV,3,2,10,18,12,090,30,20,48,270,41,24,08,180,28,30,29,330,37*76
$GPGSV,3,3,10,02,41,150,33,12,17,060,31*7A
$GPRMC,100238.00,A,3859.8232,N,10700.0085,W,6.54,235.0,080726,,,A*7B
$GPGGA,100239.00,3859.8222,N,10700.0104,W,1,10,0.90,2320.6,M,-18.0,M,,*50
$GPGSA,A,3,05,07,13,15,18,20,24,30,02,12,,,1.7,0.9,1.4*33
$GPGSV,3,1,10,05,55,120,44,07,34,210,38,13,21,300,35,15,60,045,44*73
$GPGSV,3,2,10,18,12,090,30,20,48,270,41,24,08,180,28,30,29,330,37*76
$GPGSV,3,3,10,02,41,150,33,12,17,060,31*7A
$GPRMC,100239.00,A,3859.8222,N,10700.0104,W,6.54,235.0,080726,,,A*73
$GPGGA,100240.00,3859.8211,N,10700.0124,W,1,10,0.90,2320.1,M,-18.0,M,,*5B
$GPGSA,A,3,05,07,13,15,18,20,24,30,02,12,,,1.7,0.9,1.4*33
$GPGSV,3,1,10,05,55,120,44,07,34,210,38,13,21,300,35,15,60,045,44*73
$GPGSV,3,2,10,18,12,090,30,20,48,270,41,24,08,180,28,30,29,330,37*76
$GPGSV,3,3,10,02,41,150,33,12,17,060,31*7A
$GPRMC,100240.00,A,3859.8211,N,10700.0124,W,6.53,235.0,080726,,,A*78
$GPGGA,100241.00,3859.8201,N,10700.0143,W,1,10,0.90,2319.7,M,-18.0,M,,*56
$GPGSA,A,3,05,07,13,15,18,20,24,30,02,12,,,1.7,0.9,1.4*33
$GPGSV,3,1,10,05,55,120,44,07,34,210,38,13,21,300,35,15,60,045,44*73
$GPGSV,3,2,10,18,12,090,30,20,48,270,41,24,08,180,28,30,29,330,37*76
$GPGSV,3,3,10,02,41,150,33,12,17,060,31*7A
$GPRMC,100241.00,A,3859.8201,N,10700.0143,W,6.52,235.0,080726,,,A*78
$GPGGA,100242.00,3859.8190,N,10700.0162,W,1,10,0.90,2319.2,M,-18.0,M,,*58
$GPGSA,A,3,05,07,13,15,18,20,24,30,02,12,,,1.7,0.9,1.4*33
$GPGSV,3,1,10,05,55,120,44,07,34,210,38,13,21,300,35,15,60,045,44*73
$GPGSV,3,2,10,18,12,090,30,20,48,270,41,24,08,180,28,30,29,330,37*76
$GPGSV,3,3,10,02,41,150,33,12,17,060,31*7A
$GPRMC,100242.00,A,3859.8190,N,10700.0162,W,6.51,235.0,080726,,,A*70
$GPGGA,100243.00,3859.8180,N,10700.0181,W,1,10,0.90,2318.8,M,-18.0,M,,*5E
$GPGSA,A,3,05,07,13,15,18,20,24,30,02,12,,,1.7,0.9,1.4*33
$GPGSV,3,1,10,05,55,120,44,07,34,210,38,13,21,300,35,15,60,045,44*73
$GPGSV,3,2,10,18,12,090,30,20,48,270,41,24,08,180,28,30,29,330,37*76
$GPGSV,3,3,10,02,41,150,33,12,17,060,31*7A
$GPRMC,100243.00,A,3859.8180,N,10700.0181,W,6.50,235.0,080726,,,A*7C
$GPGGA,100244.00,3859.8170,N,10700.0200,W,1,10,0.90,2318.3,M,-18.0,M,,*57
$GPGSA,A,3,05,07,13,15,18,20,24,30,02,12,,,1.7,0.9,1.4*33
$GPGSV,3,1,10,05,55,120,44,07,34,210,38,13,21,300,35,15,60,045,44*73
$GPGSV,3,2,10,18,12,090,30,20,48,270,41,24,08,180,28,30,29,330,37*76
$GPGSV,3,3,10,02,41,150,33,12,17,060,31*7A
$GPRMC,100244.00,A,3859.8170,N,10700.0200,W,6.49,235.0,080726,,,A*76
$GPGGA,100245.00,3859.8159,N,10700.0219,W,1,10,0.90,2317.9,M,-18.0,M,,*50
$GPGSA,A,3,05,07,13,15,18,20,24,30,02,12,,,1.7,0.9,1.4*33
$GPGSV,3,1,10,05,55,120,44,07,34,210,38,13,21,300,35,15,60,045,44*73
$GPGSV,3,2,10,18,12,090,30,20,48,270,41,24,08,180,28,30,29,330,37*76
$GPGSV,3,3,10,02,41,150,33,12,17,060,31*7A
$GPRMC,100245.00,A,3859.8159,N,10700.0219,W,6.48,235.0,080726,,,A*75
$GPGGA,100246.00,3859.8149,N,10700.0238,W,1,10,0.90,2317.4,M,-18.0,M,,*5C
$GPGSA,A,3,05,07,13,15,18,20,24,30,02,12,,,1.7,0.9,1.4*33
$GPGSV,3,1,10,05,55,120,44,07,34,210,38,13,21,300,35,15,60,045,44*73
$GPGSV,3,2,10,18,12,090,30,20,48,270,41,24,08,180,28,30,29,330,37*76
$GPGSV,3,3,10,02,41,150,33,12,17,060,31*7A
$GPRMC,100246.00,A,3859.8149,N,10700.0238,W,6.47,235.0,080726,,,A*7B
$GPGGA,100247.00,3859.8139,N,10700.0257,W,1,10,0.90,2317.0,M,-18.0,M,,*57
$GPGSA,A,3,05,07,13,15,18,20,24,30,02,12,,,1.7,0.9,1.4*33
$GPGSV,3,1,10,05,55,120,44,07,34,210,38,13,21,300,35,15,60,045,44*73
$GPGSV,3,2,10,18,12,090,30,20,48,270,41,24,08,180,28,30,29,330,37*76
$GPGSV,3,3,10,02,41,150,33,12,17,060,31*7A
$GPRMC,100247.00,A,3859.8139,N,10700.0257,W,6.47,235.0,080726,,,A*74
$GPGGA,100248.00,3859.8129,N,10700.0275,W,1,10,0.90,2316.5,M,-18.0,M,,*5D
$GPGSA,A,3,05,07,13,15,18,20,24,30,02,12,,,1.7,0.9,1.4*33
$GPGSV,3,1,10,05,55,120,44,07,34,210,38,13,21,300,35,15,60,045,44*73
$GPGSV,3,2,10,18,12,090,30,20,48,270,41,24,08,180,28,30,29,330,37*76
$GPGSV,3,3,10,02,41,150,33,12,17,060,31*7A
$GPRMC,100248.00,A,3859.8129,N,10700.0275,W,6.46,235.0,080726,,,A*7B
$GPGGA,100249.00,3859.8118,N,10700.0294,W,1,10,0.90,2316.1,M,-18.0,M,,*55
$GPGSA,A,3,05,07,13,15,18,20,24,30,02,12,,,1.7,0.9,1.4*33
$GPGSV,3,1,10,05,55,120,44,07,34,210,38,13,21,300,35,15,60,045,44*73
$GPGSV,3,2,10,18,12,090,30,20,48,270,41,24,08,180,28,30,29,330,37*76
$GPGSV,3,3,10,02,41,150,33,12,17,060,31*7A
$GPRMC,100249.00,A,3859.8118,N,10700.0294,W,6.45,235.0,080726,,,A*74
$GPGGA,100250.00,3859.8108,N,10700.0313,W,1,10,0.90,2315.6,M,-18.0,M,,*56
$GPGSA,A,3,05,07,13,15,18,20,24,30,02,12,,,1.7,0.9,1.4*33
$GPGSV,3,1,10,05,55,120,44,07,34,210,38,13,21,300,35,15,60,045,44*73
$GPGSV,3,2,10,18,12,090,30,20,48,270,41,24,08,180,28,30,29,330,37*76
$GPGSV,3,3,10,02,41,150,33,12,17,060,31*7A
$GPRMC,100250.00,A,3859.8108,N,10700.0313,W,6.44,235.0,080726,,,A*72
$GPGGA,100251.00,3859.8098,N,10700.0332,W,1,10,0.90,2315.1,M,-18.0,M,,*5B
$GPGSA,A,3,05,07,13,15,18,20,24,30,02,12,,,1.7,0.9,1.4*33
$GPGSV,3,1,10,05,55,120,44,07,34,210,38,13,21,300,35,15,60,045,44*73
$GPGSV,3,2,10,18,12,090,30,20,48,270,41,24,08,180,28,30,29,330,37*76
$GPGSV,3,3,10,02,41,150,33,12,17,060,31*7A
$GPRMC,100251.00,A,3859.8098,N,10700.0332,W,6.43,235.0,080726,,,A*7F
$GPGGA,100252.00,3859.8088,N,10700.0351,W,1,10,0.90,2314.7,M,-18.0,M,,*5B
$GPGSA,A,3,05,07,13,15,18,20,24,30,02,12,,,1.7,0.9,1.4*33
$GPGSV,3,1,10,05,55,120,44,07,34,210,38,13,21,300,35,15,60,045,44*73
$GPGSV,3,2,10,18,12,090,30,20,48,270,41,24,08,180,28,30,29,330,37*76
$GPGSV,3,3,10,02,41,150,33,12,17,060,31*7A
$GPRMC,100252.00,A,3859.8088,N,10700.0351,W,6.42,235.0,080726,,,A*79
$GPGGA,100253.00,3859.8077,N,10700.0370,W,1,10,0.90,2314.2,M,-18.0,M,,*5C
$GPGSA,A,3,05,07,13,15,18,20,24,30,02,12,,,1.7,0.9,1.4*33
$GPGSV,3,1,10,05,55,120,44,07,34,210,38,13,21,300,35,15,60,045,44*73
$GPGSV,3,2,10,18,12,090,30,20,48,270,41,24,08,180,28,30,29,330,37*76
$GPGSV,3,3,10,02,41,150,33,12,17,060,31*7A
$GPRMC,100253.00,A,3859.8077,N,10700.0370,W,6.41,235.0,080726,,,A*78
$GPGGA,100254.00,3859.8067,N,10700.0388,W,1,10,0.90,2313.8,M,-18.0,M,,*50
$GPGSA,A,3,05,07,13,15,18,20,24,30,02,12,,,1.7,0.9,1.4*33
$GPGSV,3,1,10,05,55,120,44,07,34,210,38,13,21,300,35,15,60,045,44*73
$GPGSV,3,2,10,18,12,090,30,20,48,270,41,24,08,180,28,30,29,330,37*76
$GPGSV,3,3,10,02,41,150,33,12,17,060,31*7A
$GPRMC,100254.00,A,3859.8067,N,10700.0388,W,6.40,235.0,080726,,,A*78
$GPGGA,100255.00,3859.8057,N,10700.0407,W,1,10,0.90,2313.3,M,-18.0,M,,*59
$GPGSA,A,3,05,07,13,15,18,20,24,30,02,12,,,1.7,0.9,1.4*33
$GPGSV,3,1,10,05,55,120,44,07,34,210,38,13,21,300,35,15,60,045,44*73
$GPGSV,3,2,10,18,12,090,30,20,48,270,41,24,08,180,28,30,29,330,37*76
$GPGSV,3,3,10,02,41,150,33,12,17,060,31*7A
$GPRMC,100255.00,A,3859.8057,N,10700.0407,W,6.40,235.0,080726,,,A*7A
$GPGGA,100256.00,3859.8047,N,10700.0426,W,1,10,0.90,2312.8,M,-18.0,M,,*52
$GPGSA,A,3,05,07,13,15,18,20,24,30,02,12,,,1.7,0.9,1.4*33
$GPGSV,3,1,10,05,55,120,44,07,34,210,38,13,21,300,35,15,60,045,44*73
$GPGSV,3,2,10,18,12,090,30,20,48,270,41,24,08,180,28,30,29,330,37*76
$GPGSV,3,3,10,02,41,150,33,12,17,060,31*7A
$GPRMC,100256.00,A,3859.8047,N,10700.0426,W,6.39,235.0,080726,,,A*75
$GPGGA,100257.00,3859.8037,N,10700.0444,W,1,10,0.90,2312.4,M,-18.0,M,,*5C
$GPGSA,A,3,05,07,13,15,18,20,24,30,02,12,,,1.7,0.9,1.4*33
$GPGSV,3,1,10,05,55,120,44,07,34,210,38,13,21,300,35,15,60,045,44*73
$GPGSV,3,2,10,18,12,090,30,20,48,270,41,24,08,180,28,30,29,330,37*76
$GPGSV,3,3,10,02,41,150,33,12,17,060,31*7A
$GPRMC,100257.00,A,3859.8037,N,10700.0444,W,6.38,235.0,080726,,,A*76
$GPGGA,100258.00,3859.8027,N,10700.0463,W,1,10,0.90,2311.9,M,-18.0,M,,*59
$GPGSA,A,3,05,07,13,15,18,20,24,30,02,12,,,1.7,0.9,1.4*33
$GPGSV,3,1,10,05,55,120,44,07,34,210,38,13,21,300,35,15,60,045,44*73
$GPGSV,3,2,10,18,12,090,30,20,48,270,41,24,08,180,28,30,29,330,37*76
$GPGSV,3,3,10,02,41,150,33,12,17,060,31*7A
$GPRMC,100258.00,A,3859.8027,N,10700.0463,W,6.37,235.0,080726,,,A*72
$GPGGA,100259.00,3859.8016,N,10700.0482,W,1,10,0.90,2311.4,M,-18.0,M,,*58
$GPGSA,A,3,05,07,13,15,18,20,24,30,02,12,,,1.7,0.9,1.4*33
$GPGSV,3,1,10,05,55,120,44,07,34,210,38,13,21,300,35,15,60,045,44*73
$GPGSV,3,2,10,18,12,090,30,20,48,270,41,24,08,180,28,30,29,330,37*76
$GPGSV,3,3,10,02,41,150,33,12,17,060,31*7A
$GPRMC,100259.00,A,3859.8016,N,10700.0482,W,6.36,235.0,080726,,,A*7F
$GPGGA,100300.00,3859.8006,N,10700.0500,W,1,10,0.90,2311.0,M,-18.0,M,,*5B
$GPGSA,A,3,05,07,13,15,18,20,24,30,02,12,,,1.7,0.9,1.4*33
$GPGSV,3,1,10,05,55,120,44,07,34,210,38,13,21,300,35,15,60,045,44*73
$GPGSV,3,2,10,18,12,090,30,20,48,270,41,24,08,180,28,30,29,330,37*76
$GPGSV,3,3,10,02,41,150,33,12,17,060,31*7A
$GPRMC,100300.00,A,3859.8006,N,10700.0500,W,6.35,235.0,080726,,,A*7B
$GPGGA,100301.00,3859.7996,N,10700.0519,W,1,10,0.90,2310.5,M,-18.0,M,,*59
$GPGSA,A,3,05,07,13,15,18,20,24,30,02,12,,,1.7,0.9,1.4*33
$GPGSV,3,1,10,05,55,120,44,07,34,210,38,13,21,300,35,15,60,045,44*73
$GPGSV,3,2,10,18,12,090,30,20,48,270,41,24,08,180,28,30,29,330,37*76
$GPGSV,3,3,10,02,41,150,33,12,17,060,31*7A
$GPRMC,100301.00,A,3859.7996,N,10700.0519,W,6.34,235.0,080726,,,A*7C
$GPGGA,100302.00,3859.7986,N,10700.0537,W,1,10,0.90,2310.0,M,-18.0,M,,*52
$GPGSA,A,3,05,07,13,15,18,20,24,30,02,12,,,1.7,0.9,1.4*33
$GPGSV,3,1,10,05,55,120,44,07,34,210,38,13,21,300,35,15,60,045,44*73
$GPGSV,3,2,10,18,12,090,30,20,48,270,41,24,08,180,28,30,29,330,37*76
$GPGSV,3,3,10,02,41,150,33,12,17,060,31*7A
$GPRMC,100302.00,A,3859.7986,N,10700.0537,W,6.33,235.0,080726,,,A*75
$GPGGA,100303.00,3859.7976,N,10700.0556,W,1,10,0.90,2309.5,M,-18.0,M,,*56
$GPGSA,A,3,05,07,13,15,18,20,24,30,02,12,,,1.7,0.9,1.4*33
$GPGSV,3,1,10,05,55,120,44,07,34,210,38,13,21,300,35,15,60,045,44*73
$GPGSV,3,2,10,18,12,090,30,20,48,270,41,24,08,180,28,30,29,330,37*76
$GPGSV,3,3,10,02,41,150,33,12,17,060,31*7A
$GPRMC,100303.00,A,3859.7976,N,10700.0556,W,6.32,235.0,080726,,,A*7D
$GPGGA,100304.00,3859.7966,N,10700.0574,W,1,10,0.90,2309.1,M,-18.0,M,,*54
$GPGSA,A,3,05,07,13,15,18,20,24,30,02,12,,,1.7,0.9,1.4*33
$GPGSV,3,1,10,05,55,120,44,07,34,210,38,13,21,300,35,15,60,045,44*73
$GPGSV,3,2,10,18,12,090,30,20,48,270,41,24,08,180,28,30,29,330,37*76
$GPGSV,3,3,10,02,41,150,33,12,17,060,31*7A
$GPRMC,100304.00,A,3859.7966,N,10700.0574,W,6.32,235.0,080726,,,A*7B
$GPGGA,100305.00,3859.7956,N,10700.0593,W,1,11,0.90,2308.6,M,-18.0,M,,*58
$GPGSA,A,3,05,07,13,15,18,20,24,30,02,12,25,,1.7,0.9,1.4*34
$GPGSV,3,1,11,05,55,120,44,07,34,210,38,13,21,300,35,15,60,045,44*72
$GPGSV,3,2,11,18,12,090,30,20,48,270,41,24,08,180,28,30,29,330,37*77
$GPGSV,3,3,11,02,41,150,33,12,17,060,31,25,72,015,45*4C
$GPRMC,100305.00,A,3859.7956,N,10700.0593,W,6.31,235.0,080726,,,A*73
$GPGGA,100306.00,3859.7946,N,10700.0611,W,1,11,0.90,2308.1,M,-18.0,M,,*54
$GPGSA,A,3,05,07,13,15,18,20,24,30,02,12,25,,1.7,0.9,1.4*34
$GPGSV,3,1,11,05,55,120,44,07,34,210,38,13,21,300,35,15,60,045,44*72
$GPGSV,3,2,11,18,12,090,30,20,48,270,41,24,08,180,28,30,29,330,37*77
$GPGSV,3,3,11,02,41,150,33,12,17,060,31,25,72,015,45*4C
$GPRMC,100306.00,A,3859.7946,N,10700.0611,W,6.30,235.0,080726,,,A*79
$GPGGA,100307.00,3859.7936,N,10700.0630,W,1,11,0.90,2307.6,M,-18.0,M,,*59
$GPGSA,A,3,05,07,13,15,18,20,24,30,02,12,25,,1.7,0.9,1.4*34
$GPGSV,3,1,11,05,55,120,44,07,34,210,38,13,21,300,35,15,60,045,44*72
$GPGSV,3,2,11,18,12,090,30,20,48,270,41,24,08,180,28,30,29,330,37*77
$GPGSV,3,3,11,02,41,150,33,12,17,060,31,25,72,015,45*4C
$GPRMC,100307.00,A,3859.7936,N,10700.0630,W,6.29,235.0,080726,,,A*74
$GPGGA,100308.00,3859.7926,N,10700.0648,W,1,11,0.90,2307.1,M,-18.0,M,,*5F
$GPGSA,A,3,05,07,13,15,18,20,24,30,02,12,25,,1.7,0.9,1.4*34
$GPGSV,3,1,11,05,55,120,44,07,34,210,38,13,21,300,35,15,60,045,44*72
$GPGSV,3,2,11,18,12,090,30,20,48,270,41,24,08,180,28,30,29,330,37*77
$GPGSV,3,3,11,02,41,150,33,12,17,060,31,25,72,015,45*4C
$GPRMC,100308.00,A,3859.7926,N,10700.0648,W,6.28,235.0,080726,,,A*74
$GPGGA,100309.00,3859.7916,N,10700.0666,W,1,11,0.90,2306.6,M,-18.0,M,,*57
$GPGSA,A,3,05,07,13,15,18,20,24,30,02,12,25,,1.7,0.9,1.4*34
$GPGSV,3,1,11,05,55,120,44,07,34,210,38,13,21,300,35,15,60,045,44*72
$GPGSV,3,2,11,18,12,090,30,20,48,270,41,24,08,180,28,30,29,330,37*77
$GPGSV,3,3,11,02,41,150,33,12,17,060,31,25,72,015,45*4C
$GPRMC,100309.00,A,3859.7916,N,10700.0666,W,6.27,235.0,080726,,,A*75
$GPGGA,100310.00,3859.7906,N,10700.0685,W,1,11,0.90,2306.2,M,-18.0,M,,*57
$GPGSA,A,3,05,07,13,15,18,20,24,30,02,12,25,,1.7,0.9,1.4*34
$GPGSV,3,1,11,05,55,120,44,07,34,210,38,13,21,300,35,15,60,045,44*72
$GPGSV,3,2,11,18,12,090,30,20,48,270,41,24,08,180,28,30,29,330,37*77
$GPGSV,3,3,11,02,41,150,33,12,17,060,31,25,72,015,45*4C
$GPRMC,100310.00,A,3859.7906,N,10700.0685,W,6.27,235.0,080726,,,A*71
$GPGGA,100311.00,3859.7896,N,10700.0703,W,1,11,0.90,2305.7,M,-18.0,M,,*57
$GPGSA,A,3,05,07,13,15,18,20,24,30,02,12,25,,1.7,0.9,1.4*34
$GPGSV,3,1,11,05,55,120,44,07,34,210,38,13,21,300,35,15,60,045,44*72
$GPGSV,3,2,11,18,12,090,30,20,48,270,41,24,08,180,28,30,29,330,37*77
$GPGSV,3,3,11,02,41,150,33,12,17,060,31,25,72,015,45*4C
$GPRMC,100311.00,A,3859.7896,N,10700.0703,W,6.26,235.0,080726,,,A*76
$GPGGA,100312.00,3859.7886,N,10700.0721,W,1,11,0.90,2305.2,M,-18.0,M,,*50
$GPGSA,A,3,05,07,13,15,18,20,24,30,02,12,25,,1.7,0.9,1.4*34
$GPGSV,3,1,11,05,55,120,44,07,34,210,38,13,21,300,35,15,60,045,44*72
$GPGSV,3,2,11,18,12,090,30,20,48,270,41,24,08,180,28,30,29,330,37*77
$GPGSV,3,3,11,02,41,150,33,12,17,060,31,25,72,015,45*4C
$GPRMC,100312.00,A,3859.7886,N,10700.0721,W,6.25,235.0,080726,,,A*77
$GPGGA,100313.00,3859.7876,N,10700.0739,W,1,11,0.90,2304.7,M,-18.0,M,,*53
$GPGSA,A,3,05,07,13,15,18,20,24,30,02,12,25,,1.7,0.9,1.4*34
$GPGSV,3,1,11,05,55,120,44,07,34,210,38,13,21,300,35,15,60,045,44*72
$GPGSV,3,2,11,18,12,090,30,20,48,270,41,24,08,180,28,30,29,330,37*77
$GPGSV,3,3,11,02,41,150,33,12,17,060,31,25,72,015,45*4C
$GPRMC,100313.00,A,3859.7876,N,10700.0739,W,6.24,235.0,080726,,,A*71
$GPGGA,100314.00,3859.7866,N,10700.0758,W,1,11,0.90,2304.2,M,-18.0,M,,*57
$GPGSA,A,3,05,07,13,15,18,20,24,30,02,12,25,,1.7,0.9,1.4*34
$GPGSV,3,1,11,05,55,120,44,07,34,210,38,13,21,300,35,15,60,045,44*72
$GPGSV,3,2,11,18,12,090,30,20,48,270,41,24,08,180,28,30,29,330,37*77
$GPGSV,3,3,11,02,41,150,33,12,17,060,31,25,72,015,45*4C
$GPRMC,100314.00,A,3859.7866,N,10700.0758,W,6.23,235.0,080726,,,A*77
$GPGGA,100315.00,3859.7856,N,10700.0776,W,1,11,0.90,2303.7,M,-18.0,M,,*5B
$GPGSA,A,3,05,07,13,15,18,20,24,30,02,12,25,,1.7,0.9,1.4*34
$GPGSV,3,1,11,05,55,120,44,07,34,210,38,13,21,300,35,15,60,045,44*72
$GPGSV,3,2,11,18,12,090,30,20,48,270,41,24,08,180,28,30,29,330,37*77
$GPGSV,3,3,11,02,41,150,33,12,17,060,31,25,72,015,45*4C
$GPRMC,100315.00,A,3859.7856,N,10700.0776,W,6.22,235.0,080726,,,A*78
$GPGGA,100316.00,3859.7846,N,10700.0794,W,1,11,0.90,2303.2,M,-18.0,M,,*50
$GPGSA,A,3,05,07,13,15,18,20,24,30,02,12,25,,1.7,0.9,1.4*34
$GPGSV,3,1,11,05,55,120,44,07,34,210,38,13,21,300,35,15,60,045,44*72
$GPGSV,3,2,11,18,12,090,30,20,48,270,41,24,08,180,28,30,29,330,37*77
$GPGSV,3,3,11,02,41,150,33,12,17,060,31,25,72,015,45*4C
$GPRMC,100316.00,A,3859.7846,N,10700.0794,W,6.22,235.0,080726,,,A*76
$GPGGA,100317.00,3859.7836,N,10700.0812,W,1,11,0.90,2302.7,M,-18.0,M,,*53
$GPGSA,A,3,05,07,13,15,18,20,24,30,02,12,25,,1.7,0.9,1.4*34
$GPGSV,3,1,11,05,55,120,44,07,34,210,38,13,21,300,35,15,60,045,44*72
$GPGSV,3,2,11,18,12,090,30,20,48,270,41,24,08,180,28,30,29,330,37*77
$GPGSV,3,3,11,02,41,150,33,12,17,060,31,25,72,015,45*4C
$GPRMC,100317.00,A,3859.7836,N,10700.0812,W,6.21,235.0,080726,,,A*72
$GPGGA,100318.00,3859.7827,N,10700.0830,W,1,11,0.90,2302.2,M,-18.0,M,,*59
$GPGSA,A,3,05,07,13,15,18,20,24,30,02,12,25,,1.7,0.9,1.4*34
$GPGSV,3,1,11,05,55,120,44,07,34,210,38,13,21,300,35,15,60,045,44*72
$GPGSV,3,2,11,18,12,090,30,20,48,270,41,24,08,180,28,30,29,330,37*77
$GPGSV,3,3,11,02,41,150,33,12,17,060,31,25,72,015,45*4C
$GPRMC,100318.00,A,3859.7827,N,10700.0830,W,6.20,235.0,080726,,,A*7C
$GPGGA,100319.00,3859.7817,N,10700.0849,W,1,11,0.90,2301.7,M,-18.0,M,,*53
$GPGSA,A,3,05,07,13,15,18,20,24,30,02,12,25,,1.7,0.9,1.4*34
$GPGSV,3,1,11,05,55,120,44,07,34,210,38,13,21,300,35,15,60,045,44*72
$GPGSV,3,2,11,18,12,090,30,20,48,270,41,24,08,180,28,30,29,330,37*77
$GPGSV,3,3,11,02,41,150,33,12,17,060,31,25,72,015,45*4C
$GPRMC,100319.00,A,3859.7817,N,10700.0849,W,6.19,235.0,080726,,,A*7A
$GPGGA,100320.00,3859.7807,N,10700.0867,W,1,11,0.90,2301.2,M,-18.0,M,,*51
$GPGSA,A,3,05,07,13,15,18,20,24,30,02,12,25,,1.7,0.9,1.4*34
$GPGSV,3,1,11,05,55,120,44,07,34,210,38,13,21,300,35,15,60,045,44*72
$GPGSV,3,2,11,18,12,090,30,20,48,270,41,24,08,180,28,30,29,330,37*77
$GPGSV,3,3,11,02,41,150,33,12,17,060,31,25,72,015,45*4C
$GPRMC,100320.00,A,3859.7807,N,10700.0867,W,6.18,235.0,080726,,,A*7C
$GPGGA,100321.00,3859.7797,N,10700.0885,W,1,11,0.90,2300.7,M,-18.0,M,,*5E
$GPGSA,A,3,05,07,13,15,18,20,24,30,02,12,25,,1.7,0.9,1.4*34
$GPGSV,3,1,11,05,55,120,44,07,34,210,38,13,21,300,35,15,60,045,44*72
$GPGSV,3,2,11,18,12,090,30,20,48,270,41,24,08,180,28,30,29,330,37*77
$GPGSV,3,3,11,02,41,150,33,12,17,060,31,25,72,015,45*4C
$GPRMC,100321.00,A,3859.7797,N,10700.0885,W,6.18,235.0,080726,,,A*77
$GPGGA,100322.00,3859.7787,N,10700.0903,W,1,11,0.90,2300.2,M,-18.0,M,,*56
$GPGSA,A,3,05,07,13,15,18,20,24,30,02,12,25,,1.7,0.9,1.4*34
$GPGSV,3,1,11,05,55,120,44,07,34,210,38,13,21,300,35,15,60,045,44*72
$GPGSV,3,2,11,18,12,090,30,20,48,270,41,24,08,180,28,30,29,330,37*77
$GPGSV,3,3,11,02,41,150,33,12,17,060,31,25,72,015,45*4C
$GPRMC,100322.00,A,3859.7787,N,10700.0903,W,6.17,235.0,080726,,,A*75
$GPGGA,100323.00,3859.7777,N,10700.0921,W,1,11,0.90,2299.7,M,-18.0,M,,*5C
$GPGSA,A,3,05,07,13,15,18,20,24,30,02,12,25,,1.7,0.9,1.4*34
$GPGSV,3,1,11,05,55,120,44,07,34,210,38,13,21,300,35,15,60,045,44*72
$GPGSV,3,2,11,18,12,090,30,20,48,270,41,24,08,180,28,30,29,330,37*77
$GPGSV,3,3,11,02,41,150,33,12,17,060,31,25,72,015,45*4C
$GPRMC,100323.00,A,3859.7777,N,10700.0921,W,6.16,235.0,080726,,,A*7A
$GPGGA,100324.00,3859.7768,N,10700.0939,W,1,11,0.90,2299.1,M,-18.0,M,,*5A
$GPGSA,A,3,05,07,13,15,18,20,24,30,02,12,25,,1.7,0.9,1.4*34
$GPGSV,3,1,11,05,55,120,44,07,34,210,38,13,21,300,35,15,60,045,44*72
$GPGSV,3,2,11,18,12,090,30,20,48,270,41,24,08,180,28,30,29,330,37*77
$GPGSV,3,3,11,02,41,150,33,12,17,060,31,25,72,015,45*4C
$GPRMC,100324.00,A,3859.7768,N,10700.0939,W,6.15,235.0,080726,,,A*79
$GPGGA,100325.00,3859.7758,N,10700.0957,W,1,11,0.90,2298.6,M,-18.0,M,,*56
$GPGSA,A,3,05,07,13,15,18,20,24,30,02,12,25,,1.7,0.9,1.4*34
$GPGSV,3,1,11,05,55,120,44,07,34,210,38,13,21,300,35,15,60,045,44*72
$GPGSV,3,2,11,18,12,090,30,20,48,270,41,24,08,180,28,30,29,330,37*77
$GPGSV,3,3,11,02,41,150,33,12,17,060,31,25,72,015,45*4C
$GPRMC,100325.00,A,3859.7758,N,10700.0957,W,6.15,235.0,080726,,,A*73
$GPGGA,100326.00,3859.7748,N,10700.0975,W,1,11,0.90,2298.1,M,-18.0,M,,*53
$GPGSA,A,3,05,07,13,15,18,20,24,30,02,12,25,,1.7,0.9,1.4*34
$GPGSV,3,1,11,05,55,120,44,07,34,210,38,13,21,300,35,15,60,045,44*72
$GPGSV,3,2,11,18,12,090,30,20,48,270,41,24,08,180,28,30,29,330,37*77
$GPGSV,3,3,11,02,41,150,33,12,17,060,31,25,72,015,45*4C
$GPRMC,100326.00,A,3859.7748,N,10700.0975,W,6.14,235.0,080726,,,A*70
$GPGGA,100327.00,3859.7738,N,10700.0993,W,1,11,0.90,2297.6,M,-18.0,M,,*55
$GPGSA,A,3,05,07,13,15,18,20,24,30,02,12,25,,1.7,0.9,1.4*34
$GPGSV,3,1,11,05,55,120,44,07,34,210,38,13,21,300,35,15,60,045,44*72
$GPGSV,3,2,11,18,12,090,30,20,48,270,41,24,08,180,28,30,29,330,37*77
$GPGSV,3,3,11,02,41,150,33,12,17,060,31,25,72,015,45*4C
$GPRMC,100327.00,A,3859.7738,N,10700.0993,W,6.13,235.0,080726,,,A*79
$GPGGA,100328.00,3859.7728,N,10700.1011,W,1,11,0.90,2297.1,M,-18.0,M,,*5E
$GPGSA,A,3,05,07,13,15,18,20,24,30,02,12,25,,1.7,0.9,1.4*34
$GPGSV,3,1,11,05,55,120,44,07,34,210,38,13,21,300,35,15,60,045,44*72
$GPGSV,3,2,11,18,12,090,30,20,48,270,41,24,08,180,28,30,29,330,37*77
$GPGSV,3,3,11,02,41,150,33,12,17,060,31,25,72,015,45*4C
$GPRMC,100328.00,A,3859.7728,N,10700.1011,W,6.12,235.0,080726,,,A*74
$GPGGA,100329.00,3859.7719,N,10700.1029,W,1,11,0.90,2296.5,M,-18.0,M,,*53
$GPGSA,A,3,05,07,13,15,18,20,24,30,02,12,25,,1.7,0.9,1.4*34
$GPGSV,3,1,11,05,55,120,44,07,34,210,38,13,21,300,35,15,60,045,44*72
$GPGSV,3,2,11,18,12,090,30,20,48,270,41,24,08,180,28,30,29,330,37*77
$GPGSV,3,3,11,02,41,150,33,12,17,060,31,25,72,015,45*4C
$GPRMC,100329.00,A,3859.7719,N,10700.1029,W,6.12,235.0,080726,,,A*7C
$GPGGA,100330.00,3859.7709,N,10700.1046,W,1,11,0.90,2296.0,M,-18.0,M,,*56
$GPGSA,A,3,05,07,13,15,18,20,24,30,02,12,25,,1.7,0.9,1.4*34
$GPGSV,3,1,11,05,55,120,44,07,34,210,38,13,21,300,35,15,60,045,44*72
$GPGSV,3,2,11,18,12,090,30,20,48,270,41,24,08,180,28,30,29,330,37*77
$GPGSV,3,3,11,02,41,150,33,12,17,060,31,25,72,015,45*4C
$GPRMC,100330.00,A,3859.7709,N,10700.1046,W,6.11,235.0,080726,,,A*7F
$GPGGA,100331.00,3859.7699,N,10700.1064,W,1,11,0.90,2295.5,M,-18.0,M,,*59
$GPGSA,A,3,05,07,13,15,18,20,24,30,02,12,25,,1.7,0.9,1.4*34
$GPGSV,3,1,11,05,55,120,44,07,34,210,38,13,21,300,35,15,60,045,44*72
$GPGSV,3,2,11,18,12,090,30,20,48,270,41,24,08,180,28,30,29,330,37*77
$GPGSV,3,3,11,02,41,150,33,12,17,060,31,25,72,015,45*4C
$GPRMC,100331.00,A,3859.7699,N,10700.1064,W,6.10,235.0,080726,,,A*77
$GPGGA,100332.00,3859.7690,N,10700.1082,W,1,11,0.90,2295.0,M,-18.0,M,,*5E
$GPGSA,A,3,05,07,13,15,18,20,24,30,02,12,25,,1.7,0.9,1.4*34
$GPGSV,3,1,11,05,55,120,44,07,34,210,38,13,21,300,35,15,60,045,44*72
$GPGSV,3,2,11,18,12,090,30,20,48,270,41,24,08,180,28,30,29,330,37*77
$GPGSV,3,3,11,02,41,150,33,12,17,060,31,25,72,015,45*4C
$GPRMC,100332.00,A,3859.7690,N,10700.1082,W,6.10,235.0,080726,,,A*75
$GPGGA,100333.00,3859.7680,N,10700.1100,W,1,11,0.90,2294.4,M,-18.0,M,,*50
$GPGSA,A,3,05,07,13,15,18,20,24,30,02,12,25,,1.7,0.9,1.4*34
$GPGSV,3,1,11,05,55,120,44,07,34,210,38,13,21,300,35,15,60,045,44*72
$GPGSV,3,2,11,18,12,090,30,20,48,270,41,24,08,180,28,30,29,330,37*77
$GPGSV,3,3,11,02,41,150,33,12,17,060,31,25,72,015,45*4C
$GPRMC,100333.00,A,3859.7680,N,10700.1100,W,6.09,235.0,080726,,,A*76
$GPGGA,100334.00,3859.7670,N,10700.1118,W,1,11,0.90,2293.9,M,-18.0,M,,*5B
$GPGSA,A,3,05,07,13,15,18,20,24,30,02,12,25,,1.7,0.9,1.4*34
$GPGSV,3,1,11,05,55,120,44,07,34,210,38,13,21,300,35,15,60,045,44*72
$GPGSV,3,2,11,18,12,090,30,20,48,270,41,24,08,180,28,30,29,330,37*77
$GPGSV,3,3,11,02,41,150,33,12,17,060,31,25,72,015,45*4C
$GPRMC,100334.00,A,3859.7670,N,10700.1118,W,6.08,235.0,080726,,,A*76
$GPGGA,100335.00,3859.7661,N,10700.1135,W,1,11,0.90,2293.4,M,-18.0,M,,*58
$GPGSA,A,3,05,07,13,15,18,20,24,30,02,12,25,,1.7,0.9,1.4*34
$GPGSV,3,1,11,05,55,120,44,07,34,210,38,13,21,300,35,15,60,045,44*72
$GPGSV,3,2,11,18,12,090,30,20,48,270,41,24,08,180,28,30,29,330,37*77
$GPGSV,3,3,11,02,41,150,33,12,17,060,31,25,72,015,45*4C
$GPRMC,100335.00,A,3859.7661,N,10700.1135,W,6.08,235.0,080726,,,A*78
$GPGGA,100336.00,3859.7651,N,10700.1153,W,1,11,0.90,2292.8,M,-18.0,M,,*55
$GPGSA,A,3,05,07,13,15,18,20,24,30,02,12,25,,1.7,0.9,1.4*34
$GPGSV,3,1,11,05,55,120,44,07,34,210,38,13,21,300,35,15,60,045,44*72
$GPGSV,3,2,11,18,12,090,30,20,48,270,41,24,08,180,28,30,29,330,37*77
$GPGSV,3,3,11,02,41,150,33,12,17,060,31,25,72,015,45*4C
$GPRMC,100336.00,A,3859.7651,N,10700.1153,W,6.07,235.0,080726,,,A*77
$GPGGA,100337.00,3859.7641,N,10700.1171,W,1,11,0.90,2292.3,M,-18.0,M,,*5E
$GPGSA,A,3,05,07,13,15,18,20,24,30,02,12,25,,1.7,0.9,1.4*34
$GPGSV,3,1,11,05,55,120,44,07,34,210,38,13,21,300,35,15,60,045,44*72
$GPGSV,3,2,11,18,12,090,30,20,48,270,41,24,08,180,28,30,29,330,37*77
$GPGSV,3,3,11,02,41,150,33,12,17,060,31,25,72,015,45*4C
$GPRMC,100337.00,A,3859.7641,N,10700.1171,W,6.06,235.0,080726,,,A*76
$GPGGA,100338.00,3859.7632,N,10700.1189,W,1,11,0.90,2291.8,M,-18.0,M,,*5A
$GPGSA,A,3,05,07,13,15,18,20,24,30,02,12,25,,1.7,0.9,1.4*34
$GPGSV,3,1,11,05,55,120,44,07,34,210,38,13,21,300,35,15,60,045,44*72
$GPGSV,3,2,11,18,12,090,30,20,48,270,41,24,08,180,28,30,29,330,37*77
$GPGSV,3,3,11,02,41,150,33,12,17,060,31,25,72,015,45*4C
$GPRMC,100338.00,A,3859.7632,N,10700.1189,W,6.06,235.0,080726,,,A*7A
$GPGGA,100339.00,3859.7622,N,10700.1206,W,1,11,0.90,2291.2,M,-18.0,M,,*54
$GPGSA,A,3,05,07,13,15,18,20,24,30,02,12,25,,1.7,0.9,1.4*34
$GPGSV,3,1,11,05,55,120,44,07,34,210,38,13,21,300,35,15,60,045,44*72
$GPGSV,3,2,11,18,12,090,30,20,48,270,41,24,08,180,28,30,29,330,37*77
$GPGSV,3,3,11,02,41,150,33,12,17,060,31,25,72,015,45*4C
$GPRMC,100339.00,A,3859.7622,N,10700.1206,W,6.05,235.0,080726,,,A*7D
$GPGGA,100340.00,3859.7612,N,10700.1224,W,1,11,0.90,2290.7,M,-18.0,M,,*5D
$GPGSA,A,3,05,07,13,15,18,20,24,30,02,12,25,,1.7,0.9,1.4*34
$GPGSV,3,1,11,05,55,120,44,07,34,210,38,13,21,300,35,15,60,045,44*72
$GPGSV,3,2,11,18,12,090,30,20,48,270,41,24,08,180,28,30,29,330,37*77
$GPGSV,3,3,11,02,41,150,33,12,17,060,31,25,72,015,45*4C
$GPRMC,100340.00,A,3859.7612,N,10700.1224,W,6.05,235.0,080726,,,A*70
$GPGGA,100341.00,3859.7603,N,10700.1242,W,1,11,0.90,2290.2,M,-18.0,M,,*59
$GPGSA,A,3,05,07,13,15,18,20,24,30,02,12,25,,1.7,0.9,1.4*34
$GPGSV,3,1,11,05,55,120,44,07,34,210,38,13,21,300,35,15,60,045,44*72
$GPGSV,3,2,11,18,12,090,30,20,48,270,41,24,08,180,28,30,29,330,37*77
$GPGSV,3,3,11,02,41,150,33,12,17,060,31,25,72,015,45*4C
$GPRMC,100341.00,A,3859.7603,N,10700.1242,W,6.04,235.0,080726,,,A*70
$GPGGA,100342.00,3859.7593,N,10700.1259,W,1,09,0.90,2289.6,M,-18.0,M,,*5F
$GPGSA,A,3,05,07,13,15,18,20,24,30,02,,,,1.7,0.9,1.4*30
$GPGSV,3,1,09,05,55,120,44,07,34,210,38,13,21,300,35,15,60,045,44*7B
$GPGSV,3,2,09,18,12,090,30,20,48,270,41,24,08,180,28,30,29,330,37*7E
$GPGSV,3,3,09,02,41,150,33*43
$GPRMC,100342.00,A,3859.7593,N,10700.1259,W,6.04,235.0,080726,,,A*73
$GPGGA,100343.00,3859.7583,N,10700.1277,W,1,09,0.90,2289.1,M,-18.0,M,,*54
$GPGSA,A,3,05,07,13,15,18,20,24,30,02,,,,1.7,0.9,1.4*30
$GPGSV,3,1,09,05,55,120,44,07,34,210,38,13,21,300,35,15,60,045,44*7B
$GPGSV,3,2,09,18,12,090,30,20,48,270,41,24,08,180,28,30,29,330,37*7E
$GPGSV,3,3,09,02,41,150,33*43
$GPRMC,100343.00,A,3859.7583,N,10700.1277,W,6.03,235.0,080726,,,A*78
$GPGGA,100344.00,3859.7574,N,10700.1295,W,1,09,0.90,2288.5,M,-18.0,M,,*52
$GPGSA,A,3,05,07,13,15,18,20,24,30,02,,,,1.7,0.9,1.4*30
$GPGSV,3,1,09,05,55,120,44,07,34,210,38,13,21,300,35,15,60,045,44*7B
$GPGSV,3,2,09,18,12,090,30,20,48,270,41,24,08,180,28,30,29,330,37*7E
$GPGSV,3,3,09,02,41,150,33*43
$GPRMC,100344.00,A,3859.7574,N,10700.1295,W,6.02,235.0,080726,,,A*7A
$GPGGA,100345.00,3859.7564,N,10700.1312,W,1,09,0.90,2288.0,M,-18.0,M,,*59
$GPGSA,A,3,05,07,13,15,18,20,24,30,02,,,,1.7,0.9,1.4*30
$GPGSV,3,1,09,05,55,120,44,07,34,210,38,13,21,300,35,15,60,045,44*7B
$GPGSV,3,2,09,18,12,090,30,20,48,270,41,24,08,180,28,30,29,330,37*7E
$GPGSV,3,3,09,02,41,150,33*43
$GPRMC,100345.00,A,3859.7564,N,10700.1312,W,6.02,180.0,080726,,,A*79
$GPGGA,100346.00,3859.7548,N,10700.1312,W,1,09,0.90,2287.5,M,-18.0,M,,*5E
$GPGSA,A,3,05,07,13,15,18,20,24,30,02,,,,1.7,0.9,1.4*30
$GPGSV,3,1,09,05,55,120,44,07,34,210,38,13,21,300,35,15,60,045,44*7B
$GPGSV,3,2,09,18,12,090,30,20,48,270,41,24,08,180,28,30,29,330,37*7E
$GPGSV,3,3,09,02,41,150,33*43
$GPRMC,100346.00,A,3859.7548,N,10700.1312,W,6.01,166.2,080726,,,A*7D
$GPGGA,100347.00,3859.7531,N,10700.1307,W,1,09,0.90,2286.9,M,-18.0,M,,*58
$GPGSA,A,3,05,07,13,15,18,20,24,30,02,,,,1.7,0.9,1.4*30
$GPGSV,3,1,09,05,55,120,44,07,34,210,38,13,21,300,35,15,60,045,44*7B
$GPGSV,3,2,09,18,12,090,30,20,48,270,41,24,08,180,28,30,29,330,37*7E
$GPGSV,3,3,09,02,41,150,33*43
$GPRMC,100347.00,A,3859.7531,N,10700.1307,W,6.01,152.5,080726,,,A*76
$GPGGA,100348.00,3859.7517,N,10700.1297,W,1,09,0.90,2286.4,M,-18.0,M,,*56
$GPGSA,A,3,05,07,13,15,18,20,24,30,02,,,,1.7,0.9,1.4*30
$GPGSV,3,1,09,05,55,120,44,07,34,210,38,13,21,300,35,15,60,045,44*7B
$GPGSV,3,2,09,18,12,090,30,20,48,270,41,24,08,180,28,30,29,330,37*7E
$GPGSV,3,3,09,02,41,150,33*43
$GPRMC,100348.00,A,3859.7517,N,10700.1297,W,6.00,138.8,080726,,,A*75
$GPGGA,100349.00,3859.7504,N,10700.1283,W,1,09,0.90,2285.8,M,-18.0,M,,*5F
$GPGSA,A,3,05,07,13,15,18,20,24,30,02,,,,1.7,0.9,1.4*30
$GPGSV,3,1,09,05,55,120,44,07,34,210,38,13,21,300,35,15,60,045,44*7B
$GPGSV,3,2,09,18,12,090,30,20,48,270,41,24,08,180,28,30,29,330,37*7E
$GPGSV,3,3,09,02,41,150,33*43
$GPRMC,100349.00,A,3859.7504,N,10700.1283,W,6.00,125.0,080726,,,A*77
$GPGGA,100350.00,3859.7495,N,10700.1266,W,1,09,0.90,2285.3,M,-18.0,M,,*5E
$GPGSA,A,3,05,07,13,15,18,20,24,30,02,,,,1.7,0.9,1.4*30
$GPGSV,3,1,09,05,55,120,44,07,34,210,38,13,21,300,35,15,60,045,44*7B
$GPGSV,3,2,09,18,12,090,30,20,48,270,41,24,08,180,28,30,29,330,37*7E
$GPGSV,3,3,09,02,41,150,33*43
$GPRMC,100350.00,A,3859.7495,N,10700.1266,W,6.00,125.0,080726,,,A*7D
$GPGGA,100351.00,3859.7485,N,10700.1248,W,1,09,0.90,2284.7,M,-18.0,M,,*57
$GPGSA,A,3,05,07,13,15,18,20,24,30,02,,,,1.7,0.9,1.4*30
$GPGSV,3,1,09,05,55,120,44,07,34,210,38,13,21,300,35,15,60,045,44*7B
$GPGSV,3,2,09,18,12,090,30,20,48,270,41,24,08,180,28,30,29,330,37*7E
$GPGSV,3,3,09,02,41,150,33*43
$GPRMC,100351.00,A,3859.7485,N,10700.1248,W,5.99,125.0,080726,,,A*72
$GPGGA,100352.00,3859.7476,N,10700.1231,W,1,09,0.90,2284.2,M,-18.0,M,,*53
$GPGSA,A,3,05,07,13,15,18,20,24,30,02,,,,1.7,0.9,1.4*30
$GPGSV,3,1,09,05,55,120,44,07,34,210,38,13,21,300,35,15,60,045,44*7B
$GPGSV,3,2,09,18,12,090,30,20,48,270,41,24,08,180,28,30,29,330,37*7E
$GPGSV,3,3,09,02,41,150,33*43
$GPRMC,100352.00,A,3859.7476,N,10700.1231,W,5.99,125.0,080726,,,A*73
$GPGGA,100353.00,3859.7466,N,10700.1213,W,1,09,0.90,2283.6,M,-18.0,M,,*50
$GPGSA,A,3,05,07,13,15,18,20,24,30,02,,,,1.7,0.9,1.4*30
$GPGSV,3,1,09,05,55,120,44,07,34,210,38,13,21,300,35,15,60,045,44*7B
$GPGSV,3,2,09,18,12,090,30,20,48,270,41,24,08,180,28,30,29,330,37*7E
$GPGSV,3,3,09,02,41,150,33*43
$GPRMC,100353.00,A,3859.7466,N,10700.1213,W,5.98,125.0,080726,,,A*72
$GPGGA,100354.00,3859.7456,N,10700.1196,W,1,09,0.90,2283.1,M,-18.0,M,,*5D
$GPGSA,A,3,05,07,13,15,18,20,24,30,02,,,,1.7,0.9,1.4*30
$GPGSV,3,1,09,05,55,120,44,07,34,210,38,13,21,300,35,15,60,045,44*7B
$GPGSV,3,2,09,18,12,090,30,20,48,270,41,24,08,180,28,30,29,330,37*7E
$GPGSV,3,3,09,02,41,150,33*43
$GPRMC,100354.00,A,3859.7456,N,10700.1196,W,5.98,125.0,080726,,,A*78
$GPGGA,100355.00,3859.7447,N,10700.1178,W,1,09,0.90,2282.5,M,-18.0,M,,*59
$GPGSA,A,3,05,07,13,15,18,20,24,30,02,,,,1.7,0.9,1.4*30
$GPGSV,3,1,09,05,55,120,44,07,34,210,38,13,21,300,35,15,60,045,44*7B
$GPGSV,3,2,09,18,12,090,30,20,48,270,41,24,08,180,28,30,29,330,37*7E
$GPGSV,3,3,09,02,41,150,33*43
$GPRMC,100355.00,A,3859.7447,N,10700.1178,W,5.97,125.0,080726,,,A*76
$GPGGA,100356.00,3859.7437,N,10700.1161,W,1,09,0.90,2282.0,M,-18.0,M,,*50
$GPGSA,A,3,05,07,13,15,18,20,24,30,02,,,,1.7,0.9,1.4*30
$GPGSV,3,1,09,05,55,120,44,07,34,210,38,13,21,300,35,15,60,045,44*7B
$GPGSV,3,2,09,18,12,090,30,20,48,270,41,24,08,180,28,30,29,330,37*7E
$GPGSV,3,3,09,02,41,150,33*43
$GPRMC,100356.00,A,3859.7437,N,10700.1161,W,5.97,125.0,080726,,,A*7A
$GPGGA,100357.00,3859.7428,N,10700.1143,W,1,09,0.90,2281.4,M,-18.0,M,,*58
$GPGSA,A,3,05,07,13,15,18,20,24,30,02,,,,1.7,0.9,1.4*30
$GPGSV,3,1,09,05,55,120,44,07,34,210,38,13,21,300,35,15,60,045,44*7B
$GPGSV,3,2,09,18,12,090,30,20,48,270,41,24,08,180,28,30,29,330,37*7E
$GPGSV,3,3,09,02,41,150,33*43
$GPRMC,100357.00,A,3859.7428,N,10700.1143,W,5.97,125.0,080726,,,A*75
$GPGGA,100358.00,3859.7418,N,10700.1126,W,1,09,0.90,2280.9,M,-18.0,M,,*5B
$GPGSA,A,3,05,07,13,15,18,20,24,30,02,,,,1.7,0.9,1.4*30
$GPGSV,3,1,09,05,55,120,44,07,34,210,38,13,21,300,35,15,60,045,44*7B
$GPGSV,3,2,09,18,12,090,30,20,48,270,41,24,08,180,28,30,29,330,37*7E
$GPGSV,3,3,09,02,41,150,33*43
$GPRMC,100358.00,A,3859.7418,N,10700.1126,W,5.96,125.0,080726,,,A*7B
$GPGGA,100359.00,3859.7409,N,10700.1108,W,1,09,0.90,2280.3,M,-18.0,M,,*5C
$GPGSA,A,3,05,07,13,15,18,20,24,30,02,,,,1.7,0.9,1.4*30
$GPGSV,3,1,09,05,55,120,44,07,34,210,38,13,21,300,35,15,60,045,44*7B
$GPGSV,3,2,09,18,12,090,30,20,48,270,41,24,08,180,28,30,29,330,37*7E
$GPGSV,3,3,09,02,41,150,33*43
$GPRMC,100359.00,A,3859.7409,N,10700.1108,W,5.96,125.0,080726,,,A*76
$GPGGA,100400.00,3859.7400,N,10700.1091,W,1,09,0.90,2279.8,M,-18.0,M,,*52
$GPGSA,A,3,05,07,13,15,18,20,24,30,02,,,,1.7,0.9,1.4*30
$GPGSV,3,1,09,05,55,120,44,07,34,210,38,13,21,300,35,15,60,045,44*7B
$GPGSV,3,2,09,18,12,090,30,20,48,270,41,24,08,180,28,30,29,330,37*7E
$GPGSV,3,3,09,02,41,150,33*43
$GPRMC,100400.00,A,3859.7400,N,10700.1091,W,5.96,125.0,080726,,,A*75
$GPGGA,100401.00,3859.7390,N,10700.1074,W,1,09,0.90,2279.2,M,-18.0,M,,*5C
$GPGSA,A,3,05,07,13,15,18,20,24,30,02,,,,1.7,0.9,1.4*30
$GPGSV,3,1,09,05,55,120,44,07,34,210,38,13,21,300,35,15,60,045,44*7B
$GPGSV,3,2,09,18,12,090,30,20,48,270,41,24,08,180,28,30,29,330,37*7E
$GPGSV,3,3,09,02,41,150,33*43
$GPRMC,100401.00,A,3859.7390,N,10700.1074,W,5.96,125.0,080726,,,A*71
$GPGGA,100402.00,3859.7381,N,10700.1056,W,1,09,0.90,2278.7,M,-18.0,M,,*5B
$GPGSA,A,3,05,07,13,15,18,20,24,30,02,,,,1.7,0.9,1.4*30
$GPGSV,3,1,09,05,55,120,44,07,34,210,38,13,21,300,35,15,60,045,44*7B
$GPGSV,3,2,09,18,12,090,30,20,48,270,41,24,08,180,28,30,29,330,37*7E
$GPGSV,3,3,09,02,41,150,33*43
$GPRMC,100402.00,A,3859.7381,N,10700.1056,W,5.95,125.0,080726,,,A*71
$GPGGA,100403.00,3859.7371,N,10700.1039,W,1,09,0.90,2278.2,M,-18.0,M,,*59
$GPGSA,A,3,05,07,13,15,18,20,24,30,02,,,,1.7,0.9,1.4*30
$GPGSV,3,1,09,05,55,120,44,07,34,210,38,13,21,300,35,15,60,045,44*7B
$GPGSV,3,2,09,18,12,090,30,20,48,270,41,24,08,180,28,30,29,330,37*7E
$GPGSV,3,3,09,02,41,150,33*43
$GPRMC,100403.00,A,3859.7371,N,10700.1039,W,5.95,125.0,080726,,,A*76
$GPGGA,100404.00,3859.7362,N,10700.1021,W,1,09,0.90,2277.6,M,-18.0,M,,*5E
$GPGSA,A,3,05,07,13,15,18,20,24,30,02,,,,1.7,0.9,1.4*30
$GPGSV,3,1,09,05,55,120,44,07,34,210,38,13,21,300,35,15,60,045,44*7B
$GPGSV,3,2,09,18,12,090,30,20,48,270,41,24,08,180,28,30,29,330,37*7E
$GPGSV,3,3,09,02,41,150,33*43
$GPRMC,100404.00,A,3859.7362,N,10700.1021,W,5.95,125.0,080726,,,A*7A
$GPGGA,100405.00,3859.7352,N,10700.1004,W,1,09,0.90,2277.1,M,-18.0,M,,*5C
$GPGSA,A,3,05,07,13,15,18,20,24,30,02,,,,1.7,0.9,1.4*30
$GPGSV,3,1,09,05,55,120,44,07,34,210,38,13,21,300,35,15,60,045,44*7B
$GPGSV,3,2,09,18,12,090,30,20,48,270,41,24,08,180,28,30,29,330,37*7E
$GPGSV,3,3,09,02,41,150,33*43
$GPRMC,100405.00,A,3859.7352,N,10700.1004,W,5.94,125.0,080726,,,A*7E
$GPGGA,100406.00,3859.7343,N,10700.0987,W,1,09,0.90,2276.5,M,-18.0,M,,*59
$GPGSA,A,3,05,07,13,15,18,20,24,30,02,,,,1.7,0.9,1.4*30
$GPGSV,3,1,09,05,55,120,44,07,34,210,38,13,21,300,35,15,60,045,44*7B
$GPGSV,3,2,09,18,12,090,30,20,48,270,41,24,08,180,28,30,29,330,37*7E
$GPGSV,3,3,09,02,41,150,33*43
$GPRMC,100406.00,A,3859.7343,N,10700.0987,W,5.94,125.0,080726,,,A*7E
$GPGGA,100407.00,3859.7333,N,10700.0969,W,1,09,0.90,2276.0,M,-18.0,M,,*5A
$GPGSA,A,3,05,07,13,15,18,20,24,30,02,,,,1.7,0.9,1.4*30
$GPGSV,3,1,09,05,55,120,44,07,34,210,38,13,21,300,35,15,60,045,44*7B
$GPGSV,3,2,09,18,12,090,30,20,48,270,41,24,08,180,28,30,29,330,37*7E
$GPGSV,3,3,09,02,41,150,33*43
$GPRMC,100407.00,A,3859.7333,N,10700.0969,W,5.94,125.0,080726,,,A*78
$GPGGA,100408.00,3859.7324,N,10700.0952,W,1,09,0.90,2275.4,M,-18.0,M,,*5C
$GPGSA,A,3,05,07,13,15,18,20,24,30,02,,,,1.7,0.9,1.4*30
$GPGSV,3,1,09,05,55,120,44,07,34,210,38,13,21,300,35,15,60,045,44*7B
$GPGSV,3,2,09,18,12,090,30,20,48,270,41,24,08,180,28,30,29,330,37*7E
$GPGSV,3,3,09,02,41,150,33*43
$GPRMC,100408.00,A,3859.7324,N,10700.0952,W,5.94,125.0,080726,,,A*79
$GPGGA,100409.00,3859.7314,N,10700.0935,W,1,09,0.90,2274.9,M,-18.0,M,,*53
$GPGSA,A,3,05,07,13,15,18,20,24,30,02,,,,1.7,0.9,1.4*30
$GPGSV,3,1,09,05,55,120,44,07,34,210,38,13,21,300,35,15,60,045,44*7B
$GPGSV,3,2,09,18,12,090,30,20,48,270,41,24,08,180,28,30,29,330,37*7E
$GPGSV,3,3,09,02,41,150,33*43
$GPRMC,100409.00,A,3859.7314,N,10700.0935,W,5.94,125.0,080726,,,A*7A
$GPGGA,100410.00,3859.7305,N,10700.0917,W,1,09,0.90,2274.3,M,-18.0,M,,*51
$GPGSA,A,3,05,07,13,15,18,20,24,30,02,,,,1.7,0.9,1.4*30
$GPGSV,3,1,09,05,55,120,44,07,34,210,38,13,21,300,35,15,60,045,44*7B
$GPGSV,3,2,09,18,12,090,30,20,48,270,41,24,08,180,28,30,29,330,37*7E
$GPGSV,3,3,09,02,41,150,33*43
$GPRMC,100410.00,A,3859.7305,N,10700.0917,W,5.94,125.0,080726,,,A*72
$GPGGA,100411.00,3859.7296,N,10700.0900,W,1,09,0.90,2273.8,M,-18.0,M,,*51
$GPGSA,A,3,05,07,13,15,18,20,24,30,02,,,,1.7,0.9,1.4*30
$GPGSV,3,1,09,05,55,120,44,07,34,210,38,13,21,300,35,15,60,045,44*7B
$GPGSV,3,2,09,18,12,090,30,20,48,270,41,24,08,180,28,30,29,330,37*7E
$GPGSV,3,3,09,02,41,150,33*43
$GPRMC,100411.00,A,3859.7296,N,10700.0900,W,5.93,125.0,080726,,,A*79
$GPGGA,100412.00,3859.7286,N,10700.0882,W,1,09,0.90,2273.3,M,-18.0,M,,*53
$GPGSA,A,3,05,07,13,15,18,20,24,30,02,,,,1.7,0.9,1.4*30
$GPGSV,3,1,09,05,55,120,44,07,34,210,38,13,21,300,35,15,60,045,44*7B
$GPGSV,3,2,09,18,12,090,30,20,48,270,41,24,08,180,28,30,29,330,37*7E
$GPGSV,3,3,09,02,41,150,33*43
$GPRMC,100412.00,A,3859.7286,N,10700.0882,W,5.93,125.0,080726,,,A*70
$GPGGA,100413.00,3859.7277,N,10700.0865,W,1,09,0.90,2272.7,M,-18.0,M,,*50
$GPGSA,A,3,05,07,13,15,18,20,24,30,02,,,,1.7,0.9,1.4*30
$GPGSV,3,1,09,05,55,120,44,07,34,210,38,13,21,300,35,15,60,045,44*7B
$GPGSV,3,2,09,18,12,090,30,20,48,270,41,24,08,180,28,30,29,330,37*7E
$GPGSV,3,3,09,02,41,150,33*43
$GPRMC,100413.00,A,3859.7277,N,10700.0865,W,5.93,125.0,080726,,,A*76
$GPGGA,100414.00,3859.7267,N,10700.0848,W,1,09,0.90,2272.2,M,-18.0,M,,*5C
$GPGSA,A,3,05,07,13,15,18,20,24,30,02,,,,1.7,0.9,1.4*30
$GPGSV,3,1,09,05,55,120,44,07,34,210,38,13,21,300,35,15,60,045,44*7B
$GPGSV,3,2,09,18,12,090,30,20,48,270,41,24,08,180,28,30,29,330,37*7E
$GPGSV,3,3,09,02,41,150,33*43
$GPRMC,100414.00,A,3859.7267,N,10700.0848,W,5.93,125.0,080726,,,A*7F
$GPGGA,100415.00,3859.7258,N,10700.0830,W,1,09,0.90,2271.7,M,-18.0,M,,*58
$GPGSA,A,3,05,07,13,15,18,20,24,30,02,,,,1.7,0.9,1.4*30
$GPGSV,3,1,09,05,55,120,44,07,34,210,38,13,21,300,35,15,60,045,44*7B
$GPGSV,3,2,09,18,12,090,30,20,48,270,41,24,08,180,28,30,29,330,37*7E
$GPGSV,3,3,09,02,41,150,33*43
$GPRMC,100415.00,A,3859.7258,N,10700.0830,W,5.93,125.0,080726,,,A*7D
$GPGGA,100416.00,3859.7248,N,10700.0813,W,1,09,0.90,2271.1,M,-18.0,M,,*5D
$GPGSA,A,3,05,07,13,15,18,20,24,30,02,,,,1.7,0.9,1.4*30
$GPGSV,3,1,09,05,55,120,44,07,34,210,38,13,21,300,35,15,60,045,44*7B
$GPGSV,3,2,09,18,12,090,30,20,48,270,41,24,08,180,28,30,29,330,37*7E
$GPGSV,3,3,09,02,41,150,33*43
$GPRMC,100416.00,A,3859.7248,N,10700.0813,W,5.93,125.0,080726,,,A*7E
$GPGGA,100417.00,3859.7239,N,10700.0796,W,1,09,0.90,2270.6,M,-18.0,M,,*5E
$GPGSA,A,3,05,07,13,15,18,20,24,30,02,,,,1.7,0.9,1.4*30
$GPGSV,3,1,09,05,55,120,44,07,34,210,38,13,21,300,35,15,60,045,44*7B
$GPGSV,3,2,09,18,12,090,30,20,48,270,41,24,08,180,28,30,29,330,37*7E
$GPGSV,3,3,09,02,41,150,33*43
$GPRMC,100417.00,A,3859.7239,N,10700.0796,W,5.93,125.0,080726,,,A*7B
$GPGGA,100418.00,3859.7229,N,10700.0778,W,1,09,0.90,2270.1,M,-18.0,M,,*57
$GPGSA,A,3,05,07,13,15,18,20,24,30,02,,,,1.7,0.9,1.4*30
$GPGSV,3,1,09,05,55,120,44,07,34,210,38,13,21,300,35,15,60,045,44*7B
$GPGSV,3,2,09,18,12,090,30,20,48,270,41,24,08,180,28,30,29,330,37*7E
$GPGSV,3,3,09,02,41,150,33*43
$GPRMC,100418.00,A,3859.7229,N,10700.0778,W,5.93,125.0,080726,,,A*75
$GPGGA,100419.00,3859.7220,N,10700.0761,W,1,10,0.90,2269.5,M,-18.0,M,,*53
$GPGSA,A,3,05,07,13,15,18,20,24,30,02,12,,,1.7,0.9,1.4*33
$GPGSV,3,1,10,05,55,120,44,07,34,210,38,13,21,300,35,15,60,045,44*73
$GPGSV,3,2,10,18,12,090,30,20,48,270,41,24,08,180,28,30,29,330,37*76
$GPGSV,3,3,10,02,41,150,33,12,17,060,31*7A
$GPRMC,100419.00,A,3859.7220,N,10700.0761,W,5.93,125.0,080726,,,A*75
$GPGGA,100420.00,3859.7211,N,10700.0744,W,1,10,0.90,2269.0,M,-18.0,M,,*59
$GPGSA,A,3,05,07,13,15,18,20,24,30,02,12,,,1.7,0.9,1.4*33
$GPGSV,3,1,10,05,55,120,44,07,34,210,38,13,21,300,35,15,60,045,44*73
$GPGSV,3,2,10,18,12,090,30,20,48,270,41,24,08,180,28,30,29,330,37*76
$GPGSV,3,3,10,02,41,150,33,12,17,060,31*7A
$GPRMC,100420.00,A,3859.7211,N,10700.0744,W,5.93,125.0,080726,,,A*7A
$GPGGA,100421.00,3859.7201,N,10700.0726,W,1,10,0.90,2268.5,M,-18.0,M,,*59
$GPGSA,A,3,05,07,13,15,18,20,24,30,02,12,,,1.7,0.9,1.4*33
$GPGSV,3,1,10,05,55,120,44,07,34,210,38,13,21,300,35,15,60,045,44*73
$GPGSV,3,2,10,18,12,090,30,20,48,270,41,24,08,180,28,30,29,330,37*76
$GPGSV,3,3,10,02,41,150,33,12,17,060,31*7A
$GPRMC,100421.00,A,3859.7201,N,10700.0726,W,5.93,125.0,080726,,,A*7E
$GPGGA,100422.00,3859.7192,N,10700.0709,W,1,10,0.90,2268.0,M,-18.0,M,,*5B
$GPGSA,A,3,05,07,13,15,18,20,24,30,02,12,,,1.7,0.9,1.4*33
$GPGSV,3,1,10,05,55,120,44,07,34,210,38,13,21,300,35,15,60,045,44*73
$GPGSV,3,2,10,18,12,090,30,20,48,270,41,24,08,180,28,30,29,330,37*76
$GPGSV,3,3,10,02,41,150,33,12,17,060,31*7A
$GPRMC,100422.00,A,3859.7192,N,10700.0709,W,5.93,125.0,080726,,,A*79
$GPGGA,100423.00,3859.7182,N,10700.0692,W,1,10,0.90,2267.4,M,-18.0,M,,*53
$GPGSA,A,3,05,07,13,15,18,20,24,30,02,12,,,1.7,0.9,1.4*33
$GPGSV,3,1,10,05,55,120,44,07,34,210,38,13,21,300,35,15,60,045,44*73
$GPGSV,3,2,10,18,12,090,30,20,48,270,41,24,08,180,28,30,29,330,37*76
$GPGSV,3,3,10,02,41,150,33,12,17,060,31*7A
$GPRMC,100423.00,A,3859.7182,N,10700.0692,W,5.93,125.0,080726,,,A*7A
$GPGGA,100424.00,3859.7173,N,10700.0675,W,1,10,0.90,2266.9,M,-18.0,M,,*5F
$GPGSA,A,3,05,07,13,15,18,20,24,30,02,12,,,1.7,0.9,1.4*33
$GPGSV,3,1,10,05,55,120,44,07,34,210,38,13,21,300,35,15,60,045,44*73
$GPGSV,3,2,10,18,12,090,30,20,48,270,41,24,08,180,28,30,29,330,37*76
$GPGSV,3,3,10,02,41,150,33,12,17,060,31*7A
$GPRMC,100424.00,A,3859.7173,N,10700.0675,W,5.93,125.0,080726,,,A*7A
$GPGGA,100425.00,3859.7163,N,10700.0657,W,1,10,0.90,2266.4,M,-18.0,M,,*52
$GPGSA,A,3,05,07,13,15,18,20,24,30,02,12,,,1.7,0.9,1.4*33
$GPGSV,3,1,10,05,55,120,44,07,34,210,38,13,21,300,35,15,60,045,44*73
$GPGSV,3,2,10,18,12,090,30,20,48,270,41,24,08,180,28,30,29,330,37*76
$GPGSV,3,3,10,02,41,150,33,12,17,060,31*7A
$GPRMC,100425.00,A,3859.7163,N,10700.0657,W,5.93,125.0,080726,,,A*7A
$GPGGA,100426.00,3859.7154,N,10700.0640,W,1,10,0.90,2265.9,M,-18.0,M,,*5D
$GPGSA,A,3,05,07,13,15,18,20,24,30,02,12,,,1.7,0.9,1.4*33
$GPGSV,3,1,10,05,55,120,44,07,34,210,38,13,21,300,35,15,60,045,44*73
$GPGSV,3,2,10,18,12,090,30,20,48,270,41,24,08,180,28,30,29,330,37*76
$GPGSV,3,3,10,02,41,150,33,12,17,060,31*7A
$GPRMC,100426.00,A,3859.7154,N,10700.0640,W,5.93,125.0,080726,,,A*7B
$GPGGA,100427.00,3859.7145,N,10700.0623,W,1,10,0.90,2265.4,M,-18.0,M,,*54
$GPGSA,A,3,05,07,13,15,18,20,24,30,02,12,,,1.7,0.9,1.4*33
$GPGSV,3,1,10,05,55,120,44,07,34,210,38,13,21,300,35,15,60,045,44*73
$GPGSV,3,2,10,18,12,090,30,20,48,270,41,24,08,180,28,30,29,330,37*76
$GPGSV,3,3,10,02,41,150,33,12,17,060,31*7A
$GPRMC,100427.00,A,3859.7145,N,10700.0623,W,5.93,125.0,080726,,,A*7F
$GPGGA,100428.00,3859.7135,N,10700.0605,W,1,10,0.90,2264.8,M,-18.0,M,,*55
$GPGSA,A,3,05,07,13,15,18,20,24,30,02,12,,,1.7,0.9,1.4*33
$GPGSV,3,1,10,05,55,120,44,07,34,210,38,13,21,300,35,15,60,045,44*73
$GPGSV,3,2,10,18,12,090,30,20,48,270,41,24,08,180,28,30,29,330,37*76
$GPGSV,3,3,10,02,41,150,33,12,17,060,31*7A
$GPRMC,100428.00,A,3859.7135,N,10700.0605,W,5.93,125.0,080726,,,A*73
$GPGGA,100429.00,3859.7126,N,10700.0588,W,1,10,0.90,2264.3,M,-18.0,M,,*5B
$GPGSA,A,3,05,07,13,15,18,20,24,30,02,12,,,1.7,0.9,1.4*33
$GPGSV,3,1,10,05,55,120,44,07,34,210,38,13,21,300,35,15,60,045,44*73
$GPGSV,3,2,10,18,12,090,30,20,48,270,41,24,08,180,28,30,29,330,37*76
$GPGSV,3,3,10,02,41,150,33,12,17,060,31*7A
$GPRMC,100429.00,A,3859.7126,N,10700.0588,W,5.94,125.0,080726,,,A*71
$GPGGA,100430.00,3859.7116,N,10700.0570,W,1,10,0.90,2263.8,M,-18.0,M,,*5B
$GPGSA,A,3,05,07,13,15,18,20,24,30,02,12,,,1.7,0.9,1.4*33
$GPGSV,3,1,10,05,55,120,44,07,34,210,38,13,21,300,35,15,60,045,44*73
$GPGSV,3,2,10,18,12,090,30,20,48,270,41,24,08,180,28,30,29,330,37*76
$GPGSV,3,3,10,02,41,150,33,12,17,060,31*7A
$GPRMC,100430.00,A,3859.7116,N,10700.0570,W,5.94,125.0,080726,,,A*7D
$GPGGA,100431.00,3859.7107,N,10700.0553,W,1,10,0.90,2263.3,M,-18.0,M,,*50
$GPGSA,A,3,05,07,13,15,18,20,24,30,02,12,,,1.7,0.9,1.4*33
$GPGSV,3,1,10,05,55,120,44,07,34,210,38,13,21,300,35,15,60,045,44*73
$GPGSV,3,2,10,18,12,090,30,20,48,270,41,24,08,180,28,30,29,330,37*76
$GPGSV,3,3,10,02,41,150,33,12,17,060,31*7A
$GPRMC,100431.00,A,3859.7107,N,10700.0553,W,5.94,125.0,080726,,,A*7D
$GPGGA,100432.00,3859.7097,N,10700.0536,W,1,10,0.90,2262.8,M,-18.0,M,,*52
$GPGSA,A,3,05,07,13,15,18,20,24,30,02,12,,,1.7,0.9,1.4*33
$GPGSV,3,1,10,05,55,120,44,07,34,210,38,13,21,300,35,15,60,045,44*73
$GPGSV,3,2,10,18,12,090,30,20,48,270,41,24,08,180,28,30,29,330,37*76
$GPGSV,3,3,10,02,41,150,33,12,17,060,31*7A
$GPRMC,100432.00,A,3859.7097,N,10700.0536,W,5.94,125.0,080726,,,A*75
$GPGGA,100433.00,3859.7088,N,10700.0518,W,1,10,0.90,2262.3,M,-18.0,M,,*5A
$GPGSA,A,3,05,07,13,15,18,20,24,30,02,12,,,1.7,0.9,1.4*33
$GPGSV,3,1,10,05,55,120,44,07,34,210,38,13,21,300,35,15,60,045,44*73
$GPGSV,3,2,10,18,12,090,30,20,48,270,41,24,08,180,28,30,29,330,37*76
$GPGSV,3,3,10,02,41,150,33,12,17,060,31*7A
$GPRMC,100433.00,A,3859.7088,N,10700.0518,W,5.94,125.0,080726,,,A*76
$GPGGA,100434.00,3859.7078,N,10700.0501,W,1,10,0.90,2261.8,M,-18.0,M,,*52
$GPGSA,A,3,05,07,13,15,18,20,24,30,02,12,,,1.7,0.9,1.4*33
$GPGSV,3,1,10,05,55,120,44,07,34,210,38,13,21,300,35,15,60,045,44*73
$GPGSV,3,2,10,18,12,090,30,20,48,270,41,24,08,180,28,30,29,330,37*76
$GPGSV,3,3,10,02,41,150,33,12,17,060,31*7A
$GPRMC,100434.00,A,3859.7078,N,10700.0501,W,5.95,125.0,080726,,,A*77
$GPGGA,100435.00,3859.7069,N,10700.0484,W,1,10,0.90,2261.3,M,-18.0,M,,*54
$GPGSA,A,3,05,07,13,15,18,20,24,30,02,12,,,1.7,0.9,1.4*33
$GPGSV,3,1,10,05,55,120,44,07,34,210,38,13,21,300,35,15,60,045,44*73
$GPGSV,3,2,10,18,12,090,30,20,48,270,41,24,08,180,28,30,29,330,37*76
$GPGSV,3,3,10,02,41,150,33,12,17,060,31*7A
$GPRMC,100435.00,A,3859.7069,N,10700.0484,W,5.95,125.0,080726,,,A*7A
$GPGGA,100436.00,3859.7060,N,10700.0466,W,1,10,0.90,2260.8,M,-18.0,M,,*58
$GPGSA,A,3,05,07,13,15,18,20,24,30,02,12,,,1.7,0.9,1.4*33
$GPGSV,3,1,10,05,55,120,44,07,34,210,38,13,21,300,35,15,60,045,44*73
$GPGSV,3,2,10,18,12,090,30,20,48,270,41,24,08,180,28,30,29,330,37*76
$GPGSV,3,3,10,02,41,150,33,12,17,060,31*7A
$GPRMC,100436.00,A,3859.7060,N,10700.0466,W,5.95,125.0,080726,,,A*7C
$GPGGA,100437.00,3859.7050,N,10700.0449,W,1,10,0.90,2260.3,M,-18.0,M,,*5C
$GPGSA,A,3,05,07,13,15,18,20,24,30,02,12,,,1.7,0.9,1.4*33
$GPGSV,3,1,10,05,55,120,44,07,34,210,38,13,21,300,35,15,60,045,44*73
$GPGSV,3,2,10,18,12,090,30,20,48,270,41,24,08,180,28,30,29,330,37*76
$GPGSV,3,3,10,02,41,150,33,12,17,060,31*7A
$GPRMC,100437.00,A,3859.7050,N,10700.0449,W,5.95,125.0,080726,,,A*73
$GPGGA,100438.00,3859.7041,N,10700.0431,W,1,10,0.90,2259.8,M,-18.0,M,,*5D
$GPGSA,A,3,05,07,13,15,18,20,24,30,02,12,,,1.7,0.9,1.4*33
$GPGSV,3,1,10,05,55,120,44,07,34,210,38,13,21,300,35,15,60,045,44*73
$GPGSV,3,2,10,18,12,090,30,20,48,270,41,24,08,180,28,30,29,330,37*76
$GPGSV,3,3,10,02,41,150,33,12,17,060,31*7A
$GPRMC,100438.00,A,3859.7041,N,10700.0431,W,5.96,125.0,080726,,,A*70
$GPGGA,100439.00,3859.7031,N,10700.0414,W,1,10,0.90,2259.3,M,-18.0,M,,*57
$GPGSA,A,3,05,07,13,15,18,20,24,30,02,12,,,1.7,0.9,1.4*33
$GPGSV,3,1,10,05,55,120,44,07,34,210,38,13,21,300,35,15,60,045,44*73
$GPGSV,3,2,10,18,12,090,30,20,48,270,41,24,08,180,28,30,29,330,37*76
$GPGSV,3,3,10,02,41,150,33,12,17,060,31*7A
$GPRMC,100439.00,A,3859.7031,N,10700.0414,W,5.96,125.0,080726,,,A*71
$GPGGA,100440.00,3859.7022,N,10700.0397,W,1,10,0.90,2258.8,M,-18.0,M,,*5D
$GPGSA,A,3,05,07,13,15,18,20,24,30,02,12,,,1.7,0.9,1.4*33
$GPGSV,3,1,10,05,55,120,44,07,34,210,38,13,21,300,35,15,60,045,44*73
$GPGSV,3,2,10,18,12,090,30,20,48,270,41,24,08,180,28,30,29,330,37*76
$GPGSV,3,3,10,02,41,150,33,12,17,060,31*7A
$GPRMC,100440.00,A,3859.7022,N,10700.0397,W,5.96,125.0,080726,,,A*71
$GPGGA,100441.00,3859.7012,N,10700.0379,W,1,10,0.90,2258.3,M,-18.0,M,,*54
$GPGSA,A,3,05,07,13,15,18,20,24,30,02,12,,,1.7,0.9,1.4*33
$GPGSV,3,1,10,05,55,120,44,07,34,210,38,13,21,300,35,15,60,045,44*73
$GPGSV,3,2,10,18,12,090,30,20,48,270,41,24,08,180,28,30,29,330,37*76
$GPGSV,3,3,10,02,41,150,33,12,17,060,31*7A
$GPRMC,100441.00,A,3859.7012,N,10700.0379,W,5.97,125.0,080726,,,A*72
$GPGGA,100442.00,3859.7003,N,10700.0362,W,1,10,0.90,2257.8,M,-18.0,M,,*59
$GPGSA,A,3,05,07,13,15,18,20,24,30,02,12,,,1.7,0.9,1.4*33
$GPGSV,3,1,10,05,55,120,44,07,34,210,38,13,21,300,35,15,60,045,44*73
$GPGSV,3,2,10,18,12,090,30,20,48,270,41,24,08,180,28,30,29,330,37*76
$GPGSV,3,3,10,02,41,150,33,12,17,060,31*7A
$GPRMC,100442.00,A,3859.7003,N,10700.0362,W,5.97,125.0,080726,,,A*7B
$GPGGA,100443.00,3859.6993,N,10700.0344,W,1,10,0.90,2257.4,M,-18.0,M,,*51
$GPGSA,A,3,05,07,13,15,18,20,24,30,02,12,,,1.7,0.9,1.4*33
$GPGSV,3,1,10,05,55,120,44,07,34,210,38,13,21,300,35,15,60,045,44*73
$GPGSV,3,2,10,18,12,090,30,20,48,270,41,24,08,180,28,30,29,330,37*76
$GPGSV,3,3,10,02,41,150,33,12,17,060,31*7A
$GPRMC,100443.00,A,3859.6993,N,10700.0344,W,5.97,125.0,080726,,,A*7F
$GPGGA,100444.00,3859.6984,N,10700.0327,W,1,10,0.90,2256.9,M,-18.0,M,,*59
$GPGSA,A,3,05,07,13,15,18,20,24,30,02,12,,,1.7,0.9,1.4*33
$GPGSV,3,1,10,05,55,120,44,07,34,210,38,13,21,300,35,15,60,045,44*73
$GPGSV,3,2,10,18,12,090,30,20,48,270,41,24,08,180,28,30,29,330,37*76
$GPGSV,3,3,10,02,41,150,33,12,17,060,31*7A
$GPRMC,100444.00,A,3859.6984,N,10700.0327,W,5.98,125.0,080726,,,A*74
$GPGGA,100445.00,3859.6974,N,10700.0309,W,1,10,0.90,2256.4,M,-18.0,M,,*56
$GPGSA,A,3,05,07,13,15,18,20,24,30,02,12,,,1.7,0.9,1.4*33
$GPGSV,3,1,10,05,55,120,44,07,34,210,38,13,21,300,35,15,60,045,44*73
$GPGSV,3,2,10,18,12,090,30,20,48,270,41,24,08,180,28,30,29,330,37*76
$GPGSV,3,3,10,02,41,150,33,12,17,060,31*7A
$GPRMC,100445.00,A,3859.6974,N,10700.0309,W,5.98,125.0,080726,,,A*76
$GPGGA,100446.00,3859.6965,N,10700.0292,W,1,10,0.90,2255.9,M,-18.0,M,,*58
$GPGSA,A,3,05,07,13,15,18,20,24,30,02,12,,,1.7,0.9,1.4*33
$GPGSV,3,1,10,05,55,120,44,07,34,210,38,13,21,300,35,15,60,045,44*73
$GPGSV,3,2,10,18,12,090,30,20,48,270,41,24,08,180,28,30,29,330,37*76
$GPGSV,3,3,10,02,41,150,33,12,17,060,31*7A
$GPRMC,100446.00,A,3859.6965,N,10700.0292,W,5.99,125.0,080726,,,A*77
$GPGGA,100447.00,3859.6955,N,10700.0274,W,1,10,0.90,2255.4,M,-18.0,M,,*5F
$GPGSA,A,3,05,07,13,15,18,20,24,30,02,12,,,1.7,0.9,1.4*33
$GPGSV,3,1,10,05,55,120,44,07,34,210,38,13,21,300,35,15,60,045,44*73
$GPGSV,3,2,10,18,12,090,30,20,48,270,41,24,08,180,28,30,29,330,37*76
$GPGSV,3,3,10,02,41,150,33,12,17,060,31*7A
$GPRMC,100447.00,A,3859.6955,N,10700.0274,W,5.99,125.0,080726,,,A*7D
$GPGGA,100448.00,3859.6946,N,10700.0257,W,1,10,0.90,2255.0,M,-18.0,M,,*57
$GPGSA,A,3,05,07,13,15,18,20,24,30,02,12,,,1.7,0.9,1.4*33
$GPGSV,3,1,10,05,55,120,44,07,34,210,38,13,21,300,35,15,60,045,44*73
$GPGSV,3,2,10,18,12,090,30,20,48,270,41,24,08,180,28,30,29,330,37*76
$GPGSV,3,3,10,02,41,150,33,12,17,060,31*7A
$GPRMC,100448.00,A,3859.6946,N,10700.0257,W,5.99,125.0,080726,,,A*71
$GPGGA,100449.00,3859.6936,N,10700.0239,W,1,10,0.90,2254.5,M,-18.0,M,,*5D
$GPGSA,A,3,05,07,13,15,18,20,24,30,02,12,,,1.7,0.9,1.4*33
$GPGSV,3,1,10,05,55,120,44,07,34,210,38,13,21,300,35,15,60,045,44*73
$GPGSV,3,2,10,18,12,090,30,20,48,270,41,24,08,180,28,30,29,330,37*76
$GPGSV,3,3,10,02,41,150,33,12,17,060,31*7A
$GPRMC,100449.00,A,3859.6936,N,10700.0239,W,6.00,125.0,080726,,,A*7C
$GPGGA,100450.00,3859.6927,N,10700.0222,W,1,10,0.90,2254.0,M,-18.0,M,,*5A
$GPGSA,A,3,05,07,13,15,18,20,24,30,02,12,,,1.7,0.9,1.4*33
$GPGSV,3,1,10,05,55,120,44,07,34,210,38,13,21,300,35,15,60,045,44*73
$GPGSV,3,2,10,18,12,090,30,20,48,270,41,24,08,180,28,30,29,330,37*76
$GPGSV,3,3,10,02,41,150,33,12,17,060,31*7A
$GPRMC,100450.00,A,3859.6927,N,10700.0222,W,6.00,125.0,080726,,,A*7E
$GPGGA,100451.00,3859.6917,N,10700.0204,W,1,10,0.90,2253.5,M,-18.0,M,,*5E
$GPGSA,A,3,05,07,13,15,18,20,24,30,02,12,,,1.7,0.9,1.4*33
$GPGSV,3,1,10,05,55,120,44,07,34,210,38,13,21,300,35,15,60,045,44*73
$GPGSV,3,2,10,18,12,090,30,20,48,270,41,24,08,180,28,30,29,330,37*76
$GPGSV,3,3,10,02,41,150,33,12,17,060,31*7A
$GPRMC,100451.00,A,3859.6917,N,10700.0204,W,6.01,125.0,080726,,,A*79
$GPGGA,100452.00,3859.6907,N,10700.0187,W,1,10,0.90,2253.1,M,-18.0,M,,*50
$GPGSA,A,3,05,07,13,15,18,20,24,30,02,12,,,1.7,0.9,1.4*33
$GPGSV,3,1,10,05,55,120,44,07,34,210,38,13,21,300,35,15,60,045,44*73
$GPGSV,3,2,10,18,12,090,30,20,48,270,41,24,08,180,28,30,29,330,37*76
$GPGSV,3,3,10,02,41,150,33,12,17,060,31*7A
$GPRMC,100452.00,A,3859.6907,N,10700.0187,W,6.01,125.0,080726,,,A*73
$GPGGA,100453.00,3859.6898,N,10700.0169,W,1,10,0.90,2252.6,M,-18.0,M,,*50
$GPGSA,A,3,05,07,13,15,18,20,24,30,02,12,,,1.7,0.9,1.4*33
$GPGSV,3,1,10,05,55,120,44,07,34,210,38,13,21,300,35,15,60,045,44*73
$GPGSV,3,2,10,18,12,090,30,20,48,270,41,24,08,180,28,30,29,330,37*76
$GPGSV,3,3,10,02,41,150,33,12,17,060,31*7A
$GPRMC,100453.00,A,3859.6898,N,10700.0169,W,6.02,125.0,080726,,,A*76
$GPGGA,100454.00,3859.6888,N,10700.0152,W,1,10,0.90,2252.1,M,-18.0,M,,*59
$GPGSA,A,3,05,07,13,15,18,20,24,30,02,12,,,1.7,0.9,1.4*33
$GPGSV,3,1,10,05,55,120,44,07,34,210,38,13,21,300,35,15,60,045,44*73
$GPGSV,3,2,10,18,12,090,30,20,48,270,41,24,08,180,28,30,29,330,37*76
$GPGSV,3,3,10,02,41,150,33,12,17,060,31*7A
$GPRMC,100454.00,A,3859.6888,N,10700.0152,W,6.02,125.0,080726,,,A*78
$GPGGA,100455.00,3859.6879,N,10700.0134,W,1,10,0.90,2251.7,M,-18.0,M,,*53
$GPGSA,A,3,05,07,13,15,18,20,24,30,02,12,,,1.7,0.9,1.4*33
$GPGSV,3,1,10,05,55,120,44,07,34,210,38,13,21,300,35,15,60,045,44*73
$GPGSV,3,2,10,18,12,090,30,20,48,270,41,24,08,180,28,30,29,330,37*76
$GPGSV,3,3,10,02,41,150,33,12,17,060,31*7A
$GPRMC,100455.00,A,3859.6879,N,10700.0134,W,6.03,125.0,080726,,,A*76
$GPGGA,100456.00,3859.6869,N,10700.0116,W,1,11,0.90,2251.2,M,-18.0,M,,*55
$GPGSA,A,3,05,07,13,15,18,20,24,30,02,12,25,,1.7,0.9,1.4*34
$GPGSV,3,1,11,05,55,120,44,07,34,210,38,13,21,300,35,15,60,045,44*72
$GPGSV,3,2,11,18,12,090,30,20,48,270,41,24,08,180,28,30,29,330,37*77
$GPGSV,3,3,11,02,41,150,33,12,17,060,31,25,72,015,45*4C
$GPRMC,100456.00,A,3859.6869,N,10700.0116,W,6.03,125.0,080726,,,A*74
$GPGGA,100457.00,3859.6860,N,10700.0099,W,1,11,0.90,2250.7,M,-18.0,M,,*5F
$GPGSA,A,3,05,07,13,15,18,20,24,30,02,12,25,,1.7,0.9,1.4*34
$GPGSV,3,1,11,05,55,120,44,07,34,210,38,13,21,300,35,15,60,045,44*72
$GPGSV,3,2,11,18,12,090,30,20,48,270,41,24,08,180,28,30,29,330,37*77
$GPGSV,3,3,11,02,41,150,33,12,17,060,31,25,72,015,45*4C
$GPRMC,100457.00,A,3859.6860,N,10700.0099,W,6.04,125.0,080726,,,A*7D
$GPGGA,100458.00,3859.6850,N,10700.0081,W,1,11,0.90,2250.3,M,-18.0,M,,*5E
$GPGSA,A,3,05,07,13,15,18,20,24,30,02,12,25,,1.7,0.9,1.4*34
$GPGSV,3,1,11,05,55,120,44,07,34,210,38,13,21,300,35,15,60,045,44*72
$GPGSV,3,2,11,18,12,090,30,20,48,270,41,24,08,180,28,30,29,330,37*77
$GPGSV,3,3,11,02,41,150,33,12,17,060,31,25,72,015,45*4C
$GPRMC,100458.00,A,3859.6850,N,10700.0081,W,6.04,125.0,080726,,,A*78
$GPGGA,100459.00,3859.6840,N,10700.0063,W,1,11,0.90,2249.8,M,-18.0,M,,*51
$GPGSA,A,3,05,07,13,15,18,20,24,30,02,12,25,,1.7,0.9,1.4*34
$GPGSV,3,1,11,05,55,120,44,07,34,210,38,13,21,300,35,15,60,045,44*72
$GPGSV,3,2,11,18,12,090,30,20,48,270,41,24,08,180,28,30,29,330,37*77
$GPGSV,3,3,11,02,41,150,33,12,17,060,31,25,72,015,45*4C
$GPRMC,100459.00,A,3859.6840,N,10700.0063,W,6.05,125.0,080726,,,A*75
$GPGGA,100500.00,3859.6831,N,10700.0046,W,1,04,3.10,2249.4,M,-18.0,M,,*5E
$GPGSA,A,2,05,07,13,15,,,,,,,,,4.6,3.1,2.6*33
$GPGSV,1,1,04,05,55,120,44,07,34,210,38,13,21,300,35,15,60,045,44*74
$GPRMC,100500.00,A,3859.6831,N,10700.0046,W,6.06,180.0,080726,,,A*75
$GPGGA,100501.00,3859.6814,N,10700.0046,W,1,04,3.10,2248.9,M,-18.0,M,,*54
$GPGSA,A,2,05,07,13,15,,,,,,,,,4.6,3.1,2.6*33
$GPGSV,1,1,04,05,55,120,44,07,34,210,38,13,21,300,35,15,60,045,44*74
$GPRMC,100501.00,A,3859.6814,N,10700.0046,W,6.06,193.8,080726,,,A*79
$GPGGA,100502.00,3859.6798,N,10700.0051,W,1,04,3.10,2248.4,M,-18.0,M,,*57
$GPGSA,A,2,05,07,13,15,,,,,,,,,4.6,3.1,2.6*33
$GPGSV,1,1,04,05,55,120,44,07,34,210,38,13,21,300,35,15,60,045,44*74
$GPRMC,100502.00,A,3859.6798,N,10700.0051,W,6.07,207.5,080726,,,A*75
$GPGGA,100503.00,3859.6783,N,10700.0061,W,1,03,4.20,2248.0,M,-18.0,M,,*58
$GPGSA,A,2,05,07,13,,,,,,,,,,5.7,4.2,3.7*33
$GPGSV,1,1,03,05,55,120,44,07,34,210,38,13,21,300,35*40
$GPRMC,100503.00,A,3859.6783,N,10700.0061,W,6.07,221.2,080726,,,A*7E
$GPGGA,100504.00,3859.6770,N,10700.0075,W,1,03,4.20,2247.5,M,-18.0,M,,*5C
$GPGSA,A,2,05,07,13,,,,,,,,,,5.7,4.2,3.7*33
$GPGSV,1,1,03,05,55,120,44,07,34,210,38,13,21,300,35*40
$GPRMC,100504.00,A,3859.6770,N,10700.0075,W,6.08,235.0,080726,,,A*78
$GPGGA,100505.00,3859.6760,N,10700.0093,W,1,04,3.10,2247.1,M,-18.0,M,,*53
$GPGSA,A,2,05,07,13,15,,,,,,,,,4.6,3.1,2.6*33
$GPGSV,1,1,04,05,55,120,44,07,34,210,38,13,21,300,35,15,60,045,44*74
$GPRMC,100505.00,A,3859.6760,N,10700.0093,W,6.09,235.0,080726,,,A*71
$GPGGA,100506.00,3859.6751,N,10700.0111,W,1,04,3.10,2246.6,M,-18.0,M,,*5F
$GPGSA,A,2,05,07,13,15,,,,,,,,,4.6,3.1,2.6*33
$GPGSV,1,1,04,05,55,120,44,07,34,210,38,13,21,300,35,15,60,045,44*74
$GPRMC,100506.00,A,3859.6751,N,10700.0111,W,6.09,235.0,080726,,,A*7B
$GPGGA,100507.00,3859.6741,N,10700.0129,W,1,11,0.90,2246.2,M,-18.0,M,,*5F
$GPGSA,A,3,05,07,13,15,18,20,24,30,02,12,25,,1.7,0.9,1.4*34
$GPGSV,3,1,11,05,55,120,44,07,34,210,38,13,21,300,35,15,60,045,44*72
$GPGSV,3,2,11,18,12,090,30,20,48,270,41,24,08,180,28,30,29,330,37*77
$GPGSV,3,3,11,02,41,150,33,12,17,060,31,25,72,015,45*4C
$GPRMC,100507.00,A,3859.6741,N,10700.0129,W,6.10,235.0,080726,,,A*78
$GPGGA,100508.00,3859.6731,N,10700.0146,W,1,11,0.90,2245.7,M,-18.0,M,,*58
$GPGSA,A,3,05,07,13,15,18,20,24,30,02,12,25,,1.7,0.9,1.4*34
$GPGSV,3,1,11,05,55,120,44,07,34,210,38,13,21,300,35,15,60,045,44*72
$GPGSV,3,2,11,18,12,090,30,20,48,270,41,24,08,180,28,30,29,330,37*77
$GPGSV,3,3,11,02,41,150,33,12,17,060,31,25,72,015,45*4C
$GPRMC,100508.00,A,3859.6731,N,10700.0146,W,6.11,235.0,080726,,,A*78
$GPGGA,100509.00,3859.6722,N,10700.0164,W,1,11,0.90,2245.3,M,-18.0,M,,*5F
$GPGSA,A,3,05,07,13,15,18,20,24,30,02,12,25,,1.7,0.9,1.4*34
$GPGSV,3,1,11,05,55,120,44,07,34,210,38,13,21,300,35,15,60,045,44*72
$GPGSV,3,2,11,18,12,090,30,20,48,270,41,24,08,180,28,30,29,330,37*77
$GPGSV,3,3,11,02,41,150,33,12,17,060,31,25,72,015,45*4C
$GPRMC,100509.00,A,3859.6722,N,10700.0164,W,6.11,235.0,080726,,,A*7B
$GPGGA,100510.00,3859.6712,N,10700.0182,W,1,11,0.90,2244.8,M,-18.0,M,,*56
$GPGSA,A,3,05,07,13,15,18,20,24,30,02,12,25,,1.7,0.9,1.4*34
$GPGSV,3,1,11,05,55,120,44,07,34,210,38,13,21,300,35,15,60,045,44*72
$GPGSV,3,2,11,18,12,090,30,20,48,270,41,24,08,180,28,30,29,330,37*77
$GPGSV,3,3,11,02,41,150,33,12,17,060,31,25,72,015,45*4C
$GPRMC,100510.00,A,3859.6712,N,10700.0182,W,6.12,235.0,080726,,,A*7B
$GPGGA,100511.00,3859.6702,N,10700.0200,W,1,11,0.90,2244.3,M,-18.0,M,,*54
$GPGSA,A,3,05,07,13,15,18,20,24,30,02,12,25,,1.7,0.9,1.4*34
$GPGSV,3,1,11,05,55,120,44,07,34,210,38,13,21,300,35,15,60,045,44*72
$GPGSV,3,2,11,18,12,090,30,20,48,270,41,24,08,180,28,30,29,330,37*77
$GPGSV,3,3,11,02,41,150,33,12,17,060,31,25,72,015,45*4C
$GPRMC,100511.00,A,3859.6702,N,10700.0200,W,6.13,235.0,080726,,,A*73
$GPGGA,100512.00,3859.6692,N,10700.0218,W,1,11,0.90,2243.9,M,-18.0,M,,*5B
$GPGSA,A,3,05,07,13,15,18,20,24,30,02,12,25,,1.7,0.9,1.4*34
$GPGSV,3,1,11,05,55,120,44,07,34,210,38,13,21,300,35,15,60,045,44*72
$GPGSV,3,2,11,18,12,090,30,20,48,270,41,24,08,180,28,30,29,330,37*77
$GPGSV,3,3,11,02,41,150,33,12,17,060,31,25,72,015,45*4C
$GPRMC,100512.00,A,3859.6692,N,10700.0218,W,6.14,235.0,080726,,,A*76
$GPGGA,100513.00,3859.6683,N,10700.0236,W,1,11,0.90,2243.4,M,-18.0,M,,*5B
$GPGSA,A,3,05,07,13,15,18,20,24,30,02,12,25,,1.7,0.9,1.4*34
$GPGSV,3,1,11,05,55,120,44,07,34,210,38,13,21,300,35,15,60,045,44*72
$GPGSV,3,2,11,18,12,090,30,20,48,270,41,24,08,180,28,30,29,330,37*77
$GPGSV,3,3,11,02,41,150,33,12,17,060,31,25,72,015,45*4C
$GPRMC,100513.00,A,3859.6683,N,10700.0236,W,6.14,235.0,080726,,,A*7B
$GPGGA,100514.00,3859.6673,N,10700.0254,W,1,11,0.90,2243.0,M,-18.0,M,,*53
$GPGSA,A,3,05,07,13,15,18,20,24,30,02,12,25,,1.7,0.9,1.4*34
$GPGSV,3,1,11,05,55,120,44,07,34,210,38,13,21,300,35,15,60,045,44*72
$GPGSV,3,2,11,18,12,090,30,20,48,270,41,24,08,180,28,30,29,330,37*77
$GPGSV,3,3,11,02,41,150,33,12,17,060,31,25,72,015,45*4C
$GPRMC,100514.00,A,3859.6673,N,10700.0254,W,6.15,235.0,080726,,,A*76
$GPGGA,100515.00,3859.6663,N,10700.0272,W,1,11,0.90,2242.5,M,-18.0,M,,*53
$GPGSA,A,3,05,07,13,15,18,20,24,30,02,12,25,,1.7,0.9,1.4*34
$GPGSV,3,1,11,05,55,120,44,07,34,210,38,13,21,300,35,15,60,045,44*72
$GPGSV,3,2,11,18,12,090,30,20,48,270,41,24,08,180,28,30,29,330,37*77
$GPGSV,3,3,11,02,41,150,33,12,17,060,31,25,72,015,45*4C
$GPRMC,100515.00,A,3859.6663,N,10700.0272,W,6.16,235.0,080726,,,A*71
$GPGGA,100516.00,3859.6653,N,10700.0290,W,1,11,0.90,2242.1,M,-18.0,M,,*5B
$GPGSA,A,3,05,07,13,15,18,20,24,30,02,12,25,,1.7,0.9,1.4*34
$GPGSV,3,1,11,05,55,120,44,07,34,210,38,13,21,300,35,15,60,045,44*72
$GPGSV,3,2,11,18,12,090,30,20,48,270,41,24,08,180,28,30,29,330,37*77
$GPGSV,3,3,11,02,41,150,33,12,17,060,31,25,72,015,45*4C
$GPRMC,100516.00,A,3859.6653,N,10700.0290,W,6.17,235.0,080726,,,A*7C
$GPGGA,100517.00,3859.6643,N,10700.0308,W,1,11,0.90,2241.6,M,-18.0,M,,*5F
$GPGSA,A,3,05,07,13,15,18,20,24,30,02,12,25,,1.7,0.9,1.4*34
$GPGSV,3,1,11,05,55,120,44,07,34,210,38,13,21,300,35,15,60,045,44*72
$GPGSV,3,2,11,18,12,090,30,20,48,270,41,24,08,180,28,30,29,330,37*77
$GPGSV,3,3,11,02,41,150,33,12,17,060,31,25,72,015,45*4C
$GPRMC,100517.00,A,3859.6643,N,10700.0308,W,6.17,235.0,080726,,,A*7C
$GPGGA,100518.00,3859.6634,N,10700.0326,W,1,11,0.90,2241.2,M,-18.0,M,,*58
$GPGSA,A,3,05,07,13,15,18,20,24,30,02,12,25,,1.7,0.9,1.4*34
$GPGSV,3,1,11,05,55,120,44,07,34,210,38,13,21,300,35,15,60,045,44*72
$GPGSV,3,2,11,18,12,090,30,20,48,270,41,24,08,180,28,30,29,330,37*77
$GPGSV,3,3,11,02,41,150,33,12,17,060,31,25,72,015,45*4C
$GPRMC,100518.00,A,3859.6634,N,10700.0326,W,6.18,235.0,080726,,,A*70
$GPGGA,100519.00,3859.6624,N,10700.0344,W,1,11,0.90,2240.7,M,-18.0,M,,*58
$GPGSA,A,3,05,07,13,15,18,20,24,30,02,12,25,,1.7,0.9,1.4*34
$GPGSV,3,1,11,05,55,120,44,07,34,210,38,13,21,300,35,15,60,045,44*72
$GPGSV,3,2,11,18,12,090,30,20,48,270,41,24,08,180,28,30,29,330,37*77
$GPGSV,3,3,11,02,41,150,33,12,17,060,31,25,72,015,45*4C
$GPRMC,100519.00,A,3859.6624,N,10700.0344,W,6.19,235.0,080726,,,A*75
$GPGGA,100520.00,3859.6614,N,10700.0362,W,1,11,0.90,2240.3,M,-18.0,M,,*51
$GPGSA,A,3,05,07,13,15,18,20,24,30,02,12,25,,1.7,0.9,1.4*34
$GPGSV,3,1,11,05,55,120,44,07,34,210,38,13,21,300,35,15,60,045,44*72
$GPGSV,3,2,11,18,12,090,30,20,48,270,41,24,08,180,28,30,29,330,37*77
$GPGSV,3,3,11,02,41,150,33,12,17,060,31,25,72,015,45*4C
$GPRMC,100520.00,A,3859.6614,N,10700.0362,W,6.20,235.0,080726,,,A*72
$GPGGA,100521.00,3859.6604,N,10700.0380,W,1,11,0.90,2239.8,M,-18.0,M,,*58
$GPGSA,A,3,05,07,13,15,18,20,24,30,02,12,25,,1.7,0.9,1.4*34
$GPGSV,3,1,11,05,55,120,44,07,34,210,38,13,21,300,35,15,60,045,44*72
$GPGSV,3,2,11,18,12,090,30,20,48,270,41,24,08,180,28,30,29,330,37*77
$GPGSV,3,3,11,02,41,150,33,12,17,060,31,25,72,015,45*4C
$GPRMC,100521.00,A,3859.6604,N,10700.0380,W,6.20,235.0,080726,,,A*7E
$GPGGA,100522.00,3859.6594,N,10700.0398,W,1,11,0.90,2239.4,M,-18.0,M,,*54
$GPGSA,A,3,05,07,13,15,18,20,24,30,02,12,25,,1.7,0.9,1.4*34
$GPGSV,3,1,11,05,55,120,44,07,34,210,38,13,21,300,35,15,60,045,44*72
$GPGSV,3,2,11,18,12,090,30,20,48,270,41,24,08,180,28,30,29,330,37*77
$GPGSV,3,3,11,02,41,150,33,12,17,060,31,25,72,015,45*4C
$GPRMC,100522.00,A,3859.6594,N,10700.0398,W,6.21,235.0,080726,,,A*7F
$GPGGA,100523.00,3859.6584,N,10700.0416,W,1,11,0.90,2238.9,M,-18.0,M,,*59
$GPGSA,A,3,05,07,13,15,18,20,24,30,02,12,25,,1.7,0.9,1.4*34
$GPGSV,3,1,11,05,55,120,44,07,34,210,38,13,21,300,35,15,60,045,44*72
$GPGSV,3,2,11,18,12,090,30,20,48,270,41,24,08,180,28,30,29,330,37*77
$GPGSV,3,3,11,02,41,150,33,12,17,060,31,25,72,015,45*4C
$GPRMC,100523.00,A,3859.6584,N,10700.0416,W,6.22,235.0,080726,,,A*7D
$GPGGA,100524.00,3859.6574,N,10700.0435,W,1,11,0.90,2238.5,M,-18.0,M,,*5C
$GPGSA,A,3,05,07,13,15,18,20,24,30,02,12,25,,1.7,0.9,1.4*34
$GPGSV,3,1,11,05,55,120,44,07,34,210,38,13,21,300,35,15,60,045,44*72
$GPGSV,3,2,11,18,12,090,30,20,48,270,41,24,08,180,28,30,29,330,37*77
$GPGSV,3,3,11,02,41,150,33,12,17,060,31,25,72,015,45*4C
$GPRMC,100524.00,A,3859.6574,N,10700.0435,W,6.23,235.0,080726,,,A*75
$GPGGA,100525.00,3859.6565,N,10700.0453,W,1,11,0.90,2238.0,M,-18.0,M,,*58
$GPGSA,A,3,05,07,13,15,18,20,24,30,02,12,25,,1.7,0.9,1.4*34
$GPGSV,3,1,11,05,55,120,44,07,34,210,38,13,21,300,35,15,60,045,44*72
$GPGSV,3,2,11,18,12,090,30,20,48,270,41,24,08,180,28,30,29,330,37*77
$GPGSV,3,3,11,02,41,150,33,12,17,060,31,25,72,015,45*4C
$GPRMC,100525.00,A,3859.6565,N,10700.0453,W,6.24,235.0,080726,,,A*73
$GPGGA,100526.00,3859.6555,N,10700.0471,W,1,11,0.90,2237.5,M,-18.0,M,,*52
$GPGSA,A,3,05,07,13,15,18,20,24,30,02,12,25,,1.7,0.9,1.4*34
$GPGSV,3,1,11,05,55,120,44,07,34,210,38,13,21,300,35,15,60,045,44*72
$GPGSV,3,2,11,18,12,090,30,20,48,270,41,24,08,180,28,30,29,330,37*77
$GPGSV,3,3,11,02,41,150,33,12,17,060,31,25,72,015,45*4C
$GPRMC,100526.00,A,3859.6555,N,10700.0471,W,6.25,235.0,080726,,,A*72
$GPGGA,100527.00,3859.6545,N,10700.0489,W,1,11,0.90,2237.1,M,-18.0,M,,*51
$GPGSA,A,3,05,07,13,15,18,20,24,30,02,12,25,,1.7,0.9,1.4*34
$GPGSV,3,1,11,05,55,120,44,07,34,210,38,13,21,300,35,15,60,045,44*72
$GPGSV,3,2,11,18,12,090,30,20,48,270,41,24,08,180,28,30,29,330,37*77
$GPGSV,3,3,11,02,41,150,33,12,17,060,31,25,72,015,45*4C
$GPRMC,100527.00,A,3859.6545,N,10700.0489,W,6.25,235.0,080726,,,A*75
$GPGGA,100528.00,3859.6535,N,10700.0508,W,1,11,0.90,2236.6,M,-18.0,M,,*57
$GPGSA,A,3,05,07,13,15,18,20,24,30,02,12,25,,1.7,0.9,1.4*34
$GPGSV,3,1,11,05,55,120,44,07,34,210,38,13,21,300,35,15,60,045,44*72
$GPGSV,3,2,11,18,12,090,30,20,48,270,41,24,08,180,28,30,29,330,37*77
$GPGSV,3,3,11,02,41,150,33,12,17,060,31,25,72,015,45*4C
$GPRMC,100528.00,A,3859.6535,N,10700.0508,W,6.26,235.0,080726,,,A*76
$GPGGA,100529.00,3859.6525,N,10700.0526,W,1,11,0.90,2236.2,M,-18.0,M,,*5F
$GPGSA,A,3,05,07,13,15,18,20,24,30,02,12,25,,1.7,0.9,1.4*34
$GPGSV,3,1,11,05,55,120,44,07,34,210,38,13,21,300,35,15,60,045,44*72
$GPGSV,3,2,11,18,12,090,30,20,48,270,41,24,08,180,28,30,29,330,37*77
$GPGSV,3,3,11,02,41,150,33,12,17,060,31,25,72,015,45*4C
$GPRMC,100529.00,A,3859.6525,N,10700.0526,W,6.27,235.0,080726,,,A*7B
$GPGGA,100530.00,3859.6515,N,10700.0544,W,1,11,0.90,2235.7,M,-18.0,M,,*56
$GPGSA,A,3,05,07,13,15,18,20,24,30,02,12,25,,1.7,0.9,1.4*34
$GPGSV,3,1,11,05,55,120,44,07,34,210,38,13,21,300,35,15,60,045,44*72
$GPGSV,3,2,11,18,12,090,30,20,48,270,41,24,08,180,28,30,29,330,37*77
$GPGSV,3,3,11,02,41,150,33,12,17,060,31,25,72,015,45*4C
$GPRMC,100530.00,A,3859.6515,N,10700.0544,W,6.28,235.0,080726,,,A*7B
$GPGGA,100531.00,3859.6505,N,10700.0563,W,1,11,0.90,2235.2,M,-18.0,M,,*56
$GPGSA,A,3,05,07,13,15,18,20,24,30,02,12,25,,1.7,0.9,1.4*34
$GPGSV,3,1,11,05,55,120,44,07,34,210,38,13,21,300,35,15,60,045,44*72
$GPGSV,3,2,11,18,12,090,30,20,48,270,41,24,08,180,28,30,29,330,37*77
$GPGSV,3,3,11,02,41,150,33,12,17,060,31,25,72,015,45*4C
$GPRMC,100531.00,A,3859.6505,N,10700.0563,W,6.29,235.0,080726,,,A*7F
$GPGGA,100532.00,3859.6495,N,10700.0581,W,1,11,0.90,2234.8,M,-18.0,M,,*5A
$GPGSA,A,3,05,07,13,15,18,20,24,30,02,12,25,,1.7,0.9,1.4*34
$GPGSV,3,1,11,05,55,120,44,07,34,210,38,13,21,300,35,15,60,045,44*72
$GPGSV,3,2,11,18,12,090,30,20,48,270,41,24,08,180,28,30,29,330,37*77
$GPGSV,3,3,11,02,41,150,33,12,17,060,31,25,72,015,45*4C
$GPRMC,100532.00,A,3859.6495,N,10700.0581,W,6.30,235.0,080726,,,A*70
$GPGGA,100533.00,3859.6485,N,10700.0599,W,1,09,0.90,2234.3,M,-18.0,M,,*51
$GPGSA,A,3,05,07,13,15,18,20,24,30,02,,,,1.7,0.9,1.4*30
$GPGSV,3,1,09,05,55,120,44,07,34,210,38,13,21,300,35,15,60,045,44*7B
$GPGSV,3,2,09,18,12,090,30,20,48,270,41,24,08,180,28,30,29,330,37*7E
$GPGSV,3,3,09,02,41,150,33*43
$GPRMC,100533.00,A,3859.6485,N,10700.0599,W,6.30,235.0,080726,,,A*79
$GPGGA,100534.00,3859.6475,N,10700.0618,W,1,09,0.90,2233.9,M,-18.0,M,,*5E
$GPGSA,A,3,05,07,13,15,18,20,24,30,02,,,,1.7,0.9,1.4*30
$GPGSV,3,1,09,05,55,120,44,07,34,210,38,13,21,300,35,15,60,045,44*7B
$GPGSV,3,2,09,18,12,090,30,20,48,270,41,24,08,180,28,30,29,330,37*7E
$GPGSV,3,3,09,02,41,150,33*43
$GPRMC,100534.00,A,3859.6475,N,10700.0618,W,6.31,235.0,080726,,,A*7A
$GPGGA,100535.00,3859.6465,N,10700.0636,W,1,09,0.90,2233.4,M,-18.0,M,,*5F
$GPGSA,A,3,05,07,13,15,18,20,24,30,02,,,,1.7,0.9,1.4*30
$GPGSV,3,1,09,05,55,120,44,07,34,210,38,13,21,300,35,15,60,045,44*7B
$GPGSV,3,2,09,18,12,090,30,20,48,270,41,24,08,180,28,30,29,330,37*7E
$GPGSV,3,3,09,02,41,150,33*43
$GPRMC,100535.00,A,3859.6465,N,10700.0636,W,6.32,235.0,080726,,,A*75
$GPGGA,100536.00,3859.6455,N,10700.0655,W,1,09,0.90,2232.9,M,-18.0,M,,*56
$GPGSA,A,3,05,07,13,15,18,20,24,30,02,,,,1.7,0.9,1.4*30
$GPGSV,3,1,09,05,55,120,44,07,34,210,38,13,21,300,35,15,60,045,44*7B
$GPGSV,3,2,09,18,12,090,30,20,48,270,41,24,08,180,28,30,29,330,37*7E
$GPGSV,3,3,09,02,41,150,33*43
$GPRMC,100536.00,A,3859.6455,N,10700.0655,W,6.33,235.0,080726,,,A*71
$GPGGA,100537.00,3859.6445,N,10700.0673,W,1,09,0.90,2232.5,M,-18.0,M,,*5E
$GPGSA,A,3,05,07,13,15,18,20,24,30,02,,,,1.7,0.9,1.4*30
$GPGSV,3,1,09,05,55,120,44,07,34,210,38,13,21,300,35,15,60,045,44*7B
$GPGSV,3,2,09,18,12,090,30,20,48,270,41,24,08,180,28,30,29,330,37*7E
$GPGSV,3,3,09,02,41,150,33*43
$GPRMC,100537.00,A,3859.6445,N,10700.0673,W,6.34,235.0,080726,,,A*72
$GPGGA,100538.00,3859.6435,N,10700.0692,W,1,09,0.90,2232.0,M,-18.0,M,,*5C
$GPGSA,A,3,05,07,13,15,18,20,24,30,02,,,,1.7,0.9,1.4*30
$GPGSV,3,1,09,05,55,120,44,07,34,210,38,13,21,300,35,15,60,045,44*7B
$GPGSV,3,2,09,18,12,090,30,20,48,270,41,24,08,180,28,30,29,330,37*7E
$GPGSV,3,3,09,02,41,150,33*43
$GPRMC,100538.00,A,3859.6435,N,10700.0692,W,6.35,235.0,080726,,,A*74
$GPGGA,100539.00,3859.6424,N,10700.0710,W,1,09,0.90,2231.5,M,-18.0,M,,*50
$GPGSA,A,3,05,07,13,15,18,20,24,30,02,,,,1.7,0.9,1.4*30
$GPGSV,3,1,09,05,55,120,44,07,34,210,38,13,21,300,35,15,60,045,44*7B
$GPGSV,3,2,09,18,12,090,30,20,48,270,41,24,08,180,28,30,29,330,37*7E
$GPGSV,3,3,09,02,41,150,33*43
$GPRMC,100539.00,A,3859.6424,N,10700.0710,W,6.36,235.0,080726,,,A*7D
$GPGGA,100540.00,3859.6414,N,10700.0729,W,1,09,0.90,2231.0,M,-18.0,M,,*52
$GPGSA,A,3,05,07,13,15,18,20,24,30,02,,,,1.7,0.9,1.4*30
$GPGSV,3,1,09,05,55,120,44,07,34,210,38,13,21,300,35,15,60,045,44*7B
$GPGSV,3,2,09,18,12,090,30,20,48,270,41,24,08,180,28,30,29,330,37*7E
$GPGSV,3,3,09,02,41,150,33*43
$GPRMC,100540.00,A,3859.6414,N,10700.0729,W,6.37,235.0,080726,,,A*7B
$GPGGA,100541.00,3859.6404,N,10700.0747,W,1,09,0.90,2230.6,M,-18.0,M,,*5D
$GPGSA,A,3,05,07,13,15,18,20,24,30,02,,,,1.7,0.9,1.4*30
$GPGSV,3,1,09,05,55,120,44,07,34,210,38,13,21,300,35,15,60,045,44*7B
$GPGSV,3,2,09,18,12,090,30,20,48,270,41,24,08,180,28,30,29,330,37*7E
$GPGSV,3,3,09,02,41,150,33*43
$GPRMC,100541.00,A,3859.6404,N,10700.0747,W,6.37,235.0,080726,,,A*73
$GPGGA,100542.00,3859.6394,N,10700.0766,W,1,09,0.90,2230.1,M,-18.0,M,,*54
$GPGSA,A,3,05,07,13,15,18,20,24,30,02,,,,1.7,0.9,1.4*30
$GPGSV,3,1,09,05,55,120,44,07,34,210,38,13,21,300,35,15,60,045,44*7B
$GPGSV,3,2,09,18,12,090,30,20,48,270,41,24,08,180,28,30,29,330,37*7E
$GPGSV,3,3,09,02,41,150,33*43
$GPRMC,100542.00,A,3859.6394,N,10700.0766,W,6.38,235.0,080726,,,A*72
$GPGGA,100543.00,3859.6384,N,10700.0785,W,1,09,0.90,2229.6,M,-18.0,M,,*56
$GPGSA,A,3,05,07,13,15,18,20,24,30,02,,,,1.7,0.9,1.4*30
$GPGSV,3,1,09,05,55,120,44,07,34,210,38,13,21,300,35,15,60,045,44*7B
$GPGSV,3,2,09,18,12,090,30,20,48,270,41,24,08,180,28,30,29,330,37*7E
$GPGSV,3,3,09,02,41,150,33*43
$GPRMC,100543.00,A,3859.6384,N,10700.0785,W,6.39,235.0,080726,,,A*7E
$GPGGA,100544.00,3859.6374,N,10700.0803,W,1,09,0.90,2229.1,M,-18.0,M,,*58
$GPGSA,A,3,05,07,13,15,18,20,24,30,02,,,,1.7,0.9,1.4*30
$GPGSV,3,1,09,05,55,120,44,07,34,210,38,13,21,300,35,15,60,045,44*7B
$GPGSV,3,2,09,18,12,090,30,20,48,270,41,24,08,180,28,30,29,330,37*7E
$GPGSV,3,3,09,02,41,150,33*43
$GPRMC,100544.00,A,3859.6374,N,10700.0803,W,6.40,235.0,080726,,,A*79
$GPGGA,100545.00,3859.6364,N,10700.0822,W,1,09,0.90,2228.6,M,-18.0,M,,*5D
$GPGSA,A,3,05,07,13,15,18,20,24,30,02,,,,1.7,0.9,1.4*30
$GPGSV,3,1,09,05,55,120,44,07,34,210,38,13,21,300,35,15,60,045,44*7B
$GPGSV,3,2,09,18,12,090,30,20,48,270,41,24,08,180,28,30,29,330,37*7E
$GPGSV,3,3,09,02,41,150,33*43
$GPRMC,100545.00,A,3859.6364,N,10700.0822,W,6.41,235.0,080726,,,A*7B
$GPGGA,100546.00,3859.6353,N,10700.0841,W,1,09,0.90,2228.1,M,-18.0,M,,*58
$GPGSA,A,3,05,07,13,15,18,20,24,30,02,,,,1.7,0.9,1.4*30
$GPGSV,3,1,09,05,55,120,44,07,34,210,38,13,21,300,35,15,60,045,44*7B
$GPGSV,3,2,09,18,12,090,30,20,48,270,41,24,08,180,28,30,29,330,37*7E
$GPGSV,3,3,09,02,41,150,33*43
$GPRMC,100546.00,A,3859.6353,N,10700.0841,W,6.42,235.0,080726,,,A*7A
$GPGGA,100547.00,3859.6343,N,10700.0860,W,1,09,0.90,2227.7,M,-18.0,M,,*52
$GPGSA,A,3,05,07,13,15,18,20,24,30,02,,,,1.7,0.9,1.4*30
$GPGSV,3,1,09,05,55,120,44,07,34,210,38,13,21,300,35,15,60,045,44*7B
$GPGSV,3,2,09,18,12,090,30,20,48,270,41,24,08,180,28,30,29,330,37*7E
$GPGSV,3,3,09,02,41,150,33*43
$GPRMC,100547.00,A,3859.6343,N,10700.0860,W,6.43,235.0,080726,,,A*78
$GPGGA,100548.00,3859.6333,N,10700.0878,W,1,09,0.90,2227.2,M,-18.0,M,,*56
$GPGSA,A,3,05,07,13,15,18,20,24,30,02,,,,1.7,0.9,1.4*30
$GPGSV,3,1,09,05,55,120,44,07,34,210,38,13,21,300,35,15,60,045,44*7B
$GPGSV,3,2,09,18,12,090,30,20,48,270,41,24,08,180,28,30,29,330,37*7E
$GPGSV,3,3,09,02,41,150,33*43
$GPRMC,100548.00,A,3859.6333,N,10700.0878,W,6.44,235.0,080726,,,A*7E
$GPGGA,100549.00,3859.6323,N,10700.0897,W,1,09,0.90,2226.7,M,-18.0,M,,*53
$GPGSA,A,3,05,07,13,15,18,20,24,30,02,,,,1.7,0.9,1.4*30
$GPGSV,3,1,09,05,55,120,44,07,34,210,38,13,21,300,35,15,60,045,44*7B
$GPGSV,3,2,09,18,12,090,30,20,48,270,41,24,08,180,28,30,29,330,37*7E
$GPGSV,3,3,09,02,41,150,33*43
$GPRMC,100549.00,A,3859.6323,N,10700.0897,W,6.44,235.0,080726,,,A*7F
$GPGGA,100550.00,3859.6312,N,10700.0916,W,1,09,0.90,2226.2,M,-18.0,M,,*54
$GPGSA,A,3,05,07,13,15,18,20,24,30,02,,,,1.7,0.9,1.4*30
$GPGSV,3,1,09,05,55,120,44,07,34,210,38,13,21,300,35,15,60,045,44*7B
$GPGSV,3,2,09,18,12,090,30,20,48,270,41,24,08,180,28,30,29,330,37*7E
$GPGSV,3,3,09,02,41,150,33*43
$GPRMC,100550.00,A,3859.6312,N,10700.0916,W,6.45,235.0,080726,,,A*7C
$GPGGA,100551.00,3859.6302,N,10700.0935,W,1,09,0.90,2225.7,M,-18.0,M,,*53
$GPGSA,A,3,05,07,13,15,18,20,24,30,02,,,,1.7,0.9,1.4*30
$GPGSV,3,1,09,05,55,120,44,07,34,210,38,13,21,300,35,15,60,045,44*7B
$GPGSV,3,2,09,18,12,090,30,20,48,270,41,24,08,180,28,30,29,330,37*7E
$GPGSV,3,3,09,02,41,150,33*43
$GPRMC,100551.00,A,3859.6302,N,10700.0935,W,6.46,235.0,080726,,,A*7E
$GPGGA,100552.00,3859.6292,N,10700.0954,W,1,09,0.90,2225.2,M,-18.0,M,,*5A
$GPGSA,A,3,05,07,13,15,18,20,24,30,02,,,,1.7,0.9,1.4*30
$GPGSV,3,1,09,05,55,120,44,07,34,210,38,13,21,300,35,15,60,045,44*7B
$GPGSV,3,2,09,18,12,090,30,20,48,270,41,24,08,180,28,30,29,330,37*7E
$GPGSV,3,3,09,02,41,150,33*43
$GPRMC,100552.00,A,3859.6292,N,10700.0954,W,6.47,235.0,080726,,,A*73
$GPGGA,100553.00,3859.6282,N,10700.0973,W,1,09,0.90,2224.7,M,-18.0,M,,*5B
$GPGSA,A,3,05,07,13,15,18,20,24,30,02,,,,1.7,0.9,1.4*30
$GPGSV,3,1,09,05,55,120,44,07,34,210,38,13,21,300,35,15,60,045,44*7B
$GPGSV,3,2,09,18,12,090,30,20,48,270,41,24,08,180,28,30,29,330,37*7E
$GPGSV,3,3,09,02,41,150,33*43
$GPRMC,100553.00,A,3859.6282,N,10700.0973,W,6.48,235.0,080726,,,A*79
$GPGGA,100554.00,3859.6271,N,10700.0992,W,1,09,0.90,2224.2,M,-18.0,M,,*5A
$GPGSA,A,3,05,07,13,15,18,20,24,30,02,,,,1.7,0.9,1.4*30
$GPGSV,3,1,09,05,55,120,44,07,34,210,38,13,21,300,35,15,60,045,44*7B
$GPGSV,3,2,09,18,12,090,30,20,48,270,41,24,08,180,28,30,29,330,37*7E
$GPGSV,3,3,09,02,41,150,33*43
$GPRMC,100554.00,A,3859.6271,N,10700.0992,W,6.49,235.0,080726,,,A*7C
$GPGGA,100555.00,3859.6261,N,10700.1011,W,1,09,0.90,2223.7,M,-18.0,M,,*5B
$GPGSA,A,3,05,07,13,15,18,20,24,30,02,,,,1.7,0.9,1.4*30
$GPGSV,3,1,09,05,55,120,44,07,34,210,38,13,21,300,35,15,60,045,44*7B
$GPGSV,3,2,09,18,12,090,30,20,48,270,41,24,08,180,28,30,29,330,37*7E
$GPGSV,3,3,09,02,41,150,33*43
$GPRMC,100555.00,A,3859.6261,N,10700.1011,W,6.50,235.0,080726,,,A*77
$GPGGA,100556.00,3859.6251,N,10700.1030,W,1,09,0.90,2223.2,M,-18.0,M,,*5D
$GPGSA,A,3,05,07,13,15,18,20,24,30,02,,,,1.7,0.9,1.4*30
$GPGSV,3,1,09,05,55,120,44,07,34,210,38,13,21,300,35,15,60,045,44*7B
$GPGSV,3,2,09,18,12,090,30,20,48,270,41,24,08,180,28,30,29,330,37*7E
$GPGSV,3,3,09,02,41,150,33*43
$GPRMC,100556.00,A,3859.6251,N,10700.1030,W,6.51,235.0,080726,,,A*75
$GPGGA,100557.00,3859.6240,N,10700.1049,W,1,09,0.90,2222.7,M,-18.0,M,,*56
$GPGSA,A,3,05,07,13,15,18,20,24,30,02,,,,1.7,0.9,1.4*30
$GPGSV,3,1,09,05,55,120,44,07,34,210,38,13,21,300,35,15,60,045,44*7B
$GPGSV,3,2,09,18,12,090,30,20,48,270,41,24,08,180,28,30,29,330,37*7E
$GPGSV,3,3,09,02,41,150,33*43
$GPRMC,100557.00,A,3859.6240,N,10700.1049,W,6.51,235.0,080726,,,A*7A
$GPGGA,100558.00,3859.6230,N,10700.1068,W,1,09,0.90,2222.2,M,-18.0,M,,*58
$GPGSA,A,3,05,07,13,15,18,20,24,30,02,,,,1.7,0.9,1.4*30
$GPGSV,3,1,09,05,55,120,44,07,34,210,38,13,21,300,35,15,60,045,44*7B
$GPGSV,3,2,09,18,12,090,30,20,48,270,41,24,08,180,28,30,29,330,37*7E
$GPGSV,3,3,09,02,41,150,33*43
$GPRMC,100558.00,A,3859.6230,N,10700.1068,W,6.52,235.0,080726,,,A*72
$GPGGA,100559.00,3859.6220,N,10700.1087,W,1,09,0.90,2221.7,M,-18.0,M,,*5F
$GPGSA,A,3,05,07,13,15,18,20,24,30,02,,,,1.7,0.9,1.4*30
$GPGSV,3,1,09,05,55,120,44,07,34,210,38,13,21,300,35,15,60,045,44*7B
$GPGSV,3,2,09,18,12,090,30,20,48,270,41,24,08,180,28,30,29,330,37*7E
$GPGSV,3,3,09,02,41,150,33*43
$GPRMC,100559.00,A,3859.6220,N,10700.1087,W,6.53,235.0,080726,,,A*72
$GPGGA,100600.00,3859.6209,N,10700.1106,W,1,09,0.90,2221.2,M,-18.0,M,,*56
$GPGSA,A,3,05,07,13,15,18,20,24,30,02,,,,1.7,0.9,1.4*30
$GPGSV,3,1,09,05,55,120,44,07,34,210,38,13,21,300,35,15,60,045,44*7B
$GPGSV,3,2,09,18,12,090,30,20,48,270,41,24,08,180,28,30,29,330,37*7E
$GPGSV,3,3,09,02,41,150,33*43
$GPRMC,100600.00,A,3859.6209,N,10700.1106,W,6.54,235.0,080726,,,A*79
$GPGGA,100601.00,3859.6199,N,10700.1125,W,1,09,0.90,2220.6,M,-18.0,M,,*59
$GPGSA,A,3,05,07,13,15,18,20,24,30,02,,,,1.7,0.9,1.4*30
$GPGSV,3,1,09,05,55,120,44,07,34,210,38,13,21,300,35,15,60,045,44*7B
$GPGSV,3,2,09,18,12,090,30,20,48,270,41,24,08,180,28,30,29,330,37*7E
$GPGSV,3,3,09,02,41,150,33*43
$GPRMC,100601.00,A,3859.6199,N,10700.1125,W,6.55,235.0,080726,,,A*72
$GPGGA,100602.00,3859.6188,N,10700.1144,W,1,09,0.90,2220.1,M,-18.0,M,,*5A
$GPGSA,A,3,05,07,13,15,18,20,24,30,02,,,,1.7,0.9,1.4*30
$GPGSV,3,1,09,05,55,120,44,07,34,210,38,13,21,300,35,15,60,045,44*7B
$GPGSV,3,2,09,18,12,090,30,20,48,270,41,24,08,180,28,30,29,330,37*7E
$GPGSV,3,3,09,02,41,150,33*43
$GPRMC,100602.00,A,3859.6188,N,10700.1144,W,6.56,235.0,080726,,,A*75
$GPGGA,100603.00,3859.6178,N,10700.1163,W,1,09,0.90,2219.6,M,-18.0,M,,*5C
$GPGSA,A,3,05,07,13,15,18,20,24,30,02,,,,1.7,0.9,1.4*30
$GPGSV,3,1,09,05,55,120,44,07,34,210,38,13,21,300,35,15,60,045,44*7B
$GPGSV,3,2,09,18,12,090,30,20,48,270,41,24,08,180,28,30,29,330,37*7E
$GPGSV,3,3,09,02,41,150,33*43
$GPRMC,100603.00,A,3859.6178,N,10700.1163,W,6.57,235.0,080726,,,A*7F
$GPGGA,100604.00,3859.6168,N,10700.1182,W,1,09,0.90,2219.1,M,-18.0,M,,*52
$GPGSA,A,3,05,07,13,15,18,20,24,30,02,,,,1.7,0.9,1.4*30
$GPGSV,3,1,09,05,55,120,44,07,34,210,38,13,21,300,35,15,60,045,44*7B
$GPGSV,3,2,09,18,12,090,30,20,48,270,41,24,08,180,28,30,29,330,37*7E
$GPGSV,3,3,09,02,41,150,33*43
$GPRMC,100604.00,A,3859.6168,N,10700.1182,W,6.57,235.0,080726,,,A*76
$GPGGA,100605.00,3859.6157,N,10700.1202,W,1,09,0.90,2218.6,M,-18.0,M,,*52
$GPGSA,A,3,05,07,13,15,18,20,24,30,02,,,,1.7,0.9,1.4*30
$GPGSV,3,1,09,05,55,120,44,07,34,210,38,13,21,300,35,15,60,045,44*7B
$GPGSV,3,2,09,18,12,090,30,20,48,270,41,24,08,180,28,30,29,330,37*7E
$GPGSV,3,3,09,02,41,150,33*43
$GPRMC,100605.00,A,3859.6157,N,10700.1202,W,6.58,235.0,080726,,,A*7F
$GPGGA,100606.00,3859.6147,N,10700.1221,W,1,09,0.90,2218.1,M,-18.0,M,,*56
$GPGSA,A,3,05,07,13,15,18,20,24,30,02,,,,1.7,0.9,1.4*30
$GPGSV,3,1,09,05,55,120,44,07,34,210,38,13,21,300,35,15,60,045,44*7B
$GPGSV,3,2,09,18,12,090,30,20,48,270,41,24,08,180,28,30,29,330,37*7E
$GPGSV,3,3,09,02,41,150,33*43
$GPRMC,100606.00,A,3859.6147,N,10700.1221,W,6.59,235.0,080726,,,A*7D
$GPGGA,100607.00,3859.6136,N,10700.1240,W,1,09,0.90,2217.5,M,-18.0,M,,*5D
$GPGSA,A,3,05,07,13,15,18,20,24,30,02,,,,1.7,0.9,1.4*30
$GPGSV,3,1,09,05,55,120,44,07,34,210,38,13,21,300,35,15,60,045,44*7B
$GPGSV,3,2,09,18,12,090,30,20,48,270,41,24,08,180,28,30,29,330,37*7E
$GPGSV,3,3,09,02,41,150,33*43
$GPRMC,100607.00,A,3859.6136,N,10700.1240,W,6.60,235.0,080726,,,A*77
$GPGGA,100608.00,3859.6126,N,10700.1259,W,1,09,0.90,2217.0,M,-18.0,M,,*5E
$GPGSA,A,3,05,07,13,15,18,20,24,30,02,,,,1.7,0.9,1.4*30
$GPGSV,3,1,09,05,55,120,44,07,34,210,38,13,21,300,35,15,60,045,44*7B
$GPGSV,3,2,09,18,12,090,30,20,48,270,41,24,08,180,28,30,29,330,37*7E
$GPGSV,3,3,09,02,41,150,33*43
$GPRMC,100608.00,A,3859.6126,N,10700.1259,W,6.61,235.0,080726,,,A*70
$GPGGA,100609.00,3859.6115,N,10700.1279,W,1,09,0.90,2216.5,M,-18.0,M,,*59
$GPGSA,A,3,05,07,13,15,18,20,24,30,02,,,,1.7,0.9,1.4*30
$GPGSV,3,1,09,05,55,120,44,07,34,210,38,13,21,300,35,15,60,045,44*7B
$GPGSV,3,2,09,18,12,090,30,20,48,270,41,24,08,180,28,30,29,330,37*7E
$GPGSV,3,3,09,02,41,150,33*43
$GPRMC,100609.00,A,3859.6115,N,10700.1279,W,6.62,235.0,080726,,,A*70
$GPGGA,100610.00,3859.6105,N,10700.1298,W,1,10,0.90,2215.9,M,-18.0,M,,*58
$GPGSA,A,3,05,07,13,15,18,20,24,30,02,12,,,1.7,0.9,1.4*33
$GPGSV,3,1,10,05,55,120,44,07,34,210,38,13,21,300,35,15,60,045,44*73
$GPGSV,3,2,10,18,12,090,30,20,48,270,41,24,08,180,28,30,29,330,37*76
$GPGSV,3,3,10,02,41,150,33,12,17,060,31*7A
$GPRMC,100610.00,A,3859.6105,N,10700.1298,W,6.62,235.0,080726,,,A*76
$GPGGA,100611.00,3859.6094,N,10700.1317,W,1,10,0.90,2215.4,M,-18.0,M,,*5B
$GPGSA,A,3,05,07,13,15,18,20,24,30,02,12,,,1.7,0.9,1.4*33
$GPGSV,3,1,10,05,55,120,44,07,34,210,38,13,21,300,35,15,60,045,44*73
$GPGSV,3,2,10,18,12,090,30,20,48,270,41,24,08,180,28,30,29,330,37*76
$GPGSV,3,3,10,02,41,150,33,12,17,060,31*7A
$GPRMC,100611.00,A,3859.6094,N,10700.1317,W,6.63,235.0,080726,,,A*79
$GPGGA,100612.00,3859.6083,N,10700.1337,W,1,10,0.90,2214.9,M,-18.0,M,,*50
$GPGSA,A,3,05,07,13,15,18,20,24,30,02,12,,,1.7,0.9,1.4*33
$GPGSV,3,1,10,05,55,120,44,07,34,210,38,13,21,300,35,15,60,045,44*73
$GPGSV,3,2,10,18,12,090,30,20,48,270,41,24,08,180,28,30,29,330,37*76
$GPGSV,3,3,10,02,41,150,33,12,17,060,31*7A
$GPRMC,100612.00,A,3859.6083,N,10700.1337,W,6.64,235.0,080726,,,A*79
$GPGGA,100613.00,3859.6073,N,10700.1356,W,1,10,0.90,2214.4,M,-18.0,M,,*54
$GPGSA,A,3,05,07,13,15,18,20,24,30,02,12,,,1.7,0.9,1.4*33
$GPGSV,3,1,10,05,55,120,44,07,34,210,38,13,21,300,35,15,60,045,44*73
$GPGSV,3,2,10,18,12,090,30,20,48,270,41,24,08,180,28,30,29,330,37*76
$GPGSV,3,3,10,02,41,150,33,12,17,060,31*7A
$GPRMC,100613.00,A,3859.6073,N,10700.1356,W,6.65,235.0,080726,,,A*71
$GPGGA,100614.00,3859.6062,N,10700.1376,W,1,10,0.90,2213.8,M,-18.0,M,,*5A
$GPGSA,A,3,05,07,13,15,18,20,24,30,02,12,,,1.7,0.9,1.4*33
$GPGSV,3,1,10,05,55,120,44,07,34,210,38,13,21,300,35,15,60,045,44*73
$GPGSV,3,2,10,18,12,090,30,20,48,270,41,24,08,180,28,30,29,330,37*76
$GPGSV,3,3,10,02,41,150,33,12,17,060,31*7A
$GPRMC,100614.00,A,3859.6062,N,10700.1376,W,6.65,235.0,080726,,,A*74
$GPGGA,100615.00,3859.6052,N,10700.1395,W,1,10,0.90,2213.3,M,-18.0,M,,*5E
$GPGSA,A,3,05,07,13,15,18,20,24,30,02,12,,,1.7,0.9,1.4*33
$GPGSV,3,1,10,05,55,120,44,07,34,210,38,13,21,300,35,15,60,045,44*73
$GPGSV,3,2,10,18,12,090,30,20,48,270,41,24,08,180,28,30,29,330,37*76
$GPGSV,3,3,10,02,41,150,33,12,17,060,31*7A
$GPRMC,100615.00,A,3859.6052,N,10700.1395,W,6.66,180.0,080726,,,A*75
$GPGGA,100616.00,3859.6033,N,10700.1395,W,1,10,0.90,2212.7,M,-18.0,M,,*5F
$GPGSA,A,3,05,07,13,15,18,20,24,30,02,12,,,1.7,0.9,1.4*33
$GPGSV,3,1,10,05,55,120,44,07,34,210,38,13,21,300,35,15,60,045,44*73
$GPGSV,3,2,10,18,12,090,30,20,48,270,41,24,08,180,28,30,29,330,37*76
$GPGSV,3,3,10,02,41,150,33,12,17,060,31*7A
$GPRMC,100616.00,A,3859.6033,N,10700.1395,W,6.67,166.2,080726,,,A*7A
$GPGGA,100617.00,3859.6015,N,10700.1389,W,1,10,0.90,2212.2,M,-18.0,M,,*52
$GPGSA,A,3,05,07,13,15,18,20,24,30,02,12,,,1.7,0.9,1.4*33
$GPGSV,3,1,10,05,55,120,44,07,34,210,38,13,21,300,35,15,60,045,44*73
$GPGSV,3,2,10,18,12,090,30,20,48,270,41,24,08,180,28,30,29,330,37*76
$GPGSV,3,3,10,02,41,150,33,12,17,060,31*7A
$GPRMC,100617.00,A,3859.6015,N,10700.1389,W,6.68,152.5,080726,,,A*7D
$GPGGA,100618.00,3859.5999,N,10700.1378,W,1,10,0.90,2211.7,M,-18.0,M,,*5B
$GPGSA,A,3,05,07,13,15,18,20,24,30,02,12,,,1.7,0.9,1.4*33
$GPGSV,3,1,10,05,55,120,44,07,34,210,38,13,21,300,35,15,60,045,44*73
$GPGSV,3,2,10,18,12,090,30,20,48,270,41,24,08,180,28,30,29,330,37*76
$GPGSV,3,3,10,02,41,150,33,12,17,060,31*7A
$GPRMC,100618.00,A,3859.5999,N,10700.1378,W,6.68,138.8,080726,,,A*73
$GPGGA,100619.00,3859.5985,N,10700.1363,W,1,10,0.90,2211.1,M,-18.0,M,,*5B
$GPGSA,A,3,05,07,13,15,18,20,24,30,02,12,,,1.7,0.9,1.4*33
$GPGSV,3,1,10,05,55,120,44,07,34,210,38,13,21,300,35,15,60,045,44*73
$GPGSV,3,2,10,18,12,090,30,20,48,270,41,24,08,180,28,30,29,330,37*76
$GPGSV,3,3,10,02,41,150,33,12,17,060,31*7A
$GPRMC,100619.00,A,3859.5985,N,10700.1363,W,6.69,125.0,080726,,,A*70
$GPGGA,100620.00,3859.5974,N,10700.1343,W,1,10,0.90,2210.6,M,-18.0,M,,*5B
$GPGSA,A,3,05,07,13,15,18,20,24,30,02,12,,,1.7,0.9,1.4*33
$GPGSV,3,1,10,05,55,120,44,07,34,210,38,13,21,300,35,15,60,045,44*73
$GPGSV,3,2,10,18,12,090,30,20,48,270,41,24,08,180,28,30,29,330,37*76
$GPGSV,3,3,10,02,41,150,33,12,17,060,31*7A
$GPRMC,100620.00,A,3859.5974,N,10700.1343,W,6.70,125.0,080726,,,A*7E
$GPGGA,100621.00,3859.5964,N,10700.1323,W,1,10,0.90,2210.0,M,-18.0,M,,*5B
$GPGSA,A,3,05,07,13,15,18,20,24,30,02,12,,,1.7,0.9,1.4*33
$GPGSV,3,1,10,05,55,120,44,07,34,210,38,13,21,300,35,15,60,045,44*73
$GPGSV,3,2,10,18,12,090,30,20,48,270,41,24,08,180,28,30,29,330,37*76
$GPGSV,3,3,10,02,41,150,33,12,17,060,31*7A
$GPRMC,100621.00,A,3859.5964,N,10700.1323,W,6.71,125.0,080726,,,A*79
$GPGGA,100622.00,3859.5953,N,10700.1304,W,1,10,0.90,2209.5,M,-18.0,M,,*54
$GPGSA,A,3,05,07,13,15,18,20,24,30,02,12,,,1.7,0.9,1.4*33
$GPGSV,3,1,10,05,55,120,44,07,34,210,38,13,21,300,35,15,60,045,44*73
$GPGSV,3,2,10,18,12,090,30,20,48,270,41,24,08,180,28,30,29,330,37*76
$GPGSV,3,3,10,02,41,150,33,12,17,060,31*7A
$GPRMC,100622.00,A,3859.5953,N,10700.1304,W,6.71,125.0,080726,,,A*7B
$GPGGA,100623.00,3859.5942,N,10700.1284,W,1,10,0.90,2209.0,M,-18.0,M,,*59
$GPGSA,A,3,05,07,13,15,18,20,24,30,02,12,,,1.7,0.9,1.4*33
$GPGSV,3,1,10,05,55,120,44,07,34,210,38,13,21,300,35,15,60,045,44*73
$GPGSV,3,2,10,18,12,090,30,20,48,270,41,24,08,180,28,30,29,330,37*76
$GPGSV,3,3,10,02,41,150,33,12,17,060,31*7A
$GPRMC,100623.00,A,3859.5942,N,10700.1284,W,6.72,125.0,080726,,,A*70
$GPGGA,100624.00,3859.5932,N,10700.1265,W,1,10,0.90,2208.4,M,-18.0,M,,*53
$GPGSA,A,3,05,07,13,15,18,20,24,30,02,12,,,1.7,0.9,1.4*33
$GPGSV,3,1,10,05,55,120,44,07,34,210,38,13,21,300,35,15,60,045,44*73
$GPGSV,3,2,10,18,12,090,30,20,48,270,41,24,08,180,28,30,29,330,37*76
$GPGSV,3,3,10,02,41,150,33,12,17,060,31*7A
$GPRMC,100624.00,A,3859.5932,N,10700.1265,W,6.73,125.0,080726,,,A*7E
$GPGGA,100625.00,3859.5921,N,10700.1245,W,1,10,0.90,2207.9,M,-18.0,M,,*50
$GPGSA,A,3,05,07,13,15,18,20,24,30,02,12,,,1.7,0.9,1.4*33
$GPGSV,3,1,10,05,55,120,44,07,34,210,38,13,21,300,35,15,60,045,44*73
$GPGSV,3,2,10,18,12,090,30,20,48,270,41,24,08,180,28,30,29,330,37*76
$GPGSV,3,3,10,02,41,150,33,12,17,060,31*7A
$GPRMC,100625.00,A,3859.5921,N,10700.1245,W,6.73,125.0,080726,,,A*7F
$GPGGA,100626.00,3859.5910,N,10700.1225,W,1,10,0.90,2207.3,M,-18.0,M,,*5D
$GPGSA,A,3,05,07,13,15,18,20,24,30,02,12,,,1.7,0.9,1.4*33
$GPGSV,3,1,10,05,55,120,44,07,34,210,38,13,21,300,35,15,60,045,44*73
$GPGSV,3,2,10,18,12,090,30,20,48,270,41,24,08,180,28,30,29,330,37*76
$GPGSV,3,3,10,02,41,150,33,12,17,060,31*7A
$GPRMC,100626.00,A,3859.5910,N,10700.1225,W,6.74,125.0,080726,,,A*7F
$GPGGA,100627.00,3859.5900,N,10700.1206,W,1,10,0.90,2206.8,M,-18.0,M,,*56
$GPGSA,A,3,05,07,13,15,18,20,24,30,02,12,,,1.7,0.9,1.4*33
$GPGSV,3,1,10,05,55,120,44,07,34,210,38,13,21,300,35,15,60,045,44*73
$GPGSV,3,2,10,18,12,090,30,20,48,270,41,24,08,180,28,30,29,330,37*76
$GPGSV,3,3,10,02,41,150,33,12,17,060,31*7A
$GPRMC,100627.00,A,3859.5900,N,10700.1206,W,6.75,125.0,080726,,,A*7F
$GPGGA,100628.00,3859.5889,N,10700.1186,W,1,10,0.90,2206.2,M,-18.0,M,,*58
$GPGSA,A,3,05,07,13,15,18,20,24,30,02,12,,,1.7,0.9,1.4*33
$GPGSV,3,1,10,05,55,120,44,07,34,210,38,13,21,300,35,15,60,045,44*73
$GPGSV,3,2,10,18,12,090,30,20,48,270,41,24,08,180,28,30,29,330,37*76
$GPGSV,3,3,10,02,41,150,33,12,17,060,31*7A
$GPRMC,100628.00,A,3859.5889,N,10700.1186,W,6.75,125.0,080726,,,A*7B
$GPGGA,100629.00,3859.5878,N,10700.1166,W,1,10,0.90,2205.7,M,-18.0,M,,*5F
$GPGSA,A,3,05,07,13,15,18,20,24,30,02,12,,,1.7,0.9,1.4*33
$GPGSV,3,1,10,05,55,120,44,07,34,210,38,13,21,300,35,15,60,045,44*73
$GPGSV,3,2,10,18,12,090,30,20,48,270,41,24,08,180,28,30,29,330,37*76
$GPGSV,3,3,10,02,41,150,33,12,17,060,31*7A
$GPRMC,100629.00,A,3859.5878,N,10700.1166,W,6.76,125.0,080726,,,A*79
$GPGGA,100630.00,3859.5867,N,10700.1146,W,1,10,0.90,2205.1,M,-18.0,M,,*5D
$GPGSA,A,3,05,07,13,15,18,20,24,30,02,12,,,1.7,0.9,1.4*33
$GPGSV,3,1,10,05,55,120,44,07,34,210,38,13,21,300,35,15,60,045,44*73
$GPGSV,3,2,10,18,12,090,30,20,48,270,41,24,08,180,28,30,29,330,37*76
$GPGSV,3,3,10,02,41,150,33,12,17,060,31*7A
$GPRMC,100630.00,A,3859.5867,N,10700.1146,W,6.77,125.0,080726,,,A*7C
$GPGGA,100631.00,3859.5857,N,10700.1127,W,1,10,0.90,2204.6,M,-18.0,M,,*5E
$GPGSA,A,3,05,07,13,15,18,20,24,30,02,12,,,1.7,0.9,1.4*33
$GPGSV,3,1,10,05,55,120,44,07,34,210,38,13,21,300,35,15,60,045,44*73
$GPGSV,3,2,10,18,12,090,30,20,48,270,41,24,08,180,28,30,29,330,37*76
$GPGSV,3,3,10,02,41,150,33,12,17,060,31*7A
$GPRMC,100631.00,A,3859.5857,N,10700.1127,W,6.77,125.0,080726,,,A*79
$GPGGA,100632.00,3859.5846,N,10700.1107,W,1,10,0.90,2204.0,M,-18.0,M,,*59
$GPGSA,A,3,05,07,13,15,18,20,24,30,02,12,,,1.7,0.9,1.4*33
$GPGSV,3,1,10,05,55,120,44,07,34,210,38,13,21,300,35,15,60,045,44*73
$GPGSV,3,2,10,18,12,090,30,20,48,270,41,24,08,180,28,30,29,330,37*76
$GPGSV,3,3,10,02,41,150,33,12,17,060,31*7A
$GPRMC,100632.00,A,3859.5846,N,10700.1107,W,6.78,125.0,080726,,,A*77
$GPGGA,100633.00,3859.5835,N,10700.1087,W,1,10,0.90,2203.5,M,-18.0,M,,*57
$GPGSA,A,3,05,07,13,15,18,20,24,30,02,12,,,1.7,0.9,1.4*33
$GPGSV,3,1,10,05,55,120,44,07,34,210,38,13,21,300,35,15,60,045,44*73
$GPGSV,3,2,10,18,12,090,30,20,48,270,41,24,08,180,28,30,29,330,37*76
$GPGSV,3,3,10,02,41,150,33,12,17,060,31*7A
$GPRMC,100633.00,A,3859.5835,N,10700.1087,W,6.78,125.0,080726,,,A*7B
$GPGGA,100634.00,3859.5824,N,10700.1067,W,1,10,0.90,2202.9,M,-18.0,M,,*53
$GPGSA,A,3,05,07,13,15,18,20,24,30,02,12,,,1.7,0.9,1.4*33
$GPGSV,3,1,10,05,55,120,44,07,34,210,38,13,21,300,35,15,60,045,44*73
$GPGSV,3,2,10,18,12,090,30,20,48,270,41,24,08,180,28,30,29,330,37*76
$GPGSV,3,3,10,02,41,150,33,12,17,060,31*7A
$GPRMC,100634.00,A,3859.5824,N,10700.1067,W,6.79,125.0,080726,,,A*73
$GPGGA,100635.00,3859.5813,N,10700.1047,W,1,10,0.90,2202.4,M,-18.0,M,,*59
$GPGSA,A,3,05,07,13,15,18,20,24,30,02,12,,,1.7,0.9,1.4*33
$GPGSV,3,1,10,05,55,120,44,07,34,210,38,13,21,300,35,15,60,045,44*73
$GPGSV,3,2,10,18,12,090,30,20,48,270,41,24,08,180,28,30,29,330,37*76
$GPGSV,3,3,10,02,41,150,33,12,17,060,31*7A
$GPRMC,100635.00,A,3859.5813,N,10700.1047,W,6.79,125.0,080726,,,A*74
$GPGGA,100636.00,3859.5803,N,10700.1027,W,1,10,0.90,2201.8,M,-18.0,M,,*52
$GPGSA,A,3,05,07,13,15,18,20,24,30,02,12,,,1.7,0.9,1.4*33
$GPGSV,3,1,10,05,55,120,44,07,34,210,38,13,21,300,35,15,60,045,44*73
$GPGSV,3,2,10,18,12,090,30,20,48,270,41,24,08,180,28,30,29,330,37*76
$GPGSV,3,3,10,02,41,150,33,12,17,060,31*7A
$GPRMC,100636.00,A,3859.5803,N,10700.1027,W,6.80,125.0,080726,,,A*76
$GPGGA,100637.00,3859.5792,N,10700.1008,W,1,10,0.90,2201.3,M,-18.0,M,,*52
$GPGSA,A,3,05,07,13,15,18,20,24,30,02,12,,,1.7,0.9,1.4*33
$GPGSV,3,1,10,05,55,120,44,07,34,210,38,13,21,300,35,15,60,045,44*73
$GPGSV,3,2,10,18,12,090,30,20,48,270,41,24,08,180,28,30,29,330,37*76
$GPGSV,3,3,10,02,41,150,33,12,17,060,31*7A
$GPRMC,100637.00,A,3859.5792,N,10700.1008,W,6.81,125.0,080726,,,A*7C
$GPGGA,100638.00,3859.5781,N,10700.0988,W,1,10,0.90,2200.7,M,-18.0,M,,*5A
$GPGSA,A,3,05,07,13,15,18,20,24,30,02,12,,,1.7,0.9,1.4*33
$GPGSV,3,1,10,05,55,120,44,07,34,210,38,13,21,300,35,15,60,045,44*73
$GPGSV,3,2,10,18,12,090,30,20,48,270,41,24,08,180,28,30,29,330,37*76
$GPGSV,3,3,10,02,41,150,33,12,17,060,31*7A
$GPRMC,100638.00,A,3859.5781,N,10700.0988,W,6.81,125.0,080726,,,A*71
$GPGGA,100639.00,3859.5770,N,10700.0968,W,1,10,0.90,2200.2,M,-18.0,M,,*5E
$GPGSA,A,3,05,07,13,15,18,20,24,30,02,12,,,1.7,0.9,1.4*33
$GPGSV,3,1,10,05,55,120,44,07,34,210,38,13,21,300,35,15,60,045,44*73
$GPGSV,3,2,10,18,12,090,30,20,48,270,41,24,08,180,28,30,29,330,37*76
$GPGSV,3,3,10,02,41,150,33,12,17,060,31*7A
$GPRMC,100639.00,A,3859.5770,N,10700.0968,W,6.82,125.0,080726,,,A*73
$GPGGA,100640.00,3859.5759,N,10700.0948,W,1,10,0.90,2199.7,M,-18.0,M,,*5F
$GPGSA,A,3,05,07,13,15,18,20,24,30,02,12,,,1.7,0.9,1.4*33
$GPGSV,3,1,10,05,55,120,44,07,34,210,38,13,21,300,35,15,60,045,44*73
$GPGSV,3,2,10,18,12,090,30,20,48,270,41,24,08,180,28,30,29,330,37*76
$GPGSV,3,3,10,02,41,150,33,12,17,060,31*7A
$GPRMC,100640.00,A,3859.5759,N,10700.0948,W,6.82,125.0,080726,,,A*74
$GPGGA,100641.00,3859.5748,N,10700.0928,W,1,10,0.90,2199.1,M,-18.0,M,,*5E
$GPGSA,A,3,05,07,13,15,18,20,24,30,02,12,,,1.7,0.9,1.4*33
$GPGSV,3,1,10,05,55,120,44,07,34,210,38,13,21,300,35,15,60,045,44*73
$GPGSV,3,2,10,18,12,090,30,20,48,270,41,24,08,180,28,30,29,330,37*76
$GPGSV,3,3,10,02,41,150,33,12,17,060,31*7A
$GPRMC,100641.00,A,3859.5748,N,10700.0928,W,6.83,125.0,080726,,,A*72
$GPGGA,100642.00,3859.5738,N,10700.0908,W,1,10,0.90,2198.6,M,-18.0,M,,*5E
$GPGSA,A,3,05,07,13,15,18,20,24,30,02,12,,,1.7,0.9,1.4*33
$GPGSV,3,1,10,05,55,120,44,07,34,210,38,13,21,300,35,15,60,045,44*73
$GPGSV,3,2,10,18,12,090,30,20,48,270,41,24,08,180,28,30,29,330,37*76
$GPGSV,3,3,10,02,41,150,33,12,17,060,31*7A
$GPRMC,100642.00,A,3859.5738,N,10700.0908,W,6.83,125.0,080726,,,A*74
$GPGGA,100643.00,3859.5727,N,10700.0888,W,1,10,0.90,2198.0,M,-18.0,M,,*5E
$GPGSA,A,3,05,07,13,15,18,20,24,30,02,12,,,1.7,0.9,1.4*33
$GPGSV,3,1,10,05,55,120,44,07,34,210,38,13,21,300,35,15,60,045,44*73
$GPGSV,3,2,10,18,12,090,30,20,48,270,41,24,08,180,28,30,29,330,37*76
$GPGSV,3,3,10,02,41,150,33,12,17,060,31*7A
$GPRMC,100643.00,A,3859.5727,N,10700.0888,W,6.83,125.0,080726,,,A*72
$GPGGA,100644.00,3859.5716,N,10700.0868,W,1,10,0.90,2197.5,M,-18.0,M,,*5F
$GPGSA,A,3,05,07,13,15,18,20,24,30,02,12,,,1.7,0.9,1.4*33
$GPGSV,3,1,10,05,55,120,44,07,34,210,38,13,21,300,35,15,60,045,44*73
$GPGSV,3,2,10,18,12,090,30,20,48,270,41,24,08,180,28,30,29,330,37*76
$GPGSV,3,3,10,02,41,150,33,12,17,060,31*7A
$GPRMC,100644.00,A,3859.5716,N,10700.0868,W,6.84,125.0,080726,,,A*7E
$GPGGA,100645.00,3859.5705,N,10700.0848,W,1,10,0.90,2196.9,M,-18.0,M,,*53
$GPGSA,A,3,05,07,13,15,18,20,24,30,02,12,,,1.7,0.9,1.4*33
$GPGSV,3,1,10,05,55,120,44,07,34,210,38,13,21,300,35,15,60,045,44*73
$GPGSV,3,2,10,18,12,090,30,20,48,270,41,24,08,180,28,30,29,330,37*76
$GPGSV,3,3,10,02,41,150,33,12,17,060,31*7A
$GPRMC,100645.00,A,3859.5705,N,10700.0848,W,6.84,125.0,080726,,,A*7F
$GPGGA,100646.00,3859.5694,N,10700.0828,W,1,10,0.90,2196.4,M,-18.0,M,,*52
$GPGSA,A,3,05,07,13,15,18,20,24,30,02,12,,,1.7,0.9,1.4*33
$GPGSV,3,1,10,05,55,120,44,07,34,210,38,13,21,300,35,15,60,045,44*73
$GPGSV,3,2,10,18,12,090,30,20,48,270,41,24,08,180,28,30,29,330,37*76
$GPGSV,3,3,10,02,41,150,33,12,17,060,31*7A
$GPRMC,100646.00,A,3859.5694,N,10700.0828,W,6.85,125.0,080726,,,A*72
$GPGGA,100647.00,3859.5683,N,10700.0808,W,1,11,0.90,2195.9,M,-18.0,M,,*58
$GPGSA,A,3,05,07,13,15,18,20,24,30,02,12,25,,1.7,0.9,1.4*34
$GPGSV,3,1,11,05,55,120,44,07,34,210,38,13,21,300,35,15,60,045,44*72
$GPGSV,3,2,11,18,12,090,30,20,48,270,41,24,08,180,28,30,29,330,37*77
$GPGSV,3,3,11,02,41,150,33,12,17,060,31,25,72,015,45*4C
$GPRMC,100647.00,A,3859.5683,N,10700.0808,W,6.85,125.0,080726,,,A*77
$GPGGA,100648.00,3859.5672,N,10700.0788,W,1,11,0.90,2195.3,M,-18.0,M,,*54
$GPGSA,A,3,05,07,13,15,18,20,24,30,02,12,25,,1.7,0.9,1.4*34
$GPGSV,3,1,11,05,55,120,44,07,34,210,38,13,21,300,35,15,60,045,44*72
$GPGSV,3,2,11,18,12,090,30,20,48,270,41,24,08,180,28,30,29,330,37*77
$GPGSV,3,3,11,02,41,150,33,12,17,060,31,25,72,015,45*4C
$GPRMC,100648.00,A,3859.5672,N,10700.0788,W,6.86,125.0,080726,,,A*72
$GPGGA,100649.00,3859.5661,N,10700.0768,W,1,11,0.90,2194.8,M,-18.0,M,,*53
$GPGSA,A,3,05,07,13,15,18,20,24,30,02,12,25,,1.7,0.9,1.4*34
$GPGSV,3,1,11,05,55,120,44,07,34,210,38,13,21,300,35,15,60,045,44*72
$GPGSV,3,2,11,18,12,090,30,20,48,270,41,24,08,180,28,30,29,330,37*77
$GPGSV,3,3,11,02,41,150,33,12,17,060,31,25,72,015,45*4C
$GPRMC,100649.00,A,3859.5661,N,10700.0768,W,6.86,125.0,080726,,,A*7F
$GPGGA,100650.00,3859.5650,N,10700.0748,W,1,11,0.90,2194.2,M,-18.0,M,,*51
$GPGSA,A,3,05,07,13,15,18,20,24,30,02,12,25,,1.7,0.9,1.4*34
$GPGSV,3,1,11,05,55,120,44,07,34,210,38,13,21,300,35,15,60,045,44*72
$GPGSV,3,2,11,18,12,090,30,20,48,270,41,24,08,180,28,30,29,330,37*77
$GPGSV,3,3,11,02,41,150,33,12,17,060,31,25,72,015,45*4C
$GPRMC,100650.00,A,3859.5650,N,10700.0748,W,6.86,125.0,080726,,,A*77
$GPGGA,100651.00,3859.5640,N,10700.0728,W,1,11,0.90,2193.7,M,-18.0,M,,*55
$GPGSA,A,3,05,07,13,15,18,20,24,30,02,12,25,,1.7,0.9,1.4*34
$GPGSV,3,1,11,05,55,120,44,07,34,210,38,13,21,300,35,15,60,045,44*72
$GPGSV,3,2,11,18,12,090,30,20,48,270,41,24,08,180,28,30,29,330,37*77
$GPGSV,3,3,11,02,41,150,33,12,17,060,31,25,72,015,45*4C
$GPRMC,100651.00,A,3859.5640,N,10700.0728,W,6.87,125.0,080726,,,A*70
$GPGGA,100652.00,3859.5629,N,10700.0708,W,1,11,0.90,2193.2,M,-18.0,M,,*5E
$GPGSA,A,3,05,07,13,15,18,20,24,30,02,12,25,,1.7,0.9,1.4*34
$GPGSV,3,1,11,05,55,120,44,07,34,210,38,13,21,300,35,15,60,045,44*72
$GPGSV,3,2,11,18,12,090,30,20,48,270,41,24,08,180,28,30,29,330,37*77
$GPGSV,3,3,11,02,41,150,33,12,17,060,31,25,72,015,45*4C
$GPRMC,100652.00,A,3859.5629,N,10700.0708,W,6.87,125.0,080726,,,A*7E
$GPGGA,100653.00,3859.5618,N,10700.0688,W,1,11,0.90,2192.6,M,-18.0,M,,*51
$GPGSA,A,3,05,07,13,15,18,20,24,30,02,12,25,,1.7,0.9,1.4*34
$GPGSV,3,1,11,05,55,120,44,07,34,210,38,13,21,300,35,15,60,045,44*72
$GPGSV,3,2,11,18,12,090,30,20,48,270,41,24,08,180,28,30,29,330,37*77
$GPGSV,3,3,11,02,41,150,33,12,17,060,31,25,72,015,45*4C
$GPRMC,100653.00,A,3859.5618,N,10700.0688,W,6.87,125.0,080726,,,A*74
$GPGGA,100654.00,3859.5607,N,10700.0668,W,1,11,0.90,2192.1,M,-18.0,M,,*51
$GPGSA,A,3,05,07,13,15,18,20,24,30,02,12,25,,1.7,0.9,1.4*34
$GPGSV,3,1,11,05,55,120,44,07,34,210,38,13,21,300,35,15,60,045,44*72
$GPGSV,3,2,11,18,12,090,30,20,48,270,41,24,08,180,28,30,29,330,37*77
$GPGSV,3,3,11,02,41,150,33,12,17,060,31,25,72,015,45*4C
$GPRMC,100654.00,A,3859.5607,N,10700.0668,W,6.87,125.0,080726,,,A*73
$GPGGA,100655.00,3859.5596,N,10700.0648,W,1,11,0.90,2191.6,M,-18.0,M,,*5D
$GPGSA,A,3,05,07,13,15,18,20,24,30,02,12,25,,1.7,0.9,1.4*34
$GPGSV,3,1,11,05,55,120,44,07,34,210,38,13,21,300,35,15,60,045,44*72
$GPGSV,3,2,11,18,12,090,30,20,48,270,41,24,08,180,28,30,29,330,37*77
$GPGSV,3,3,11,02,41,150,33,12,17,060,31,25,72,015,45*4C
$GPRMC,100655.00,A,3859.5596,N,10700.0648,W,6.88,125.0,080726,,,A*74
$GPGGA,100656.00,3859.5585,N,10700.0628,W,1,11,0.90,2191.0,M,-18.0,M,,*5C
$GPGSA,A,3,05,07,13,15,18,20,24,30,02,12,25,,1.7,0.9,1.4*34
$GPGSV,3,1,11,05,55,120,44,07,34,210,38,13,21,300,35,15,60,045,44*72
$GPGSV,3,2,11,18,12,090,30,20,48,270,41,24,08,180,28,30,29,330,37*77
$GPGSV,3,3,11,02,41,150,33,12,17,060,31,25,72,015,45*4C
$GPRMC,100656.00,A,3859.5585,N,10700.0628,W,6.88,125.0,080726,,,A*73
$GPGGA,100657.00,3859.5574,N,10700.0607,W,1,11,0.90,2190.5,M,-18.0,M,,*5A
$GPGSA,A,3,05,07,13,15,18,20,24,30,02,12,25,,1.7,0.9,1.4*34
$GPGSV,3,1,11,05,55,120,44,07,34,210,38,13,21,300,35,15,60,045,44*72
$GPGSV,3,2,11,18,12,090,30,20,48,270,41,24,08,180,28,30,29,330,37*77
$GPGSV,3,3,11,02,41,150,33,12,17,060,31,25,72,015,45*4C
$GPRMC,100657.00,A,3859.5574,N,10700.0607,W,6.88,125.0,080726,,,A*71
$GPGGA,100658.00,3859.5563,N,10700.0587,W,1,11,0.90,2190.0,M,-18.0,M,,*5D
$GPGSA,A,3,05,07,13,15,18,20,24,30,02,12,25,,1.7,0.9,1.4*34
$GPGSV,3,1,11,05,55,120,44,07,34,210,38,13,21,300,35,15,60,045,44*72
$GPGSV,3,2,11,18,12,090,30,20,48,270,41,24,08,180,28,30,29,330,37*77
$GPGSV,3,3,11,02,41,150,33,12,17,060,31,25,72,015,45*4C
$GPRMC,100658.00,A,3859.5563,N,10700.0587,W,6.89,125.0,080726,,,A*72
$GPGGA,100659.00,3859.5552,N,10700.0567,W,1,11,0.90,2189.5,M,-18.0,M,,*5D
$GPGSA,A,3,05,07,13,15,18,20,24,30,02,12,25,,1.7,0.9,1.4*34
$GPGSV,3,1,11,05,55,120,44,07,34,210,38,13,21,300,35,15,60,045,44*72
$GPGSV,3,2,11,18,12,090,30,20,48,270,41,24,08,180,28,30,29,330,37*77
$GPGSV,3,3,11,02,41,150,33,12,17,060,31,25,72,015,45*4C
$GPRMC,100659.00,A,3859.5552,N,10700.0567,W,6.89,125.0,080726,,,A*7F
$GPGGA,100700.00,3859.5541,N,10700.0547,W,1,11,0.90,2188.9,M,-18.0,M,,*5D
$GPGSA,A,3,05,07,13,15,18,20,24,30,02,12,25,,1.7,0.9,1.4*34
$GPGSV,3,1,11,05,55,120,44,07,34,210,38,13,21,300,35,15,60,045,44*72
$GPGSV,3,2,11,18,12,090,30,20,48,270,41,24,08,180,28,30,29,330,37*77
$GPGSV,3,3,11,02,41,150,33,12,17,060,31,25,72,015,45*4C
$GPRMC,100700.00,A,3859.5541,N,10700.0547,W,6.89,125.0,080726,,,A*72
$GPGGA,100701.00,3859.5530,N,10700.0527,W,1,11,0.90,2188.4,M,-18.0,M,,*51
$GPGSA,A,3,05,07,13,15,18,20,24,30,02,12,25,,1.7,0.9,1.4*34
$GPGSV,3,1,11,05,55,120,44,07,34,210,38,13,21,300,35,15,60,045,44*72
$GPGSV,3,2,11,18,12,090,30,20,48,270,41,24,08,180,28,30,29,330,37*77
$GPGSV,3,3,11,02,41,150,33,12,17,060,31,25,72,015,45*4C
$GPRMC,100701.00,A,3859.5530,N,10700.0527,W,6.89,125.0,080726,,,A*73
$GPGGA,100702.00,3859.5519,N,10700.0507,W,1,11,0.90,2187.9,M,-18.0,M,,*59
$GPGSA,A,3,05,07,13,15,18,20,24,30,02,12,25,,1.7,0.9,1.4*34
$GPGSV,3,1,11,05,55,120,44,07,34,210,38,13,21,300,35,15,60,045,44*72
$GPGSV,3,2,11,18,12,090,30,20,48,270,41,24,08,180,28,30,29,330,37*77
$GPGSV,3,3,11,02,41,150,33,12,17,060,31,25,72,015,45*4C
$GPRMC,100702.00,A,3859.5519,N,10700.0507,W,6.89,125.0,080726,,,A*79
$GPGGA,100703.00,3859.5508,N,10700.0487,W,1,11,0.90,2187.4,M,-18.0,M,,*5C
$GPGSA,A,3,05,07,13,15,18,20,24,30,02,12,25,,1.7,0.9,1.4*34
$GPGSV,3,1,11,05,55,120,44,07,34,210,38,13,21,300,35,15,60,045,44*72
$GPGSV,3,2,11,18,12,090,30,20,48,270,41,24,08,180,28,30,29,330,37*77
$GPGSV,3,3,11,02,41,150,33,12,17,060,31,25,72,015,45*4C
$GPRMC,100703.00,A,3859.5508,N,10700.0487,W,6.89,125.0,080726,,,A*71
$GPGGA,100704.00,3859.5497,N,10700.0466,W,1,11,0.90,2186.9,M,-18.0,M,,*5F
$GPGSA,A,3,05,07,13,15,18,20,24,30,02,12,25,,1.7,0.9,1.4*34
$GPGSV,3,1,11,05,55,120,44,07,34,210,38,13,21,300,35,15,60,045,44*72
$GPGSV,3,2,11,18,12,090,30,20,48,270,41,24,08,180,28,30,29,330,37*77
$GPGSV,3,3,11,02,41,150,33,12,17,060,31,25,72,015,45*4C
$GPRMC,100704.00,A,3859.5497,N,10700.0466,W,6.90,125.0,080726,,,A*76
$GPGGA,100705.00,3859.5486,N,10700.0446,W,1,11,0.90,2186.3,M,-18.0,M,,*56
$GPGSA,A,3,05,07,13,15,18,20,24,30,02,12,25,,1.7,0.9,1.4*34
$GPGSV,3,1,11,05,55,120,44,07,34,210,38,13,21,300,35,15,60,045,44*72
$GPGSV,3,2,11,18,12,090,30,20,48,270,41,24,08,180,28,30,29,330,37*77
$GPGSV,3,3,11,02,41,150,33,12,17,060,31,25,72,015,45*4C
$GPRMC,100705.00,A,3859.5486,N,10700.0446,W,6.90,125.0,080726,,,A*75
$GPGGA,100706.00,3859.5475,N,10700.0426,W,1,11,0.90,2185.8,M,-18.0,M,,*57
$GPGSA,A,3,05,07,13,15,18,20,24,30,02,12,25,,1.7,0.9,1.4*34
$GPGSV,3,1,11,05,55,120,44,07,34,210,38,13,21,300,35,15,60,045,44*72
$GPGSV,3,2,11,18,12,090,30,20,48,270,41,24,08,180,28,30,29,330,37*77
$GPGSV,3,3,11,02,41,150,33,12,17,060,31,25,72,015,45*4C
$GPRMC,100706.00,A,3859.5475,N,10700.0426,W,6.90,125.0,080726,,,A*7C
$GPGGA,100707.00,3859.5464,N,10700.0406,W,1,11,0.90,2185.3,M,-18.0,M,,*5F
$GPGSA,A,3,05,07,13,15,18,20,24,30,02,12,25,,1.7,0.9,1.4*34
$GPGSV,3,1,11,05,55,120,44,07,34,210,38,13,21,300,35,15,60,045,44*72
$GPGSV,3,2,11,18,12,090,30,20,48,270,41,24,08,180,28,30,29,330,37*77
$GPGSV,3,3,11,02,41,150,33,12,17,060,31,25,72,015,45*4C
$GPRMC,100707.00,A,3859.5464,N,10700.0406,W,6.90,125.0,080726,,,A*7F
$GPGGA,100708.00,3859.5453,N,10700.0386,W,1,11,0.90,2184.8,M,-18.0,M,,*51
$GPGSA,A,3,05,07,13,15,18,20,24,30,02,12,25,,1.7,0.9,1.4*34
$GPGSV,3,1,11,05,55,120,44,07,34,210,38,13,21,300,35,15,60,045,44*72
$GPGSV,3,2,11,18,12,090,30,20,48,270,41,24,08,180,28,30,29,330,37*77
$GPGSV,3,3,11,02,41,150,33,12,17,060,31,25,72,015,45*4C
$GPRMC,100708.00,A,3859.5453,N,10700.0386,W,6.90,125.0,080726,,,A*7B
$GPGGA,100709.00,3859.5442,N,10700.0366,W,1,11,0.90,2184.3,M,-18.0,M,,*55
$GPGSA,A,3,05,07,13,15,18,20,24,30,02,12,25,,1.7,0.9,1.4*34
$GPGSV,3,1,11,05,55,120,44,07,34,210,38,13,21,300,35,15,60,045,44*72
$GPGSV,3,2,11,18,12,090,30,20,48,270,41,24,08,180,28,30,29,330,37*77
$GPGSV,3,3,11,02,41,150,33,12,17,060,31,25,72,015,45*4C
$GPRMC,100709.00,A,3859.5442,N,10700.0366,W,6.90,125.0,080726,,,A*74
$GPGGA,100710.00,3859.5431,N,10700.0346,W,1,11,0.90,2183.8,M,-18.0,M,,*57
$GPGSA,A,3,05,07,13,15,18,20,24,30,02,12,25,,1.7,0.9,1.4*34
$GPGSV,3,1,11,05,55,120,44,07,34,210,38,13,21,300,35,15,60,045,44*72
$GPGSV,3,2,11,18,12,090,30,20,48,270,41,24,08,180,28,30,29,330,37*77
$GPGSV,3,3,11,02,41,150,33,12,17,060,31,25,72,015,45*4C
$GPRMC,100710.00,A,3859.5431,N,10700.0346,W,6.90,125.0,080726,,,A*7A
$GPGGA,100711.00,3859.5421,N,10700.0325,W,1,11,0.90,2183.3,M,-18.0,M,,*59
$GPGSA,A,3,05,07,13,15,18,20,24,30,02,12,25,,1.7,0.9,1.4*34
$GPGSV,3,1,11,05,55,120,44,07,34,210,38,13,21,300,35,15,60,045,44*72
$GPGSV,3,2,11,18,12,090,30,20,48,270,41,24,08,180,28,30,29,330,37*77
$GPGSV,3,3,11,02,41,150,33,12,17,060,31,25,72,015,45*4C
$GPRMC,100711.00,A,3859.5421,N,10700.0325,W,6.90,125.0,080726,,,A*7F
$GPGGA,100712.00,3859.5410,N,10700.0305,W,1,11,0.90,2182.8,M,-18.0,M,,*50
$GPGSA,A,3,05,07,13,15,18,20,24,30,02,12,25,,1.7,0.9,1.4*34
$GPGSV,3,1,11,05,55,120,44,07,34,210,38,13,21,300,35,15,60,045,44*72
$GPGSV,3,2,11,18,12,090,30,20,48,270,41,24,08,180,28,30,29,330,37*77
$GPGSV,3,3,11,02,41,150,33,12,17,060,31,25,72,015,45*4C
$GPRMC,100712.00,A,3859.5410,N,10700.0305,W,6.90,125.0,080726,,,A*7C
$GPGGA,100713.00,3859.5399,N,10700.0285,W,1,11,0.90,2182.3,M,-18.0,M,,*55
$GPGSA,A,3,05,07,13,15,18,20,24,30,02,12,25,,1.7,0.9,1.4*34
$GPGSV,3,1,11,05,55,120,44,07,34,210,38,13,21,300,35,15,60,045,44*72
$GPGSV,3,2,11,18,12,090,30,20,48,270,41,24,08,180,28,30,29,330,37*77
$GPGSV,3,3,11,02,41,150,33,12,17,060,31,25,72,015,45*4C
$GPRMC,100713.00,A,3859.5399,N,10700.0285,W,6.90,125.0,080726,,,A*72
$GPGGA,100714.00,3859.5388,N,10700.0265,W,1,11,0.90,2181.8,M,-18.0,M,,*54
$GPGSA,A,3,05,07,13,15,18,20,24,30,02,12,25,,1.7,0.9,1.4*34
$GPGSV,3,1,11,05,55,120,44,07,34,210,38,13,21,300,35,15,60,045,44*72
$GPGSV,3,2,11,18,12,090,30,20,48,270,41,24,08,180,28,30,29,330,37*77
$GPGSV,3,3,11,02,41,150,33,12,17,060,31,25,72,015,45*4C
$GPRMC,100714.00,A,3859.5388,N,10700.0265,W,6.90,125.0,080726,,,A*7B
$GPGGA,100715.00,3859.5377,N,10700.0245,W,1,11,0.90,2181.3,M,-18.0,M,,*5C
$GPGSA,A,3,05,07,13,15,18,20,24,30,02,12,25,,1.7,0.9,1.4*34
$GPGSV,3,1,11,05,55,120,44,07,34,210,38,13,21,300,35,15,60,045,44*72
$GPGSV,3,2,11,18,12,090,30,20,48,270,41,24,08,180,28,30,29,330,37*77
$GPGSV,3,3,11,02,41,150,33,12,17,060,31,25,72,015,45*4C
$GPRMC,100715.00,A,3859.5377,N,10700.0245,W,6.90,125.0,080726,,,A*78
$GPGGA,100716.00,3859.5366,N,10700.0225,W,1,11,0.90,2180.8,M,-18.0,M,,*53
$GPGSA,A,3,05,07,13,15,18,20,24,30,02,12,25,,1.7,0.9,1.4*34
$GPGSV,3,1,11,05,55,120,44,07,34,210,38,13,21,300,35,15,60,045,44*72
$GPGSV,3,2,11,18,12,090,30,20,48,270,41,24,08,180,28,30,29,330,37*77
$GPGSV,3,3,11,02,41,150,33,12,17,060,31,25,72,015,45*4C
$GPRMC,100716.00,A,3859.5366,N,10700.0225,W,6.90,125.0,080726,,,A*7D
$GPGGA,100717.00,3859.5355,N,10700.0204,W,1,11,0.90,2180.3,M,-18.0,M,,*5A
$GPGSA,A,3,05,07,13,15,18,20,24,30,02,12,25,,1.7,0.9,1.4*34
$GPGSV,3,1,11,05,55,120,44,07,34,210,38,13,21,300,35,15,60,045,44*72
$GPGSV,3,2,11,18,12,090,30,20,48,270,41,24,08,180,28,30,29,330,37*77
$GPGSV,3,3,11,02,41,150,33,12,17,060,31,25,72,015,45*4C
$GPRMC,100717.00,A,3859.5355,N,10700.0204,W,6.90,125.0,080726,,,A*7F
$GPGGA,100718.00,3859.5344,N,10700.0184,W,1,11,0.90,2179.8,M,-18.0,M,,*53
$GPGSA,A,3,05,07,13,15,18,20,24,30,02,12,25,,1.7,0.9,1.4*34
$GPGSV,3,1,11,05,55,120,44,07,34,210,38,13,21,300,35,15,60,045,44*72
$GPGSV,3,2,11,18,12,090,30,20,48,270,41,24,08,180,28,30,29,330,37*77
$GPGSV,3,3,11,02,41,150,33,12,17,060,31,25,72,015,45*4C
$GPRMC,100718.00,A,3859.5344,N,10700.0184,W,6.90,125.0,080726,,,A*7B
$GPGGA,100719.00,3859.5333,N,10700.0164,W,1,11,0.90,2179.3,M,-18.0,M,,*57
$GPGSA,A,3,05,07,13,15,18,20,24,30,02,12,25,,1.7,0.9,1.4*34
$GPGSV,3,1,11,05,55,120,44,07,34,210,38,13,21,300,35,15,60,045,44*72
$GPGSV,3,2,11,18,12,090,30,20,48,270,41,24,08,180,28,30,29,330,37*77
$GPGSV,3,3,11,02,41,150,33,12,17,060,31,25,72,015,45*4C
$GPRMC,100719.00,A,3859.5333,N,10700.0164,W,6.90,125.0,080726,,,A*74
$GPGGA,100720.00,3859.5322,N,10700.0144,W,1,11,0.90,2178.9,M,-18.0,M,,*54
$GPGSA,A,3,05,07,13,15,18,20,24,30,02,12,25,,1.7,0.9,1.4*34
$GPGSV,3,1,11,05,55,120,44,07,34,210,38,13,21,300,35,15,60,045,44*72
$GPGSV,3,2,11,18,12,090,30,20,48,270,41,24,08,180,28,30,29,330,37*77
$GPGSV,3,3,11,02,41,150,33,12,17,060,31,25,72,015,45*4C
$GPRMC,100720.00,A,3859.5322,N,10700.0144,W,6.90,125.0,080726,,,A*7C
$GPGGA,100721.00,3859.5311,N,10700.0124,W,1,11,0.90,2178.4,M,-18.0,M,,*5E
$GPGSA,A,3,05,07,13,15,18,20,24,30,02,12,25,,1.7,0.9,1.4*34
$GPGSV,3,1,11,05,55,120,44,07,34,210,38,13,21,300,35,15,60,045,44*72
$GPGSV,3,2,11,18,12,090,30,20,48,270,41,24,08,180,28,30,29,330,37*77
$GPGSV,3,3,11,02,41,150,33,12,17,060,31,25,72,015,45*4C
$GPRMC,100721.00,A,3859.5311,N,10700.0124,W,6.89,125.0,080726,,,A*73
$GPGGA,100722.00,3859.5300,N,10700.0104,W,1,11,0.90,2177.9,M,-18.0,M,,*5D
$GPGSA,A,3,05,07,13,15,18,20,24,30,02,12,25,,1.7,0.9,1.4*34
$GPGSV,3,1,11,05,55,120,44,07,34,210,38,13,21,300,35,15,60,045,44*72
$GPGSV,3,2,11,18,12,090,30,20,48,270,41,24,08,180,28,30,29,330,37*77
$GPGSV,3,3,11,02,41,150,33,12,17,060,31,25,72,015,45*4C
$GPRMC,100722.00,A,3859.5300,N,10700.0104,W,6.89,125.0,080726,,,A*72
$GPGGA,100723.00,3859.5289,N,10700.0083,W,1,11,0.90,2177.4,M,-18.0,M,,*5F
$GPGSA,A,3,05,07,13,15,18,20,24,30,02,12,25,,1.7,0.9,1.4*34
$GPGSV,3,1,11,05,55,120,44,07,34,210,38,13,21,300,35,15,60,045,44*72
$GPGSV,3,2,11,18,12,090,30,20,48,270,41,24,08,180,28,30,29,330,37*77
$GPGSV,3,3,11,02,41,150,33,12,17,060,31,25,72,015,45*4C
$GPRMC,100723.00,A,3859.5289,N,10700.0083,W,6.89,125.0,080726,,,A*7D
$GPGGA,100724.00,3859.5278,N,10700.0063,W,1,09,0.90,2176.9,M,-18.0,M,,*5D
$GPGSA,A,3,05,07,13,15,18,20,24,30,02,,,,1.7,0.9,1.4*30
$GPGSV,3,1,09,05,55,120,44,07,34,210,38,13,21,300,35,15,60,045,44*7B
$GPGSV,3,2,09,18,12,090,30,20,48,270,41,24,08,180,28,30,29,330,37*7E
$GPGSV,3,3,09,02,41,150,33*43
$GPRMC,100724.00,A,3859.5278,N,10700.0063,W,6.89,125.0,080726,,,A*7A
$GPGGA,100725.00,3859.5267,N,10700.0043,W,1,09,0.90,2176.5,M,-18.0,M,,*5C
$GPGSA,A,3,05,07,13,15,18,20,24,30,02,,,,1.7,0.9,1.4*30
$GPGSV,3,1,09,05,55,120,44,07,34,210,38,13,21,300,35,15,60,045,44*7B
$GPGSV,3,2,09,18,12,090,30,20,48,270,41,24,08,180,28,30,29,330,37*7E
$GPGSV,3,3,09,02,41,150,33*43
$GPRMC,100725.00,A,3859.5267,N,10700.0043,W,6.89,125.0,080726,,,A*77
$GPGGA,100726.00,3859.5256,N,10700.0023,W,1,09,0.90,2176.0,M,-18.0,M,,*5E
$GPGSA,A,3,05,07,13,15,18,20,24,30,02,,,,1.7,0.9,1.4*30
$GPGSV,3,1,09,05,55,120,44,07,34,210,38,13,21,300,35,15,60,045,44*7B
$GPGSV,3,2,09,18,12,090,30,20,48,270,41,24,08,180,28,30,29,330,37*7E
$GPGSV,3,3,09,02,41,150,33*43
$GPRMC,100726.00,A,3859.5256,N,10700.0023,W,6.88,125.0,080726,,,A*71
$GPGGA,100727.00,3859.5245,N,10700.0003,W,1,09,0.90,2175.5,M,-18.0,M,,*59
$GPGSA,A,3,05,07,13,15,18,20,24,30,02,,,,1.7,0.9,1.4*30
$GPGSV,3,1,09,05,55,120,44,07,34,210,38,13,21,300,35,15,60,045,44*7B
$GPGSV,3,2,09,18,12,090,30,20,48,270,41,24,08,180,28,30,29,330,37*7E
$GPGSV,3,3,09,02,41,150,33*43
$GPRMC,100727.00,A,3859.5245,N,10700.0003,W,6.88,125.0,080726,,,A*70
$GPGGA,100728.00,3859.5234,N,10659.9983,W,1,09,0.90,2175.0,M,-18.0,M,,*50
$GPGSA,A,3,05,07,13,15,18,20,24,30,02,,,,1.7,0.9,1.4*30
$GPGSV,3,1,09,05,55,120,44,07,34,210,38,13,21,300,35,15,60,045,44*7B
$GPGSV,3,2,09,18,12,090,30,20,48,270,41,24,08,180,28,30,29,330,37*7E
$GPGSV,3,3,09,02,41,150,33*43
$GPRMC,100728.00,A,3859.5234,N,10659.9983,W,6.88,125.0,080726,,,A*7C
$GPGGA,100729.00,3859.5223,N,10659.9963,W,1,09,0.90,2174.6,M,-18.0,M,,*5E
$GPGSA,A,3,05,07,13,15,18,20,24,30,02,,,,1.7,0.9,1.4*30
$GPGSV,3,1,09,05,55,120,44,07,34,210,38,13,21,300,35,15,60,045,44*7B
$GPGSV,3,2,09,18,12,090,30,20,48,270,41,24,08,180,28,30,29,330,37*7E
$GPGSV,3,3,09,02,41,150,33*43
$GPRMC,100729.00,A,3859.5223,N,10659.9963,W,6.88,125.0,080726,,,A*75
$GPGGA,100730.00,3859.5212,N,10659.9943,W,1,09,0.90,2174.1,M,-18.0,M,,*51
$GPGSA,A,3,05,07,13,15,18,20,24,30,02,,,,1.7,0.9,1.4*30
$GPGSV,3,1,09,05,55,120,44,07,34,210,38,13,21,300,35,15,60,045,44*7B
$GPGSV,3,2,09,18,12,090,30,20,48,270,41,24,08,180,28,30,29,330,37*7E
$GPGSV,3,3,09,02,41,150,33*43
$GPRMC,100730.00,A,3859.5212,N,10659.9943,W,6.87,180.0,080726,,,A*7D
$GPGGA,100731.00,3859.5193,N,10659.9943,W,1,09,0.90,2173.6,M,-18.0,M,,*5A
$GPGSA,A,3,05,07,13,15,18,20,24,30,02,,,,1.7,0.9,1.4*30
$GPGSV,3,1,09,05,55,120,44,07,34,210,38,13,21,300,35,15,60,045,44*7B
$GPGSV,3,2,09,18,12,090,30,20,48,270,41,24,08,180,28,30,29,330,37*7E
$GPGSV,3,3,09,02,41,150,33*43
$GPRMC,100731.00,A,3859.5193,N,10659.9943,W,6.87,193.8,080726,,,A*7C
$GPGGA,100732.00,3859.5175,N,10659.9948,W,1,09,0.90,2173.2,M,-18.0,M,,*5E
$GPGSA,A,3,05,07,13,15,18,20,24,30,02,,,,1.7,0.9,1.4*30
$GPGSV,3,1,09,05,55,120,44,07,34,210,38,13,21,300,35,15,60,045,44*7B
$GPGSV,3,2,09,18,12,090,30,20,48,270,41,24,08,180,28,30,29,330,37*7E
$GPGSV,3,3,09,02,41,150,33*43
$GPRMC,100732.00,A,3859.5175,N,10659.9948,W,6.87,207.5,080726,,,A*7F
$GPGGA,100733.00,3859.5158,N,10659.9960,W,1,09,0.90,2172.7,M,-18.0,M,,*5E
$GPGSA,A,3,05,07,13,15,18,20,24,30,02,,,,1.7,0.9,1.4*30
$GPGSV,3,1,09,05,55,120,44,07,34,210,38,13,21,300,35,15,60,045,44*7B
$GPGSV,3,2,09,18,12,090,30,20,48,270,41,24,08,180,28,30,29,330,37*7E
$GPGSV,3,3,09,02,41,150,33*43
$GPRMC,100733.00,A,3859.5158,N,10659.9960,W,6.87,221.2,080726,,,A*78
$GPGGA,100734.00,3859.5143,N,10659.9976,W,1,09,0.90,2172.2,M,-18.0,M,,*51
$GPGSA,A,3,05,07,13,15,18,20,24,30,02,,,,1.7,0.9,1.4*30
$GPGSV,3,1,09,05,55,120,44,07,34,210,38,13,21,300,35,15,60,045,44*7B
$GPGSV,3,2,09,18,12,090,30,20,48,270,41,24,08,180,28,30,29,330,37*7E
$GPGSV,3,3,09,02,41,150,33*43
$GPRMC,100734.00,A,3859.5143,N,10659.9976,W,6.86,235.0,080726,,,A*74
$GPGGA,100735.00,3859.5133,N,10659.9996,W,1,09,0.90,2171.8,M,-18.0,M,,*50
$GPGSA,A,3,05,07,13,15,18,20,24,30,02,,,,1.7,0.9,1.4*30
$GPGSV,3,1,09,05,55,120,44,07,34,210,38,13,21,300,35,15,60,045,44*7B
$GPGSV,3,2,09,18,12,090,30,20,48,270,41,24,08,180,28,30,29,330,37*7E
$GPGSV,3,3,09,02,41,150,33*43
$GPRMC,100735.00,A,3859.5133,N,10659.9996,W,6.86,235.0,080726,,,A*7C
$GPGGA,100736.00,3859.5122,N,10700.0016,W,1,09,0.90,2171.3,M,-18.0,M,,*5D
$GPGSA,A,3,05,07,13,15,18,20,24,30,02,,,,1.7,0.9,1.4*30
$GPGSV,3,1,09,05,55,120,44,07,34,210,38,13,21,300,35,15,60,045,44*7B
$GPGSV,3,2,09,18,12,090,30,20,48,270,41,24,08,180,28,30,29,330,37*7E
$GPGSV,3,3,09,02,41,150,33*43
$GPRMC,100736.00,A,3859.5122,N,10700.0016,W,6.86,235.0,080726,,,A*7A
$GPGGA,100737.00,3859.5111,N,10700.0036,W,1,09,0.90,2170.9,M,-18.0,M,,*55
$GPGSA,A,3,05,07,13,15,18,20,24,30,02,,,,1.7,0.9,1.4*30
$GPGSV,3,1,09,05,55,120,44,07,34,210,38,13,21,300,35,15,60,045,44*7B
$GPGSV,3,2,09,18,12,090,30,20,48,270,41,24,08,180,28,30,29,330,37*7E
$GPGSV,3,3,09,02,41,150,33*43
$GPRMC,100737.00,A,3859.5111,N,10700.0036,W,6.85,235.0,080726,,,A*7A
$GPGGA,100738.00,3859.5100,N,10700.0056,W,1,09,0.90,2170.4,M,-18.0,M,,*51
$GPGSA,A,3,05,07,13,15,18,20,24,30,02,,,,1.7,0.9,1.4*30
$GPGSV,3,1,09,05,55,120,44,07,34,210,38,13,21,300,35,15,60,045,44*7B
$GPGSV,3,2,09,18,12,090,30,20,48,270,41,24,08,180,28,30,29,330,37*7E
$GPGSV,3,3,09,02,41,150,33*43
$GPRMC,100738.00,A,3859.5100,N,10700.0056,W,6.85,235.0,080726,,,A*73
$GPGGA,100739.00,3859.5089,N,10700.0076,W,1,09,0.90,2169.9,M,-18.0,M,,*57
$GPGSA,A,3,05,07,13,15,18,20,24,30,02,,,,1.7,0.9,1.4*30
$GPGSV,3,1,09,05,55,120,44,07,34,210,38,13,21,300,35,15,60,045,44*7B
$GPGSV,3,2,09,18,12,090,30,20,48,270,41,24,08,180,28,30,29,330,37*7E
$GPGSV,3,3,09,02,41,150,33*43
$GPRMC,100739.00,A,3859.5089,N,10700.0076,W,6.84,235.0,080726,,,A*71
$GPGGA,100740.00,3859.5078,N,10700.0096,W,1,09,0.90,2169.5,M,-18.0,M,,*55
$GPGSA,A,3,05,07,13,15,18,20,24,30,02,,,,1.7,0.9,1.4*30
$GPGSV,3,1,09,05,55,120,44,07,34,210,38,13,21,300,35,15,60,045,44*7B
$GPGSV,3,2,09,18,12,090,30,20,48,270,41,24,08,180,28,30,29,330,37*7E
$GPGSV,3,3,09,02,41,150,33*43
$GPRMC,100740.00,A,3859.5078,N,10700.0096,W,6.84,235.0,080726,,,A*7F
$GPGGA,100741.00,3859.5067,N,10700.0116,W,1,09,0.90,2169.0,M,-18.0,M,,*56
$GPGSA,A,3,05,07,13,15,18,20,24,30,02,,,,1.7,0.9,1.4*30
$GPGSV,3,1,09,05,55,120,44,07,34,210,38,13,21,300,35,15,60,045,44*7B
$GPGSV,3,2,09,18,12,090,30,20,48,270,41,24,08,180,28,30,29,330,37*7E
$GPGSV,3,3,09,02,41,150,33*43
$GPRMC,100741.00,A,3859.5067,N,10700.0116,W,6.83,235.0,080726,,,A*7E
$GPGGA,100742.00,3859.5056,N,10700.0136,W,1,09,0.90,2168.6,M,-18.0,M,,*52
$GPGSA,A,3,05,07,13,15,18,20,24,30,02,,,,1.7,0.9,1.4*30
$GPGSV,3,1,09,05,55,120,44,07,34,210,38,13,21,300,35,15,60,045,44*7B
$GPGSV,3,2,09,18,12,090,30,20,48,270,41,24,08,180,28,30,29,330,37*7E
$GPGSV,3,3,09,02,41,150,33*43
$GPRMC,100742.00,A,3859.5056,N,10700.0136,W,6.83,235.0,080726,,,A*7D
$GPGGA,100743.00,3859.5045,N,10700.0156,W,1,09,0.90,2168.1,M,-18.0,M,,*50
$GPGSA,A,3,05,07,13,15,18,20,24,30,02,,,,1.7,0.9,1.4*30
$GPGSV,3,1,09,05,55,120,44,07,34,210,38,13,21,300,35,15,60,045,44*7B
$GPGSV,3,2,09,18,12,090,30,20,48,270,41,24,08,180,28,30,29,330,37*7E
$GPGSV,3,3,09,02,41,150,33*43
$GPRMC,100743.00,A,3859.5045,N,10700.0156,W,6.83,235.0,080726,,,A*78
$GPGGA,100744.00,3859.5035,N,10700.0176,W,1,09,0.90,2167.7,M,-18.0,M,,*5B
$GPGSA,A,3,05,07,13,15,18,20,24,30,02,,,,1.7,0.9,1.4*30
$GPGSV,3,1,09,05,55,120,44,07,34,210,38,13,21,300,35,15,60,045,44*7B
$GPGSV,3,2,09,18,12,090,30,20,48,270,41,24,08,180,28,30,29,330,37*7E
$GPGSV,3,3,09,02,41,150,33*43
$GPRMC,100744.00,A,3859.5035,N,10700.0176,W,6.82,235.0,080726,,,A*7B
$GPGGA,100745.00,3859.5024,N,10700.0196,W,1,09,0.90,2167.2,M,-18.0,M,,*51
$GPGSA,A,3,05,07,13,15,18,20,24,30,02,,,,1.7,0.9,1.4*30
$GPGSV,3,1,09,05,55,120,44,07,34,210,38,13,21,300,35,15,60,045,44*7B
$GPGSV,3,2,09,18,12,090,30,20,48,270,41,24,08,180,28,30,29,330,37*7E
$GPGSV,3,3,09,02,41,150,33*43
$GPRMC,100745.00,A,3859.5024,N,10700.0196,W,6.82,235.0,080726,,,A*74
$GPGGA,100746.00,3859.5013,N,10700.0216,W,1,09,0.90,2166.8,M,-18.0,M,,*56
$GPGSA,A,3,05,07,13,15,18,20,24,30,02,,,,1.7,0.9,1.4*30
$GPGSV,3,1,09,05,55,120,44,07,34,210,38,13,21,300,35,15,60,045,44*7B
$GPGSV,3,2,09,18,12,090,30,20,48,270,41,24,08,180,28,30,29,330,37*7E
$GPGSV,3,3,09,02,41,150,33*43
$GPRMC,100746.00,A,3859.5013,N,10700.0216,W,6.81,235.0,080726,,,A*7B
$GPGGA,100747.00,3859.5002,N,10700.0236,W,1,09,0.90,2166.3,M,-18.0,M,,*5E
$GPGSA,A,3,05,07,13,15,18,20,24,30,02,,,,1.7,0.9,1.4*30
$GPGSV,3,1,09,05,55,120,44,07,34,210,38,13,21,300,35,15,60,045,44*7B
$GPGSV,3,2,09,18,12,090,30,20,48,270,41,24,08,180,28,30,29,330,37*7E
$GPGSV,3,3,09,02,41,150,33*43
$GPRMC,100747.00,A,3859.5002,N,10700.0236,W,6.81,235.0,080726,,,A*78
$GPGGA,100748.00,3859.4991,N,10700.0256,W,1,09,0.90,2165.8,M,-18.0,M,,*5D
$GPGSA,A,3,05,07,13,15,18,20,24,30,02,,,,1.7,0.9,1.4*30
$GPGSV,3,1,09,05,55,120,44,07,34,210,38,13,21,300,35,15,60,045,44*7B
$GPGSV,3,2,09,18,12,090,30,20,48,270,41,24,08,180,28,30,29,330,37*7E
$GPGSV,3,3,09,02,41,150,33*43
$GPRMC,100748.00,A,3859.4991,N,10700.0256,W,6.80,235.0,080726,,,A*72
$GPGGA,100749.00,3859.4980,N,10700.0275,W,1,09,0.90,2165.4,M,-18.0,M,,*51
$GPGSA,A,3,05,07,13,15,18,20,24,30,02,,,,1.7,0.9,1.4*30
$GPGSV,3,1,09,05,55,120,44,07,34,210,38,13,21,300,35,15,60,045,44*7B
$GPGSV,3,2,09,18,12,090,30,20,48,270,41,24,08,180,28,30,29,330,37*7E
$GPGSV,3,3,09,02,41,150,33*43
$GPRMC,100749.00,A,3859.4980,N,10700.0275,W,6.79,235.0,080726,,,A*74
$GPGGA,100750.00,3859.4970,N,10700.0295,W,1,04,3.10,2164.9,M,-18.0,M,,*52
$GPGSA,A,2,05,07,13,15,,,,,,,,,4.6,3.1,2.6*33
$GPGSV,1,1,04,05,55,120,44,07,34,210,38,13,21,300,35,15,60,045,44*74
$GPRMC,100750.00,A,3859.4970,N,10700.0295,W,6.79,235.0,080726,,,A*7D
$GPGGA,100751.00,3859.4959,N,10700.0315,W,1,04,3.10,2164.5,M,-18.0,M,,*5D
$GPGSA,A,2,05,07,13,15,,,,,,,,,4.6,3.1,2.6*33
$GPGSV,1,1,04,05,55,120,44,07,34,210,38,13,21,300,35,15,60,045,44*74
$GPRMC,100751.00,A,3859.4959,N,10700.0315,W,6.78,235.0,080726,,,A*7F
$GPGGA,100752.00,3859.4948,N,10700.0335,W,1,03,4.20,2164.0,M,-18.0,M,,*5A
$GPGSA,A,2,05,07,13,,,,,,,,,,5.7,4.2,3.7*33
$GPGSV,1,1,03,05,55,120,44,07,34,210,38,13,21,300,35*40
$GPRMC,100752.00,A,3859.4948,N,10700.0335,W,6.78,235.0,080726,,,A*7E
$GPGGA,100753.00,3859.4937,N,10700.0355,W,1,03,4.20,2163.6,M,-18.0,M,,*54
$GPGSA,A,2,05,07,13,,,,,,,,,,5.7,4.2,3.7*33
$GPGSV,1,1,03,05,55,120,44,07,34,210,38,13,21,300,35*40
$GPRMC,100753.00,A,3859.4937,N,10700.0355,W,6.77,235.0,080726,,,A*7E
$GPGGA,100754.00,3859.4926,N,10700.0375,W,1,04,3.10,2163.1,M,-18.0,M,,*55
$GPGSA,A,2,05,07,13,15,,,,,,,,,4.6,3.1,2.6*33
$GPGSV,1,1,04,05,55,120,44,07,34,210,38,13,21,300,35,15,60,045,44*74
$GPRMC,100754.00,A,3859.4926,N,10700.0375,W,6.77,235.0,080726,,,A*7B
$GPGGA,100755.00,3859.4916,N,10700.0394,W,1,04,3.10,2162.7,M,-18.0,M,,*5F
$GPGSA,A,2,05,07,13,15,,,,,,,,,4.6,3.1,2.6*33
$GPGSV,1,1,04,05,55,120,44,07,34,210,38,13,21,300,35,15,60,045,44*74
$GPRMC,100755.00,A,3859.4916,N,10700.0394,W,6.76,235.0,080726,,,A*77
$GPGGA,100756.00,3859.4905,N,10700.0414,W,1,09,0.90,2162.2,M,-18.0,M,,*52
$GPGSA,A,3,05,07,13,15,18,20,24,30,02,,,,1.7,0.9,1.4*30
$GPGSV,3,1,09,05,55,120,44,07,34,210,38,13,21,300,35,15,60,045,44*7B
$GPGSV,3,2,09,18,12,090,30,20,48,270,41,24,08,180,28,30,29,330,37*7E
$GPGSV,3,3,09,02,41,150,33*43
$GPRMC,100756.00,A,3859.4905,N,10700.0414,W,6.75,235.0,080726,,,A*7A
$GPGGA,100757.00,3859.4894,N,10700.0434,W,1,09,0.90,2161.8,M,-18.0,M,,*51
$GPGSA,A,3,05,07,13,15,18,20,24,30,02,,,,1.7,0.9,1.4*30
$GPGSV,3,1,09,05,55,120,44,07,34,210,38,13,21,300,35,15,60,045,44*7B
$GPGSV,3,2,09,18,12,090,30,20,48,270,41,24,08,180,28,30,29,330,37*7E
$GPGSV,3,3,09,02,41,150,33*43
$GPRMC,100757.00,A,3859.4894,N,10700.0434,W,6.75,235.0,080726,,,A*70
$GPGGA,100758.00,3859.4884,N,10700.0454,W,1,09,0.90,2161.3,M,-18.0,M,,*52
$GPGSA,A,3,05,07,13,15,18,20,24,30,02,,,,1.7,0.9,1.4*30
$GPGSV,3,1,09,05,55,120,44,07,34,210,38,13,21,300,35,15,60,045,44*7B
$GPGSV,3,2,09,18,12,090,30,20,48,270,41,24,08,180,28,30,29,330,37*7E
$GPGSV,3,3,09,02,41,150,33*43
$GPRMC,100758.00,A,3859.4884,N,10700.0454,W,6.74,235.0,080726,,,A*79
$GPGGA,100759.00,3859.4873,N,10700.0473,W,1,09,0.90,2160.9,M,-18.0,M,,*55
$GPGSA,A,3,05,07,13,15,18,20,24,30,02,,,,1.7,0.9,1.4*30
$GPGSV,3,1,09,05,55,120,44,07,34,210,38,13,21,300,35,15,60,045,44*7B
$GPGSV,3,2,09,18,12,090,30,20,48,270,41,24,08,180,28,30,29,330,37*7E
$GPGSV,3,3,09,02,41,150,33*43
$GPRMC,100759.00,A,3859.4873,N,10700.0473,W,6.73,235.0,080726,,,A*72
$GPGGA,100800.00,3859.4862,N,10700.0493,W,1,09,0.90,2160.4,M,-18.0,M,,*55
$GPGSA,A,3,05,07,13,15,18,20,24,30,02,,,,1.7,0.9,1.4*30
$GPGSV,3,1,09,05,55,120,44,07,34,210,38,13,21,300,35,15,60,045,44*7B
$GPGSV,3,2,09,18,12,090,30,20,48,270,41,24,08,180,28,30,29,330,37*7E
$GPGSV,3,3,09,02,41,150,33*43
$GPRMC,100800.00,A,3859.4862,N,10700.0493,W,6.73,235.0,080726,,,A*7F
$GPGGA,100801.00,3859.4851,N,10700.0513,W,1,10,0.90,2160.0,M,-18.0,M,,*51
$GPGSA,A,3,05,07,13,15,18,20,24,30,02,12,,,1.7,0.9,1.4*33
$GPGSV,3,1,10,05,55,120,44,07,34,210,38,13,21,300,35,15,60,045,44*73
$GPGSV,3,2,10,18,12,090,30,20,48,270,41,24,08,180,28,30,29,330,37*76
$GPGSV,3,3,10,02,41,150,33,12,17,060,31*7A
$GPRMC,100801.00,A,3859.4851,N,10700.0513,W,6.72,235.0,080726,,,A*76
$GPGGA,100802.00,3859.4841,N,10700.0532,W,1,10,0.90,2159.5,M,-18.0,M,,*5F
$GPGSA,A,3,05,07,13,15,18,20,24,30,02,12,,,1.7,0.9,1.4*33
$GPGSV,3,1,10,05,55,120,44,07,34,210,38,13,21,300,35,15,60,045,44*73
$GPGSV,3,2,10,18,12,090,30,20,48,270,41,24,08,180,28,30,29,330,37*76
$GPGSV,3,3,10,02,41,150,33,12,17,060,31*7A
$GPRMC,100802.00,A,3859.4841,N,10700.0532,W,6.71,235.0,080726,,,A*74
$GPGGA,100803.00,3859.4830,N,10700.0552,W,1,10,0.90,2159.0,M,-18.0,M,,*5B
$GPGSA,A,3,05,07,13,15,18,20,24,30,02,12,,,1.7,0.9,1.4*33
$GPGSV,3,1,10,05,55,120,44,07,34,210,38,13,21,300,35,15,60,045,44*73
$GPGSV,3,2,10,18,12,090,30,20,48,270,41,24,08,180,28,30,29,330,37*76
$GPGSV,3,3,10,02,41,150,33,12,17,060,31*7A
$GPRMC,100803.00,A,3859.4830,N,10700.0552,W,6.71,235.0,080726,,,A*75
$GPGGA,100804.00,3859.4819,N,10700.0571,W,1,10,0.90,2158.6,M,-18.0,M,,*51
$GPGSA,A,3,05,07,13,15,18,20,24,30,02,12,,,1.7,0.9,1.4*33
$GPGSV,3,1,10,05,55,120,44,07,34,210,38,13,21,300,35,15,60,045,44*73
$GPGSV,3,2,10,18,12,090,30,20,48,270,41,24,08,180,28,30,29,330,37*76
$GPGSV,3,3,10,02,41,150,33,12,17,060,31*7A
$GPRMC,100804.00,A,3859.4819,N,10700.0571,W,6.70,235.0,080726,,,A*79
$GPGGA,100805.00,3859.4809,N,10700.0591,W,1,10,0.90,2158.1,M,-18.0,M,,*58
$GPGSA,A,3,05,07,13,15,18,20,24,30,02,12,,,1.7,0.9,1.4*33
$GPGSV,3,1,10,05,55,120,44,07,34,210,38,13,21,300,35,15,60,045,44*73
$GPGSV,3,2,10,18,12,090,30,20,48,270,41,24,08,180,28,30,29,330,37*76
$GPGSV,3,3,10,02,41,150,33,12,17,060,31*7A
$GPRMC,100805.00,A,3859.4809,N,10700.0591,W,6.69,235.0,080726,,,A*7F
$GPGGA,100806.00,3859.4798,N,10700.0611,W,1,10,0.90,2157.7,M,-18.0,M,,*5E
$GPGSA,A,3,05,07,13,15,18,20,24,30,02,12,,,1.7,0.9,1.4*33
$GPGSV,3,1,10,05,55,120,44,07,34,210,38,13,21,300,35,15,60,045,44*73
$GPGSV,3,2,10,18,12,090,30,20,48,270,41,24,08,180,28,30,29,330,37*76
$GPGSV,3,3,10,02,41,150,33,12,17,060,31*7A
$GPRMC,100806.00,A,3859.4798,N,10700.0611,W,6.68,235.0,080726,,,A*71
$GPGGA,100807.00,3859.4787,N,10700.0630,W,1,10,0.90,2157.2,M,-18.0,M,,*57
$GPGSA,A,3,05,07,13,15,18,20,24,30,02,12,,,1.7,0.9,1.4*33
$GPGSV,3,1,10,05,55,120,44,07,34,210,38,13,21,300,35,15,60,045,44*73
$GPGSV,3,2,10,18,12,090,30,20,48,270,41,24,08,180,28,30,29,330,37*76
$GPGSV,3,3,10,02,41,150,33,12,17,060,31*7A
$GPRMC,100807.00,A,3859.4787,N,10700.0630,W,6.68,235.0,080726,,,A*7D
$GPGGA,100808.00,3859.4777,N,10700.0650,W,1,10,0.90,2156.7,M,-18.0,M,,*55
$GPGSA,A,3,05,07,13,15,18,20,24,30,02,12,,,1.7,0.9,1.4*33
$GPGSV,3,1,10,05,55,120,44,07,34,210,38,13,21,300,35,15,60,045,44*73
$GPGSV,3,2,10,18,12,090,30,20,48,270,41,24,08,180,28,30,29,330,37*76
$GPGSV,3,3,10,02,41,150,33,12,17,060,31*7A
$GPRMC,100808.00,A,3859.4777,N,10700.0650,W,6.67,235.0,080726,,,A*74
$GPGGA,100809.00,3859.4766,N,10700.0669,W,1,10,0.90,2156.3,M,-18.0,M,,*5A
$GPGSA,A,3,05,07,13,15,18,20,24,30,02,12,,,1.7,0.9,1.4*33
$GPGSV,3,1,10,05,55,120,44,07,34,210,38,13,21,300,35,15,60,045,44*73
$GPGSV,3,2,10,18,12,090,30,20,48,270,41,24,08,180,28,30,29,330,37*76
$GPGSV,3,3,10,02,41,150,33,12,17,060,31*7A
$GPRMC,100809.00,A,3859.4766,N,10700.0669,W,6.66,235.0,080726,,,A*7E
$GPGGA,100810.00,3859.4756,N,10700.0689,W,1,10,0.90,2155.8,M,-18.0,M,,*57
$GPGSA,A,3,05,07,13,15,18,20,24,30,02,12,,,1.7,0.9,1.4*33
$GPGSV,3,1,10,05,55,120,44,07,34,210,38,13,21,300,35,15,60,045,44*73
$GPGSV,3,2,10,18,12,090,30,20,48,270,41,24,08,180,28,30,29,330,37*76
$GPGSV,3,3,10,02,41,150,33,12,17,060,31*7A
$GPRMC,100810.00,A,3859.4756,N,10700.0689,W,6.65,235.0,080726,,,A*78
$GPGGA,100811.00,3859.4745,N,10700.0708,W,1,10,0.90,2155.4,M,-18.0,M,,*50
$GPGSA,A,3,05,07,13,15,18,20,24,30,02,12,,,1.7,0.9,1.4*33
$GPGSV,3,1,10,05,55,120,44,07,34,210,38,13,21,300,35,15,60,045,44*73
$GPGSV,3,2,10,18,12,090,30,20,48,270,41,24,08,180,28,30,29,330,37*76
$GPGSV,3,3,10,02,41,150,33,12,17,060,31*7A
$GPRMC,100811.00,A,3859.4745,N,10700.0708,W,6.65,235.0,080726,,,A*73
$GPGGA,100812.00,3859.4734,N,10700.0727,W,1,10,0.90,2154.9,M,-18.0,M,,*54
$GPGSA,A,3,05,07,13,15,18,20,24,30,02,12,,,1.7,0.9,1.4*33
$GPGSV,3,1,10,05,55,120,44,07,34,210,38,13,21,300,35,15,60,045,44*73
$GPGSV,3,2,10,18,12,090,30,20,48,270,41,24,08,180,28,30,29,330,37*76
$GPGSV,3,3,10,02,41,150,33,12,17,060,31*7A
$GPRMC,100812.00,A,3859.4734,N,10700.0727,W,6.64,235.0,080726,,,A*7A
$GPGGA,100813.00,3859.4724,N,10700.0747,W,1,10,0.90,2154.4,M,-18.0,M,,*5F
$GPGSA,A,3,05,07,13,15,18,20,24,30,02,12,,,1.7,0.9,1.4*33
$GPGSV,3,1,10,05,55,120,44,07,34,210,38,13,21,300,35,15,60,045,44*73
$GPGSV,3,2,10,18,12,090,30,20,48,270,41,24,08,180,28,30,29,330,37*76
$GPGSV,3,3,10,02,41,150,33,12,17,060,31*7A
$GPRMC,100813.00,A,3859.4724,N,10700.0747,W,6.63,235.0,080726,,,A*7B
$GPGGA,100814.00,3859.4713,N,10700.0766,W,1,10,0.90,2153.9,M,-18.0,M,,*55
$GPGSA,A,3,05,07,13,15,18,20,24,30,02,12,,,1.7,0.9,1.4*33
$GPGSV,3,1,10,05,55,120,44,07,34,210,38,13,21,300,35,15,60,045,44*73
$GPGSV,3,2,10,18,12,090,30,20,48,270,41,24,08,180,28,30,29,330,37*76
$GPGSV,3,3,10,02,41,150,33,12,17,060,31*7A
$GPRMC,100814.00,A,3859.4713,N,10700.0766,W,6.62,235.0,080726,,,A*7A
$GPGGA,100815.00,3859.4703,N,10700.0786,W,1,10,0.90,2153.5,M,-18.0,M,,*57
$GPGSA,A,3,05,07,13,15,18,20,24,30,02,12,,,1.7,0.9,1.4*33
$GPGSV,3,1,10,05,55,120,44,07,34,210,38,13,21,300,35,15,60,045,44*73
$GPGSV,3,2,10,18,12,090,30,20,48,270,41,24,08,180,28,30,29,330,37*76
$GPGSV,3,3,10,02,41,150,33,12,17,060,31*7A
$GPRMC,100815.00,A,3859.4703,N,10700.0786,W,6.61,235.0,080726,,,A*77
$GPGGA,100816.00,3859.4692,N,10700.0805,W,1,10,0.90,2153.0,M,-18.0,M,,*5C
$GPGSA,A,3,05,07,13,15,18,20,24,30,02,12,,,1.7,0.9,1.4*33
$GPGSV,3,1,10,05,55,120,44,07,34,210,38,13,21,300,35,15,60,045,44*73
$GPGSV,3,2,10,18,12,090,30,20,48,270,41,24,08,180,28,30,29,330,37*76
$GPGSV,3,3,10,02,41,150,33,12,17,060,31*7A
$GPRMC,100816.00,A,3859.4692,N,10700.0805,W,6.61,235.0,080726,,,A*79
$GPGGA,100817.00,3859.4682,N,10700.0824,W,1,10,0.90,2152.5,M,-18.0,M,,*5B
$GPGSA,A,3,05,07,13,15,18,20,24,30,02,12,,,1.7,0.9,1.4*33
$GPGSV,3,1,10,05,55,120,44,07,34,210,38,13,21,300,35,15,60,045,44*73
$GPGSV,3,2,10,18,12,090,30,20,48,270,41,24,08,180,28,30,29,330,37*76
$GPGSV,3,3,10,02,41,150,33,12,17,060,31*7A
$GPRMC,100817.00,A,3859.4682,N,10700.0824,W,6.60,235.0,080726,,,A*7B
$GPGGA,100818.00,3859.4671,N,10700.0843,W,1,10,0.90,2152.1,M,-18.0,M,,*5D
$GPGSA,A,3,05,07,13,15,18,20,24,30,02,12,,,1.7,0.9,1.4*33
$GPGSV,3,1,10,05,55,120,44,07,34,210,38,13,21,300,35,15,60,045,44*73
$GPGSV,3,2,10,18,12,090,30,20,48,270,41,24,08,180,28,30,29,330,37*76
$GPGSV,3,3,10,02,41,150,33,12,17,060,31*7A
$GPRMC,100818.00,A,3859.4671,N,10700.0843,W,6.59,235.0,080726,,,A*73
$GPGGA,100819.00,3859.4661,N,10700.0863,W,1,10,0.90,2151.6,M,-18.0,M,,*5B
$GPGSA,A,3,05,07,13,15,18,20,24,30,02,12,,,1.7,0.9,1.4*33
$GPGSV,3,1,10,05,55,120,44,07,34,210,38,13,21,300,35,15,60,045,44*73
$GPGSV,3,2,10,18,12,090,30,20,48,270,41,24,08,180,28,30,29,330,37*76
$GPGSV,3,3,10,02,41,150,33,12,17,060,31*7A
$GPRMC,100819.00,A,3859.4661,N,10700.0863,W,6.58,235.0,080726,,,A*70
$GPGGA,100820.00,3859.4650,N,10700.0882,W,1,10,0.90,2151.1,M,-18.0,M,,*5B
$GPGSA,A,3,05,07,13,15,18,20,24,30,02,12,,,1.7,0.9,1.4*33
$GPGSV,3,1,10,05,55,120,44,07,34,210,38,13,21,300,35,15,60,045,44*73
$GPGSV,3,2,10,18,12,090,30,20,48,270,41,24,08,180,28,30,29,330,37*76
$GPGSV,3,3,10,02,41,150,33,12,17,060,31*7A
$GPRMC,100820.00,A,3859.4650,N,10700.0882,W,6.57,235.0,080726,,,A*78
$GPGGA,100821.00,3859.4640,N,10700.0901,W,1,10,0.90,2150.6,M,-18.0,M,,*57
$GPGSA,A,3,05,07,13,15,18,20,24,30,02,12,,,1.7,0.9,1.4*33
$GPGSV,3,1,10,05,55,120,44,07,34,210,38,13,21,300,35,15,60,045,44*73
$GPGSV,3,2,10,18,12,090,30,20,48,270,41,24,08,180,28,30,29,330,37*76
$GPGSV,3,3,10,02,41,150,33,12,17,060,31*7A
$GPRMC,100821.00,A,3859.4640,N,10700.0901,W,6.57,235.0,080726,,,A*72
$GPGGA,100822.00,3859.4629,N,10700.0920,W,1,10,0.90,2150.1,M,-18.0,M,,*5F
$GPGSA,A,3,05,07,13,15,18,20,24,30,02,12,,,1.7,0.9,1.4*33
$GPGSV,3,1,10,05,55,120,44,07,34,210,38,13,21,300,35,15,60,045,44*73
$GPGSV,3,2,10,18,12,090,30,20,48,270,41,24,08,180,28,30,29,330,37*76
$GPGSV,3,3,10,02,41,150,33,12,17,060,31*7A
$GPRMC,100822.00,A,3859.4629,N,10700.0920,W,6.56,235.0,080726,,,A*7C
$GPGGA,100823.00,3859.4619,N,10700.0940,W,1,10,0.90,2149.6,M,-18.0,M,,*54
$GPGSA,A,3,05,07,13,15,18,20,24,30,02,12,,,1.7,0.9,1.4*33
$GPGSV,3,1,10,05,55,120,44,07,34,210,38,13,21,300,35,15,60,045,44*73
$GPGSV,3,2,10,18,12,090,30,20,48,270,41,24,08,180,28,30,29,330,37*76
$GPGSV,3,3,10,02,41,150,33,12,17,060,31*7A
$GPRMC,100823.00,A,3859.4619,N,10700.0940,W,6.55,235.0,080726,,,A*7B
$GPGGA,100824.00,3859.4609,N,10700.0959,W,1,10,0.90,2149.2,M,-18.0,M,,*5E
$GPGSA,A,3,05,07,13,15,18,20,24,30,02,12,,,1.7,0.9,1.4*33
$GPGSV,3,1,10,05,55,120,44,07,34,210,38,13,21,300,35,15,60,045,44*73
$GPGSV,3,2,10,18,12,090,30,20,48,270,41,24,08,180,28,30,29,330,37*76
$GPGSV,3,3,10,02,41,150,33,12,17,060,31*7A
$GPRMC,100824.00,A,3859.4609,N,10700.0959,W,6.54,235.0,080726,,,A*74
$GPGGA,100825.00,3859.4598,N,10700.0978,W,1,10,0.90,2148.7,M,-18.0,M,,*53
$GPGSA,A,3,05,07,13,15,18,20,24,30,02,12,,,1.7,0.9,1.4*33
$GPGSV,3,1,10,05,55,120,44,07,34,210,38,13,21,300,35,15,60,045,44*73
$GPGSV,3,2,10,18,12,090,30,20,48,270,41,24,08,180,28,30,29,330,37*76
$GPGSV,3,3,10,02,41,150,33,12,17,060,31*7A
$GPRMC,100825.00,A,3859.4598,N,10700.0978,W,6.53,235.0,080726,,,A*7A
$GPGGA,100826.00,3859.4588,N,10700.0997,W,1,10,0.90,2148.2,M,-18.0,M,,*55
$GPGSA,A,3,05,07,13,15,18,20,24,30,02,12,,,1.7,0.9,1.4*33
$GPGSV,3,1,10,05,55,120,44,07,34,210,38,13,21,300,35,15,60,045,44*73
$GPGSV,3,2,10,18,12,090,30,20,48,270,41,24,08,180,28,30,29,330,37*76
$GPGSV,3,3,10,02,41,150,33,12,17,060,31*7A
$GPRMC,100826.00,A,3859.4588,N,10700.0997,W,6.52,235.0,080726,,,A*78
$GPGGA,100827.00,3859.4577,N,10700.1016,W,1,10,0.90,2147.7,M,-18.0,M,,*5F
$GPGSA,A,3,05,07,13,15,18,20,24,30,02,12,,,1.7,0.9,1.4*33
$GPGSV,3,1,10,05,55,120,44,07,34,210,38,13,21,300,35,15,60,045,44*73
$GPGSV,3,2,10,18,12,090,30,20,48,270,41,24,08,180,28,30,29,330,37*76
$GPGSV,3,3,10,02,41,150,33,12,17,060,31*7A
$GPRMC,100827.00,A,3859.4577,N,10700.1016,W,6.51,235.0,080726,,,A*7B
$GPGGA,100828.00,3859.4567,N,10700.1035,W,1,10,0.90,2147.2,M,-18.0,M,,*55
$GPGSA,A,3,05,07,13,15,18,20,24,30,02,12,,,1.7,0.9,1.4*33
$GPGSV,3,1,10,05,55,120,44,07,34,210,38,13,21,300,35,15,60,045,44*73
$GPGSV,3,2,10,18,12,090,30,20,48,270,41,24,08,180,28,30,29,330,37*76
$GPGSV,3,3,10,02,41,150,33,12,17,060,31*7A
$GPRMC,100828.00,A,3859.4567,N,10700.1035,W,6.51,235.0,080726,,,A*74
$GPGGA,100829.00,3859.4557,N,10700.1054,W,1,10,0.90,2146.7,M,-18.0,M,,*54
$GPGSA,A,3,05,07,13,15,18,20,24,30,02,12,,,1.7,0.9,1.4*33
$GPGSV,3,1,10,05,55,120,44,07,34,210,38,13,21,300,35,15,60,045,44*73
$GPGSV,3,2,10,18,12,090,30,20,48,270,41,24,08,180,28,30,29,330,37*76
$GPGSV,3,3,10,02,41,150,33,12,17,060,31*7A
$GPRMC,100829.00,A,3859.4557,N,10700.1054,W,6.50,235.0,080726,,,A*70
$GPGGA,100830.00,3859.4546,N,10700.1073,W,1,10,0.90,2146.2,M,-18.0,M,,*5C
$GPGSA,A,3,05,07,13,15,18,20,24,30,02,12,,,1.7,0.9,1.4*33
$GPGSV,3,1,10,05,55,120,44,07,34,210,38,13,21,300,35,15,60,045,44*73
$GPGSV,3,2,10,18,12,090,30,20,48,270,41,24,08,180,28,30,29,330,37*76
$GPGSV,3,3,10,02,41,150,33,12,17,060,31*7A
$GPRMC,100830.00,A,3859.4546,N,10700.1073,W,6.49,235.0,080726,,,A*75
$GPGGA,100831.00,3859.4536,N,10700.1092,W,1,10,0.90,2145.7,M,-18.0,M,,*53
$GPGSA,A,3,05,07,13,15,18,20,24,30,02,12,,,1.7,0.9,1.4*33
$GPGSV,3,1,10,05,55,120,44,07,34,210,38,13,21,300,35,15,60,045,44*73
$GPGSV,3,2,10,18,12,090,30,20,48,270,41,24,08,180,28,30,29,330,37*76
$GPGSV,3,3,10,02,41,150,33,12,17,060,31*7A
$GPRMC,100831.00,A,3859.4536,N,10700.1092,W,6.48,235.0,080726,,,A*7D
$GPGGA,100832.00,3859.4526,N,10700.1111,W,1,10,0.90,2145.2,M,-18.0,M,,*5E
$GPGSA,A,3,05,07,13,15,18,20,24,30,02,12,,,1.7,0.9,1.4*33
$GPGSV,3,1,10,05,55,120,44,07,34,210,38,13,21,300,35,15,60,045,44*73
$GPGSV,3,2,10,18,12,090,30,20,48,270,41,24,08,180,28,30,29,330,37*76
$GPGSV,3,3,10,02,41,150,33,12,17,060,31*7A
$GPRMC,100832.00,A,3859.4526,N,10700.1111,W,6.47,235.0,080726,,,A*7A
$GPGGA,100833.00,3859.4515,N,10700.1130,W,1,10,0.90,2144.7,M,-18.0,M,,*58
$GPGSA,A,3,05,07,13,15,18,20,24,30,02,12,,,1.7,0.9,1.4*33
$GPGSV,3,1,10,05,55,120,44,07,34,210,38,13,21,300,35,15,60,045,44*73
$GPGSV,3,2,10,18,12,090,30,20,48,270,41,24,08,180,28,30,29,330,37*76
$GPGSV,3,3,10,02,41,150,33,12,17,060,31*7A
$GPRMC,100833.00,A,3859.4515,N,10700.1130,W,6.46,235.0,080726,,,A*79
$GPGGA,100834.00,3859.4505,N,10700.1149,W,1,10,0.90,2144.2,M,-18.0,M,,*55
$GPGSA,A,3,05,07,13,15,18,20,24,30,02,12,,,1.7,0.9,1.4*33
$GPGSV,3,1,10,05,55,120,44,07,34,210,38,13,21,300,35,15,60,045,44*73
$GPGSV,3,2,10,18,12,090,30,20,48,270,41,24,08,180,28,30,29,330,37*76
$GPGSV,3,3,10,02,41,150,33,12,17,060,31*7A
$GPRMC,100834.00,A,3859.4505,N,10700.1149,W,6.45,235.0,080726,,,A*72
$GPGGA,100835.00,3859.4495,N,10700.1168,W,1,10,0.90,2143.7,M,-18.0,M,,*5D
$GPGSA,A,3,05,07,13,15,18,20,24,30,02,12,,,1.7,0.9,1.4*33
$GPGSV,3,1,10,05,55,120,44,07,34,210,38,13,21,300,35,15,60,045,44*73
$GPGSV,3,2,10,18,12,090,30,20,48,270,41,24,08,180,28,30,29,330,37*76
$GPGSV,3,3,10,02,41,150,33,12,17,060,31*7A
$GPRMC,100835.00,A,3859.4495,N,10700.1168,W,6.44,235.0,080726,,,A*79
$GPGGA,100836.00,3859.4485,N,10700.1186,W,1,10,0.90,2143.2,M,-18.0,M,,*5A
$GPGSA,A,3,05,07,13,15,18,20,24,30,02,12,,,1.7,0.9,1.4*33
$GPGSV,3,1,10,05,55,120,44,07,34,210,38,13,21,300,35,15,60,045,44*73
$GPGSV,3,2,10,18,12,090,30,20,48,270,41,24,08,180,28,30,29,330,37*76
$GPGSV,3,3,10,02,41,150,33,12,17,060,31*7A
$GPRMC,100836.00,A,3859.4485,N,10700.1186,W,6.44,235.0,080726,,,A*7B
$GPGGA,100837.00,3859.4474,N,10700.1205,W,1,10,0.90,2142.7,M,-18.0,M,,*59
$GPGSA,A,3,05,07,13,15,18,20,24,30,02,12,,,1.7,0.9,1.4*33
$GPGSV,3,1,10,05,55,120,44,07,34,210,38,13,21,300,35,15,60,045,44*73
$GPGSV,3,2,10,18,12,090,30,20,48,270,41,24,08,180,28,30,29,330,37*76
$GPGSV,3,3,10,02,41,150,33,12,17,060,31*7A
$GPRMC,100837.00,A,3859.4474,N,10700.1205,W,6.43,235.0,080726,,,A*7B
$GPGGA,100838.00,3859.4464,N,10700.1224,W,1,11,0.90,2142.1,M,-18.0,M,,*53
$GPGSA,A,3,05,07,13,15,18,20,24,30,02,12,25,,1.7,0.9,1.4*34
$GPGSV,3,1,11,05,55,120,44,07,34,210,38,13,21,300,35,15,60,045,44*72
$GPGSV,3,2,11,18,12,090,30,20,48,270,41,24,08,180,28,30,29,330,37*77
$GPGSV,3,3,11,02,41,150,33,12,17,060,31,25,72,015,45*4C
$GPRMC,100838.00,A,3859.4464,N,10700.1224,W,6.42,235.0,080726,,,A*77
$GPGGA,100839.00,3859.4454,N,10700.1243,W,1,11,0.90,2141.6,M,-18.0,M,,*54
$GPGSA,A,3,05,07,13,15,18,20,24,30,02,12,25,,1.7,0.9,1.4*34
$GPGSV,3,1,11,05,55,120,44,07,34,210,38,13,21,300,35,15,60,045,44*72
$GPGSV,3,2,11,18,12,090,30,20,48,270,41,24,08,180,28,30,29,330,37*77
$GPGSV,3,3,11,02,41,150,33,12,17,060,31,25,72,015,45*4C
$GPRMC,100839.00,A,3859.4454,N,10700.1243,W,6.41,235.0,080726,,,A*77
$GPGGA,100840.00,3859.4444,N,10700.1261,W,1,11,0.90,2141.1,M,-18.0,M,,*5C
$GPGSA,A,3,05,07,13,15,18,20,24,30,02,12,25,,1.7,0.9,1.4*34
$GPGSV,3,1,11,05,55,120,44,07,34,210,38,13,21,300,35,15,60,045,44*72
$GPGSV,3,2,11,18,12,090,30,20,48,270,41,24,08,180,28,30,29,330,37*77
$GPGSV,3,3,11,02,41,150,33,12,17,060,31,25,72,015,45*4C
$GPRMC,100840.00,A,3859.4444,N,10700.1261,W,6.40,235.0,080726,,,A*79
$GPGGA,100841.00,3859.4434,N,10700.1280,W,1,11,0.90,2140.6,M,-18.0,M,,*53
$GPGSA,A,3,05,07,13,15,18,20,24,30,02,12,25,,1.7,0.9,1.4*34
$GPGSV,3,1,11,05,55,120,44,07,34,210,38,13,21,300,35,15,60,045,44*72
$GPGSV,3,2,11,18,12,090,30,20,48,270,41,24,08,180,28,30,29,330,37*77
$GPGSV,3,3,11,02,41,150,33,12,17,060,31,25,72,015,45*4C
$GPRMC,100841.00,A,3859.4434,N,10700.1280,W,6.39,235.0,080726,,,A*7E
$GPGGA,100842.00,3859.4423,N,10700.1299,W,1,11,0.90,2140.1,M,-18.0,M,,*59
$GPGSA,A,3,05,07,13,15,18,20,24,30,02,12,25,,1.7,0.9,1.4*34
$GPGSV,3,1,11,05,55,120,44,07,34,210,38,13,21,300,35,15,60,045,44*72
$GPGSV,3,2,11,18,12,090,30,20,48,270,41,24,08,180,28,30,29,330,37*77
$GPGSV,3,3,11,02,41,150,33,12,17,060,31,25,72,015,45*4C
$GPRMC,100842.00,A,3859.4423,N,10700.1299,W,6.38,235.0,080726,,,A*72
$GPGGA,100843.00,3859.4413,N,10700.1317,W,1,11,0.90,2139.6,M,-18.0,M,,*55
$GPGSA,A,3,05,07,13,15,18,20,24,30,02,12,25,,1.7,0.9,1.4*34
$GPGSV,3,1,11,05,55,120,44,07,34,210,38,13,21,300,35,15,60,045,44*72
$GPGSV,3,2,11,18,12,090,30,20,48,270,41,24,08,180,28,30,29,330,37*77
$GPGSV,3,3,11,02,41,150,33,12,17,060,31,25,72,015,45*4C
$GPRMC,100843.00,A,3859.4413,N,10700.1317,W,6.37,235.0,080726,,,A*78
$GPGGA,100844.00,3859.4403,N,10700.1336,W,1,11,0.90,2139.0,M,-18.0,M,,*56
$GPGSA,A,3,05,07,13,15,18,20,24,30,02,12,25,,1.7,0.9,1.4*34
$GPGSV,3,1,11,05,55,120,44,07,34,210,38,13,21,300,35,15,60,045,44*72
$GPGSV,3,2,11,18,12,090,30,20,48,270,41,24,08,180,28,30,29,330,37*77
$GPGSV,3,3,11,02,41,150,33,12,17,060,31,25,72,015,45*4C
$GPRMC,100844.00,A,3859.4403,N,10700.1336,W,6.36,235.0,080726,,,A*7C
$GPGGA,100845.00,3859.4393,N,10700.1355,W,1,11,0.90,2138.5,M,-18.0,M,,*58
$GPGSA,A,3,05,07,13,15,18,20,24,30,02,12,25,,1.7,0.9,1.4*34
$GPGSV,3,1,11,05,55,120,44,07,34,210,38,13,21,300,35,15,60,045,44*72
$GPGSV,3,2,11,18,12,090,30,20,48,270,41,24,08,180,28,30,29,330,37*77
$GPGSV,3,3,11,02,41,150,33,12,17,060,31,25,72,015,45*4C
$GPRMC,100845.00,A,3859.4393,N,10700.1355,W,6.36,180.0,080726,,,A*7B
$GPGGA,100846.00,3859.4375,N,10700.1355,W,1,11,0.90,2138.0,M,-18.0,M,,*56
$GPGSA,A,3,05,07,13,15,18,20,24,30,02,12,25,,1.7,0.9,1.4*34
$GPGSV,3,1,11,05,55,120,44,07,34,210,38,13,21,300,35,15,60,045,44*72
$GPGSV,3,2,11,18,12,090,30,20,48,270,41,24,08,180,28,30,29,330,37*77
$GPGSV,3,3,11,02,41,150,33,12,17,060,31,25,72,015,45*4C
$GPRMC,100846.00,A,3859.4375,N,10700.1355,W,6.35,166.2,080726,,,A*79
$GPGGA,100847.00,3859.4358,N,10700.1349,W,1,11,0.90,2137.4,M,-18.0,M,,*5E
$GPGSA,A,3,05,07,13,15,18,20,24,30,02,12,25,,1.7,0.9,1.4*34
$GPGSV,3,1,11,05,55,120,44,07,34,210,38,13,21,300,35,15,60,045,44*72
$GPGSV,3,2,11,18,12,090,30,20,48,270,41,24,08,180,28,30,29,330,37*77
$GPGSV,3,3,11,02,41,150,33,12,17,060,31,25,72,015,45*4C
$GPRMC,100847.00,A,3859.4358,N,10700.1349,W,6.34,152.5,080726,,,A*7B
$GPGGA,100848.00,3859.4343,N,10700.1339,W,1,11,0.90,2136.9,M,-18.0,M,,*50
$GPGSA,A,3,05,07,13,15,18,20,24,30,02,12,25,,1.7,0.9,1.4*34
$GPGSV,3,1,11,05,55,120,44,07,34,210,38,13,21,300,35,15,60,045,44*72
$GPGSV,3,2,11,18,12,090,30,20,48,270,41,24,08,180,28,30,29,330,37*77
$GPGSV,3,3,11,02,41,150,33,12,17,060,31,25,72,015,45*4C
$GPRMC,100848.00,A,3859.4343,N,10700.1339,W,6.33,138.8,080726,,,A*7F
$GPGGA,100849.00,3859.4330,N,10700.1324,W,1,11,0.90,2136.4,M,-18.0,M,,*54
$GPGSA,A,3,05,07,13,15,18,20,24,30,02,12,25,,1.7,0.9,1.4*34
$GPGSV,3,1,11,05,55,120,44,07,34,210,38,13,21,300,35,15,60,045,44*72
$GPGSV,3,2,11,18,12,090,30,20,48,270,41,24,08,180,28,30,29,330,37*77
$GPGSV,3,3,11,02,41,150,33,12,17,060,31,25,72,015,45*4C
$GPRMC,100849.00,A,3859.4330,N,10700.1324,W,6.32,125.0,080726,,,A*73
$GPGGA,100850.00,3859.4320,N,10700.1306,W,1,11,0.90,2135.9,M,-18.0,M,,*53
$GPGSA,A,3,05,07,13,15,18,20,24,30,02,12,25,,1.7,0.9,1.4*34
$GPGSV,3,1,11,05,55,120,44,07,34,210,38,13,21,300,35,15,60,045,44*72
$GPGSV,3,2,11,18,12,090,30,20,48,270,41,24,08,180,28,30,29,330,37*77
$GPGSV,3,3,11,02,41,150,33,12,17,060,31,25,72,015,45*4C
$GPRMC,100850.00,A,3859.4320,N,10700.1306,W,6.31,125.0,080726,,,A*79
$GPGGA,100851.00,3859.4309,N,10700.1287,W,1,11,0.90,2135.3,M,-18.0,M,,*5B
$GPGSA,A,3,05,07,13,15,18,20,24,30,02,12,25,,1.7,0.9,1.4*34
$GPGSV,3,1,11,05,55,120,44,07,34,210,38,13,21,300,35,15,60,045,44*72
$GPGSV,3,2,11,18,12,090,30,20,48,270,41,24,08,180,28,30,29,330,37*77
$GPGSV,3,3,11,02,41,150,33,12,17,060,31,25,72,015,45*4C
$GPRMC,100851.00,A,3859.4309,N,10700.1287,W,6.30,125.0,080726,,,A*7A
$GPGGA,100852.00,3859.4299,N,10700.1269,W,1,11,0.90,2134.8,M,-18.0,M,,*5A
$GPGSA,A,3,05,07,13,15,18,20,24,30,02,12,25,,1.7,0.9,1.4*34
$GPGSV,3,1,11,05,55,120,44,07,34,210,38,13,21,300,35,15,60,045,44*72
$GPGSV,3,2,11,18,12,090,30,20,48,270,41,24,08,180,28,30,29,330,37*77
$GPGSV,3,3,11,02,41,150,33,12,17,060,31,25,72,015,45*4C
$GPRMC,100852.00,A,3859.4299,N,10700.1269,W,6.30,125.0,080726,,,A*71
$GPGGA,100853.00,3859.4289,N,10700.1250,W,1,11,0.90,2134.2,M,-18.0,M,,*5A
$GPGSA,A,3,05,07,13,15,18,20,24,30,02,12,25,,1.7,0.9,1.4*34
$GPGSV,3,1,11,05,55,120,44,07,34,210,38,13,21,300,35,15,60,045,44*72
$GPGSV,3,2,11,18,12,090,30,20,48,270,41,24,08,180,28,30,29,330,37*77
$GPGSV,3,3,11,02,41,150,33,12,17,060,31,25,72,015,45*4C
$GPRMC,100853.00,A,3859.4289,N,10700.1250,W,6.29,125.0,080726,,,A*73
$GPGGA,100854.00,3859.4279,N,10700.1232,W,1,11,0.90,2133.7,M,-18.0,M,,*54
$GPGSA,A,3,05,07,13,15,18,20,24,30,02,12,25,,1.7,0.9,1.4*34
$GPGSV,3,1,11,05,55,120,44,07,34,210,38,13,21,300,35,15,60,045,44*72
$GPGSV,3,2,11,18,12,090,30,20,48,270,41,24,08,180,28,30,29,330,37*77
$GPGSV,3,3,11,02,41,150,33,12,17,060,31,25,72,015,45*4C
$GPRMC,100854.00,A,3859.4279,N,10700.1232,W,6.28,125.0,080726,,,A*7E
$GPGGA,100855.00,3859.4269,N,10700.1214,W,1,11,0.90,2133.2,M,-18.0,M,,*55
$GPGSA,A,3,05,07,13,15,18,20,24,30,02,12,25,,1.7,0.9,1.4*34
$GPGSV,3,1,11,05,55,120,44,07,34,210,38,13,21,300,35,15,60,045,44*72
$GPGSV,3,2,11,18,12,090,30,20,48,270,41,24,08,180,28,30,29,330,37*77
$GPGSV,3,3,11,02,41,150,33,12,17,060,31,25,72,015,45*4C
$GPRMC,100855.00,A,3859.4269,N,10700.1214,W,6.27,125.0,080726,,,A*75
$GPGGA,100856.00,3859.4259,N,10700.1195,W,1,11,0.90,2132.6,M,-18.0,M,,*5A
$GPGSA,A,3,05,07,13,15,18,20,24,30,02,12,25,,1.7,0.9,1.4*34
$GPGSV,3,1,11,05,55,120,44,07,34,210,38,13,21,300,35,15,60,045,44*72
$GPGSV,3,2,11,18,12,090,30,20,48,270,41,24,08,180,28,30,29,330,37*77
$GPGSV,3,3,11,02,41,150,33,12,17,060,31,25,72,015,45*4C
$GPRMC,100856.00,A,3859.4259,N,10700.1195,W,6.26,125.0,080726,,,A*7E
$GPGGA,100857.00,3859.4250,N,10700.1177,W,1,11,0.90,2132.1,M,-18.0,M,,*59
$GPGSA,A,3,05,07,13,15,18,20,24,30,02,12,25,,1.7,0.9,1.4*34
$GPGSV,3,1,11,05,55,120,44,07,34,210,38,13,21,300,35,15,60,045,44*72
$GPGSV,3,2,11,18,12,090,30,20,48,270,41,24,08,180,28,30,29,330,37*77
$GPGSV,3,3,11,02,41,150,33,12,17,060,31,25,72,015,45*4C
$GPRMC,100857.00,A,3859.4250,N,10700.1177,W,6.25,125.0,080726,,,A*79
$GPGGA,100858.00,3859.4240,N,10700.1159,W,1,11,0.90,2131.5,M,-18.0,M,,*5C
$GPGSA,A,3,05,07,13,15,18,20,24,30,02,12,25,,1.7,0.9,1.4*34
$GPGSV,3,1,11,05,55,120,44,07,34,210,38,13,21,300,35,15,60,045,44*72
$GPGSV,3,2,11,18,12,090,30,20,48,270,41,24,08,180,28,30,29,330,37*77
$GPGSV,3,3,11,02,41,150,33,12,17,060,31,25,72,015,45*4C
$GPRMC,100858.00,A,3859.4240,N,10700.1159,W,6.24,125.0,080726,,,A*7A
$GPGGA,100859.00,3859.4230,N,10700.1140,W,1,11,0.90,2131.0,M,-18.0,M,,*57
$GPGSA,A,3,05,07,13,15,18,20,24,30,02,12,25,,1.7,0.9,1.4*34
$GPGSV,3,1,11,05,55,120,44,07,34,210,38,13,21,300,35,15,60,045,44*72
$GPGSV,3,2,11,18,12,090,30,20,48,270,41,24,08,180,28,30,29,330,37*77
$GPGSV,3,3,11,02,41,150,33,12,17,060,31,25,72,015,45*4C
$GPRMC,100859.00,A,3859.4230,N,10700.1140,W,6.24,125.0,080726,,,A*74
$GPGGA,100900.00,3859.4220,N,10700.1122,W,1,11,0.90,2130.5,M,-18.0,M,,*5B
$GPGSA,A,3,05,07,13,15,18,20,24,30,02,12,25,,1.7,0.9,1.4*34
$GPGSV,3,1,11,05,55,120,44,07,34,210,38,13,21,300,35,15,60,045,44*72
$GPGSV,3,2,11,18,12,090,30,20,48,270,41,24,08,180,28,30,29,330,37*77
$GPGSV,3,3,11,02,41,150,33,12,17,060,31,25,72,015,45*4C
$GPRMC,100900.00,A,3859.4220,N,10700.1122,W,6.23,125.0,080726,,,A*7B
$GPGGA,100901.00,3859.4210,N,10700.1104,W,1,11,0.90,2129.9,M,-18.0,M,,*59
$GPGSA,A,3,05,07,13,15,18,20,24,30,02,12,25,,1.7,0.9,1.4*34
$GPGSV,3,1,11,05,55,120,44,07,34,210,38,13,21,300,35,15,60,045,44*72
$GPGSV,3,2,11,18,12,090,30,20,48,270,41,24,08,180,28,30,29,330,37*77
$GPGSV,3,3,11,02,41,150,33,12,17,060,31,25,72,015,45*4C
$GPRMC,100901.00,A,3859.4210,N,10700.1104,W,6.22,125.0,080726,,,A*7C
$GPGGA,100902.00,3859.4200,N,10700.1086,W,1,11,0.90,2129.4,M,-18.0,M,,*5D
$GPGSA,A,3,05,07,13,15,18,20,24,30,02,12,25,,1.7,0.9,1.4*34
$GPGSV,3,1,11,05,55,120,44,07,34,210,38,13,21,300,35,15,60,045,44*72
$GPGSV,3,2,11,18,12,090,30,20,48,270,41,24,08,180,28,30,29,330,37*77
$GPGSV,3,3,11,02,41,150,33,12,17,060,31,25,72,015,45*4C
$GPRMC,100902.00,A,3859.4200,N,10700.1086,W,6.21,125.0,080726,,,A*76
$GPGGA,100903.00,3859.4190,N,10700.1068,W,1,11,0.90,2128.8,M,-18.0,M,,*5B
$GPGSA,A,3,05,07,13,15,18,20,24,30,02,12,25,,1.7,0.9,1.4*34
$GPGSV,3,1,11,05,55,120,44,07,34,210,38,13,21,300,35,15,60,045,44*72
$GPGSV,3,2,11,18,12,090,30,20,48,270,41,24,08,180,28,30,29,330,37*77
$GPGSV,3,3,11,02,41,150,33,12,17,060,31,25,72,015,45*4C
$GPRMC,100903.00,A,3859.4190,N,10700.1068,W,6.20,125.0,080726,,,A*7C
$GPGGA,100904.00,3859.4180,N,10700.1049,W,1,11,0.90,2128.3,M,-18.0,M,,*55
$GPGSA,A,3,05,07,13,15,18,20,24,30,02,12,25,,1.7,0.9,1.4*34
$GPGSV,3,1,11,05,55,120,44,07,34,210,38,13,21,300,35,15,60,045,44*72
$GPGSV,3,2,11,18,12,090,30,20,48,270,41,24,08,180,28,30,29,330,37*77
$GPGSV,3,3,11,02,41,150,33,12,17,060,31,25,72,015,45*4C
$GPRMC,100904.00,A,3859.4180,N,10700.1049,W,6.20,125.0,080726,,,A*79
$GPGGA,100905.00,3859.4170,N,10700.1031,W,1,11,0.90,2127.7,M,-18.0,M,,*5F
$GPGSA,A,3,05,07,13,15,18,20,24,30,02,12,25,,1.7,0.9,1.4*34
$GPGSV,3,1,11,05,55,120,44,07,34,210,38,13,21,300,35,15,60,045,44*72
$GPGSV,3,2,11,18,12,090,30,20,48,270,41,24,08,180,28,30,29,330,37*77
$GPGSV,3,3,11,02,41,150,33,12,17,060,31,25,72,015,45*4C
$GPRMC,100905.00,A,3859.4170,N,10700.1031,W,6.19,125.0,080726,,,A*72
$GPGGA,100906.00,3859.4160,N,10700.1013,W,1,11,0.90,2127.2,M,-18.0,M,,*58
$GPGSA,A,3,05,07,13,15,18,20,24,30,02,12,25,,1.7,0.9,1.4*34
$GPGSV,3,1,11,05,55,120,44,07,34,210,38,13,21,300,35,15,60,045,44*72
$GPGSV,3,2,11,18,12,090,30,20,48,270,41,24,08,180,28,30,29,330,37*77
$GPGSV,3,3,11,02,41,150,33,12,17,060,31,25,72,015,45*4C
$GPRMC,100906.00,A,3859.4160,N,10700.1013,W,6.18,125.0,080726,,,A*71
$GPGGA,100907.00,3859.4151,N,10700.0995,W,1,11,0.90,2126.6,M,-18.0,M,,*58
$GPGSA,A,3,05,07,13,15,18,20,24,30,02,12,25,,1.7,0.9,1.4*34
$GPGSV,3,1,11,05,55,120,44,07,34,210,38,13,21,300,35,15,60,045,44*72
$GPGSV,3,2,11,18,12,090,30,20,48,270,41,24,08,180,28,30,29,330,37*77
$GPGSV,3,3,11,02,41,150,33,12,17,060,31,25,72,015,45*4C
$GPRMC,100907.00,A,3859.4151,N,10700.0995,W,6.17,125.0,080726,,,A*7B
$GPGGA,100908.00,3859.4141,N,10700.0977,W,1,11,0.90,2126.1,M,-18.0,M,,*5D
$GPGSA,A,3,05,07,13,15,18,20,24,30,02,12,25,,1.7,0.9,1.4*34
$GPGSV,3,1,11,05,55,120,44,07,34,210,38,13,21,300,35,15,60,045,44*72
$GPGSV,3,2,11,18,12,090,30,20,48,270,41,24,08,180,28,30,29,330,37*77
$GPGSV,3,3,11,02,41,150,33,12,17,060,31,25,72,015,45*4C
$GPRMC,100908.00,A,3859.4141,N,10700.0977,W,6.17,125.0,080726,,,A*79
$GPGGA,100909.00,3859.4131,N,10700.0959,W,1,11,0.90,2125.5,M,-18.0,M,,*50
$GPGSA,A,3,05,07,13,15,18,20,24,30,02,12,25,,1.7,0.9,1.4*34
$GPGSV,3,1,11,05,55,120,44,07,34,210,38,13,21,300,35,15,60,045,44*72
$GPGSV,3,2,11,18,12,090,30,20,48,270,41,24,08,180,28,30,29,330,37*77
$GPGSV,3,3,11,02,41,150,33,12,17,060,31,25,72,015,45*4C
$GPRMC,100909.00,A,3859.4131,N,10700.0959,W,6.16,125.0,080726,,,A*72
$GPGGA,100910.00,3859.4121,N,10700.0941,W,1,11,0.90,2125.0,M,-18.0,M,,*55
$GPGSA,A,3,05,07,13,15,18,20,24,30,02,12,25,,1.7,0.9,1.4*34
$GPGSV,3,1,11,05,55,120,44,07,34,210,38,13,21,300,35,15,60,045,44*72
$GPGSV,3,2,11,18,12,090,30,20,48,270,41,24,08,180,28,30,29,330,37*77
$GPGSV,3,3,11,02,41,150,33,12,17,060,31,25,72,015,45*4C
$GPRMC,100910.00,A,3859.4121,N,10700.0941,W,6.15,125.0,080726,,,A*71
$GPGGA,100911.00,3859.4111,N,10700.0923,W,1,11,0.90,2124.4,M,-18.0,M,,*56
$GPGSA,A,3,05,07,13,15,18,20,24,30,02,12,25,,1.7,0.9,1.4*34
$GPGSV,3,1,11,05,55,120,44,07,34,210,38,13,21,300,35,15,60,045,44*72
$GPGSV,3,2,11,18,12,090,30,20,48,270,41,24,08,180,28,30,29,330,37*77
$GPGSV,3,3,11,02,41,150,33,12,17,060,31,25,72,015,45*4C
$GPRMC,100911.00,A,3859.4111,N,10700.0923,W,6.14,125.0,080726,,,A*76
$GPGGA,100912.00,3859.4102,N,10700.0905,W,1,11,0.90,2123.9,M,-18.0,M,,*59
$GPGSA,A,3,05,07,13,15,18,20,24,30,02,12,25,,1.7,0.9,1.4*34
$GPGSV,3,1,11,05,55,120,44,07,34,210,38,13,21,300,35,15,60,045,44*72
$GPGSV,3,2,11,18,12,090,30,20,48,270,41,24,08,180,28,30,29,330,37*77
$GPGSV,3,3,11,02,41,150,33,12,17,060,31,25,72,015,45*4C
$GPRMC,100912.00,A,3859.4102,N,10700.0905,W,6.14,125.0,080726,,,A*73
$GPGGA,100913.00,3859.4092,N,10700.0887,W,1,11,0.90,2123.3,M,-18.0,M,,*51
$GPGSA,A,3,05,07,13,15,18,20,24,30,02,12,25,,1.7,0.9,1.4*34
$GPGSV,3,1,11,05,55,120,44,07,34,210,38,13,21,300,35,15,60,045,44*72
$GPGSV,3,2,11,18,12,090,30,20,48,270,41,24,08,180,28,30,29,330,37*77
$GPGSV,3,3,11,02,41,150,33,12,17,060,31,25,72,015,45*4C
$GPRMC,100913.00,A,3859.4092,N,10700.0887,W,6.13,125.0,080726,,,A*76
$GPGGA,100914.00,3859.4082,N,10700.0869,W,1,11,0.90,2122.8,M,-18.0,M,,*5D
$GPGSA,A,3,05,07,13,15,18,20,24,30,02,12,25,,1.7,0.9,1.4*34
$GPGSV,3,1,11,05,55,120,44,07,34,210,38,13,21,300,35,15,60,045,44*72
$GPGSV,3,2,11,18,12,090,30,20,48,270,41,24,08,180,28,30,29,330,37*77
$GPGSV,3,3,11,02,41,150,33,12,17,060,31,25,72,015,45*4C
$GPRMC,100914.00,A,3859.4082,N,10700.0869,W,6.12,125.0,080726,,,A*71
$GPGGA,100915.00,3859.4072,N,10700.0852,W,1,09,0.90,2122.3,M,-18.0,M,,*59
$GPGSA,A,3,05,07,13,15,18,20,24,30,02,,,,1.7,0.9,1.4*30
$GPGSV,3,1,09,05,55,120,44,07,34,210,38,13,21,300,35,15,60,045,44*7B
$GPGSV,3,2,09,18,12,090,30,20,48,270,41,24,08,180,28,30,29,330,37*7E
$GPGSV,3,3,09,02,41,150,33*43
$GPRMC,100915.00,A,3859.4072,N,10700.0852,W,6.11,125.0,080726,,,A*74
$GPGGA,100916.00,3859.4063,N,10700.0834,W,1,09,0.90,2121.7,M,-18.0,M,,*5D
$GPGSA,A,3,05,07,13,15,18,20,24,30,02,,,,1.7,0.9,1.4*30
$GPGSV,3,1,09,05,55,120,44,07,34,210,38,13,21,300,35,15,60,045,44*7B
$GPGSV,3,2,09,18,12,090,30,20,48,270,41,24,08,180,28,30,29,330,37*7E
$GPGSV,3,3,09,02,41,150,33*43
$GPRMC,100916.00,A,3859.4063,N,10700.0834,W,6.11,125.0,080726,,,A*77
$GPGGA,100917.00,3859.4053,N,10700.0816,W,1,09,0.90,2121.2,M,-18.0,M,,*5A
$GPGSA,A,3,05,07,13,15,18,20,24,30,02,,,,1.7,0.9,1.4*30
$GPGSV,3,1,09,05,55,120,44,07,34,210,38,13,21,300,35,15,60,045,44*7B
$GPGSV,3,2,09,18,12,090,30,20,48,270,41,24,08,180,28,30,29,330,37*7E
$GPGSV,3,3,09,02,41,150,33*43
$GPRMC,100917.00,A,3859.4053,N,10700.0816,W,6.10,125.0,080726,,,A*74
$GPGGA,100918.00,3859.4043,N,10700.0798,W,1,09,0.90,2120.6,M,-18.0,M,,*58
$GPGSA,A,3,05,07,13,15,18,20,24,30,02,,,,1.7,0.9,1.4*30
$GPGSV,3,1,09,05,55,120,44,07,34,210,38,13,21,300,35,15,60,045,44*7B
$GPGSV,3,2,09,18,12,090,30,20,48,270,41,24,08,180,28,30,29,330,37*7E
$GPGSV,3,3,09,02,41,150,33*43
$GPRMC,100918.00,A,3859.4043,N,10700.0798,W,6.09,125.0,080726,,,A*7B
$GPGGA,100919.00,3859.4034,N,10700.0780,W,1,09,0.90,2120.1,M,-18.0,M,,*57
$GPGSA,A,3,05,07,13,15,18,20,24,30,02,,,,1.7,0.9,1.4*30
$GPGSV,3,1,09,05,55,120,44,07,34,210,38,13,21,300,35,15,60,045,44*7B
$GPGSV,3,2,09,18,12,090,30,20,48,270,41,24,08,180,28,30,29,330,37*7E
$GPGSV,3,3,09,02,41,150,33*43
$GPRMC,100919.00,A,3859.4034,N,10700.0780,W,6.09,125.0,080726,,,A*73
$GPGGA,100920.00,3859.4024,N,10700.0762,W,1,09,0.90,2119.5,M,-18.0,M,,*5E
$GPGSA,A,3,05,07,13,15,18,20,24,30,02,,,,1.7,0.9,1.4*30
$GPGSV,3,1,09,05,55,120,44,07,34,210,38,13,21,300,35,15,60,045,44*7B
$GPGSV,3,2,09,18,12,090,30,20,48,270,41,24,08,180,28,30,29,330,37*7E
$GPGSV,3,3,09,02,41,150,33*43
$GPRMC,100920.00,A,3859.4024,N,10700.0762,W,6.08,125.0,080726,,,A*75
$GPGGA,100921.00,3859.4014,N,10700.0745,W,1,09,0.90,2119.0,M,-18.0,M,,*5C
$GPGSA,A,3,05,07,13,15,18,20,24,30,02,,,,1.7,0.9,1.4*30
$GPGSV,3,1,09,05,55,120,44,07,34,210,38,13,21,300,35,15,60,045,44*7B
$GPGSV,3,2,09,18,12,090,30,20,48,270,41,24,08,180,28,30,29,330,37*7E
$GPGSV,3,3,09,02,41,150,33*43
$GPRMC,100921.00,A,3859.4014,N,10700.0745,W,6.07,125.0,080726,,,A*7D
$GPGGA,100922.00,3859.4005,N,10700.0727,W,1,09,0.90,2118.4,M,-18.0,M,,*5E
$GPGSA,A,3,05,07,13,15,18,20,24,30,02,,,,1.7,0.9,1.4*30
$GPGSV,3,1,09,05,55,120,44,07,34,210,38,13,21,300,35,15,60,045,44*7B
$GPGSV,3,2,09,18,12,090,30,20,48,270,41,24,08,180,28,30,29,330,37*7E
$GPGSV,3,3,09,02,41,150,33*43
$GPRMC,100922.00,A,3859.4005,N,10700.0727,W,6.07,125.0,080726,,,A*7A
$GPGGA,100923.00,3859.3995,N,10700.0709,W,1,09,0.90,2117.9,M,-18.0,M,,*56
$GPGSA,A,3,05,07,13,15,18,20,24,30,02,,,,1.7,0.9,1.4*30
$GPGSV,3,1,09,05,55,120,44,07,34,210,38,13,21,300,35,15,60,045,44*7B
$GPGSV,3,2,09,18,12,090,30,20,48,270,41,24,08,180,28,30,29,330,37*7E
$GPGSV,3,3,09,02,41,150,33*43
$GPRMC,100923.00,A,3859.3995,N,10700.0709,W,6.06,125.0,080726,,,A*71
$GPGGA,100924.00,3859.3985,N,10700.0691,W,1,09,0.90,2117.4,M,-18.0,M,,*5D
$GPGSA,A,3,05,07,13,15,18,20,24,30,02,,,,1.7,0.9,1.4*30
$GPGSV,3,1,09,05,55,120,44,07,34,210,38,13,21,300,35,15,60,045,44*7B
$GPGSV,3,2,09,18,12,090,30,20,48,270,41,24,08,180,28,30,29,330,37*7E
$GPGSV,3,3,09,02,41,150,33*43
$GPRMC,100924.00,A,3859.3985,N,10700.0691,W,6.06,125.0,080726,,,A*77
$GPGGA,100925.00,3859.3976,N,10700.0674,W,1,09,0.90,2116.8,M,-18.0,M,,*56
$GPGSA,A,3,05,07,13,15,18,20,24,30,02,,,,1.7,0.9,1.4*30
$GPGSV,3,1,09,05,55,120,44,07,34,210,38,13,21,300,35,15,60,045,44*7B
$GPGSV,3,2,09,18,12,090,30,20,48,270,41,24,08,180,28,30,29,330,37*7E
$GPGSV,3,3,09,02,41,150,33*43
$GPRMC,100925.00,A,3859.3976,N,10700.0674,W,6.05,125.0,080726,,,A*72
$GPGGA,100926.00,3859.3966,N,10700.0656,W,1,09,0.90,2116.3,M,-18.0,M,,*5F
$GPGSA,A,3,05,07,13,15,18,20,24,30,02,,,,1.7,0.9,1.4*30
$GPGSV,3,1,09,05,55,120,44,07,34,210,38,13,21,300,35,15,60,045,44*7B
$GPGSV,3,2,09,18,12,090,30,20,48,270,41,24,08,180,28,30,29,330,37*7E
$GPGSV,3,3,09,02,41,150,33*43
$GPRMC,100926.00,A,3859.3966,N,10700.0656,W,6.04,125.0,080726,,,A*71
$GPGGA,100927.00,3859.3956,N,10700.0638,W,1,09,0.90,2115.7,M,-18.0,M,,*52
$GPGSA,A,3,05,07,13,15,18,20,24,30,02,,,,1.7,0.9,1.4*30
$GPGSV,3,1,09,05,55,120,44,07,34,210,38,13,21,300,35,15,60,045,44*7B
$GPGSV,3,2,09,18,12,090,30,20,48,270,41,24,08,180,28,30,29,330,37*7E
$GPGSV,3,3,09,02,41,150,33*43
$GPRMC,100927.00,A,3859.3956,N,10700.0638,W,6.04,125.0,080726,,,A*7B
$GPGGA,100928.00,3859.3947,N,10700.0621,W,1,09,0.90,2115.2,M,-18.0,M,,*50
$GPGSA,A,3,05,07,13,15,18,20,24,30,02,,,,1.7,0.9,1.4*30
$GPGSV,3,1,09,05,55,120,44,07,34,210,38,13,21,300,35,15,60,045,44*7B
$GPGSV,3,2,09,18,12,090,30,20,48,270,41,24,08,180,28,30,29,330,37*7E
$GPGSV,3,3,09,02,41,150,33*43
$GPRMC,100928.00,A,3859.3947,N,10700.0621,W,6.03,125.0,080726,,,A*7B
$GPGGA,100929.00,3859.3937,N,10700.0603,W,1,09,0.90,2114.7,M,-18.0,M,,*52
$GPGSA,A,3,05,07,13,15,18,20,24,30,02,,,,1.7,0.9,1.4*30
$GPGSV,3,1,09,05,55,120,44,07,34,210,38,13,21,300,35,15,60,045,44*7B
$GPGSV,3,2,09,18,12,090,30,20,48,270,41,24,08,180,28,30,29,330,37*7E
$GPGSV,3,3,09,02,41,150,33*43
$GPRMC,100929.00,A,3859.3937,N,10700.0603,W,6.03,125.0,080726,,,A*7D
$GPGGA,100930.00,3859.3928,N,10700.0585,W,1,09,0.90,2114.1,M,-18.0,M,,*5F
$GPGSA,A,3,05,07,13,15,18,20,24,30,02,,,,1.7,0.9,1.4*30
$GPGSV,3,1,09,05,55,120,44,07,34,210,38,13,21,300,35,15,60,045,44*7B
$GPGSV,3,2,09,18,12,090,30,20,48,270,41,24,08,180,28,30,29,330,37*7E
$GPGSV,3,3,09,02,41,150,33*43
$GPRMC,100930.00,A,3859.3928,N,10700.0585,W,6.02,125.0,080726,,,A*77
$GPGGA,100931.00,3859.3918,N,10700.0568,W,1,09,0.90,2113.6,M,-18.0,M,,*5E
$GPGSA,A,3,05,07,13,15,18,20,24,30,02,,,,1.7,0.9,1.4*30
$GPGSV,3,1,09,05,55,120,44,07,34,210,38,13,21,300,35,15,60,045,44*7B
$GPGSV,3,2,09,18,12,090,30,20,48,270,41,24,08,180,28,30,29,330,37*7E
$GPGSV,3,3,09,02,41,150,33*43
$GPRMC,100931.00,A,3859.3918,N,10700.0568,W,6.02,125.0,080726,,,A*76
$GPGGA,100932.00,3859.3909,N,10700.0550,W,1,09,0.90,2113.1,M,-18.0,M,,*51
$GPGSA,A,3,05,07,13,15,18,20,24,30,02,,,,1.7,0.9,1.4*30
$GPGSV,3,1,09,05,55,120,44,07,34,210,38,13,21,300,35,15,60,045,44*7B
$GPGSV,3,2,09,18,12,090,30,20,48,270,41,24,08,180,28,30,29,330,37*7E
$GPGSV,3,3,09,02,41,150,33*43
$GPRMC,100932.00,A,3859.3909,N,10700.0550,W,6.01,125.0,080726,,,A*7D
$GPGGA,100933.00,3859.3899,N,10700.0533,W,1,09,0.90,2112.5,M,-18.0,M,,*58
$GPGSA,A,3,05,07,13,15,18,20,24,30,02,,,,1.7,0.9,1.4*30
$GPGSV,3,1,09,05,55,120,44,07,34,210,38,13,21,300,35,15,60,045,44*7B
$GPGSV,3,2,09,18,12,090,30,20,48,270,41,24,08,180,28,30,29,330,37*7E
$GPGSV,3,3,09,02,41,150,33*43
$GPRMC,100933.00,A,3859.3899,N,10700.0533,W,6.01,125.0,080726,,,A*71
$GPGGA,100934.00,3859.3889,N,10700.0515,W,1,09,0.90,2112.0,M,-18.0,M,,*5F
$GPGSA,A,3,05,07,13,15,18,20,24,30,02,,,,1.7,0.9,1.4*30
$GPGSV,3,1,09,05,55,120,44,07,34,210,38,13,21,300,35,15,60,045,44*7B
$GPGSV,3,2,09,18,12,090,30,20,48,270,41,24,08,180,28,30,29,330,37*7E
$GPGSV,3,3,09,02,41,150,33*43
$GPRMC,100934.00,A,3859.3889,N,10700.0515,W,6.00,125.0,080726,,,A*72
$GPGGA,100935.00,3859.3880,N,10700.0498,W,1,09,0.90,2111.5,M,-18.0,M,,*55
$GPGSA,A,3,05,07,13,15,18,20,24,30,02,,,,1.7,0.9,1.4*30
$GPGSV,3,1,09,05,55,120,44,07,34,210,38,13,21,300,35,15,60,045,44*7B
$GPGSV,3,2,09,18,12,090,30,20,48,270,41,24,08,180,28,30,29,330,37*7E
$GPGSV,3,3,09,02,41,150,33*43
$GPRMC,100935.00,A,3859.3880,N,10700.0498,W,6.00,125.0,080726,,,A*7E
$GPGGA,100936.00,3859.3870,N,10700.0480,W,1,09,0.90,2111.0,M,-18.0,M,,*55
$GPGSA,A,3,05,07,13,15,18,20,24,30,02,,,,1.7,0.9,1.4*30
$GPGSV,3,1,09,05,55,120,44,07,34,210,38,13,21,300,35,15,60,045,44*7B
$GPGSV,3,2,09,18,12,090,30,20,48,270,41,24,08,180,28,30,29,330,37*7E
$GPGSV,3,3,09,02,41,150,33*43
$GPRMC,100936.00,A,3859.3870,N,10700.0480,W,5.99,125.0,080726,,,A*78
$GPGGA,100937.00,3859.3861,N,10700.0463,W,1,09,0.90,2110.4,M,-18.0,M,,*5C
$GPGSA,A,3,05,07,13,15,18,20,24,30,02,,,,1.7,0.9,1.4*30
$GPGSV,3,1,09,05,55,120,44,07,34,210,38,13,21,300,35,15,60,045,44*7B
$GPGSV,3,2,09,18,12,090,30,20,48,270,41,24,08,180,28,30,29,330,37*7E
$GPGSV,3,3,09,02,41,150,33*43
$GPRMC,100937.00,A,3859.3861,N,10700.0463,W,5.99,125.0,080726,,,A*74
$GPGGA,100938.00,3859.3851,N,10700.0445,W,1,09,0.90,2109.9,M,-18.0,M,,*51
$GPGSA,A,3,05,07,13,15,18,20,24,30,02,,,,1.7,0.9,1.4*30
$GPGSV,3,1,09,05,55,120,44,07,34,210,38,13,21,300,35,15,60,045,44*7B
$GPGSV,3,2,09,18,12,090,30,20,48,270,41,24,08,180,28,30,29,330,37*7E
$GPGSV,3,3,09,02,41,150,33*43
$GPRMC,100938.00,A,3859.3851,N,10700.0445,W,5.99,125.0,080726,,,A*7C
$GPGGA,100939.00,3859.3842,N,10700.0428,W,1,09,0.90,2109.4,M,-18.0,M,,*54
$GPGSA,A,3,05,07,13,15,18,20,24,30,02,,,,1.7,0.9,1.4*30
$GPGSV,3,1,09,05,55,120,44,07,34,210,38,13,21,300,35,15,60,045,44*7B
$GPGSV,3,2,09,18,12,090,30,20,48,270,41,24,08,180,28,30,29,330,37*7E
$GPGSV,3,3,09,02,41,150,33*43
$GPRMC,100939.00,A,3859.3842,N,10700.0428,W,5.98,125.0,080726,,,A*75
$GPGGA,100940.00,3859.3832,N,10700.0410,W,1,09,0.90,2108.9,M,-18.0,M,,*5A
$GPGSA,A,3,05,07,13,15,18,20,24,30,02,,,,1.7,0.9,1.4*30
$GPGSV,3,1,09,05,55,120,44,07,34,210,38,13,21,300,35,15,60,045,44*7B
$GPGSV,3,2,09,18,12,090,30,20,48,270,41,24,08,180,28,30,29,330,37*7E
$GPGSV,3,3,09,02,41,150,33*43
$GPRMC,100940.00,A,3859.3832,N,10700.0410,W,5.98,125.0,080726,,,A*77
$GPGGA,100941.00,3859.3823,N,10700.0393,W,1,09,0.90,2108.4,M,-18.0,M,,*5A
$GPGSA,A,3,05,07,13,15,18,20,24,30,02,,,,1.7,0.9,1.4*30
$GPGSV,3,1,09,05,55,120,44,07,34,210,38,13,21,300,35,15,60,045,44*7B
$GPGSV,3,2,09,18,12,090,30,20,48,270,41,24,08,180,28,30,29,330,37*7E
$GPGSV,3,3,09,02,41,150,33*43
$GPRMC,100941.00,A,3859.3823,N,10700.0393,W,5.97,125.0,080726,,,A*75
$GPGGA,100942.00,3859.3813,N,10700.0375,W,1,09,0.90,2107.8,M,-18.0,M,,*51
$GPGSA,A,3,05,07,13,15,18,20,24,30,02,,,,1.7,0.9,1.4*30
$GPGSV,3,1,09,05,55,120,44,07,34,210,38,13,21,300,35,15,60,045,44*7B
$GPGSV,3,2,09,18,12,090,30,20,48,270,41,24,08,180,28,30,29,330,37*7E
$GPGSV,3,3,09,02,41,150,33*43
$GPRMC,100942.00,A,3859.3813,N,10700.0375,W,5.97,125.0,080726,,,A*7D
$GPGGA,100943.00,3859.3804,N,10700.0358,W,1,09,0.90,2107.3,M,-18.0,M,,*52
$GPGSA,A,3,05,07,13,15,18,20,24,30,02,,,,1.7,0.9,1.4*30
$GPGSV,3,1,09,05,55,120,44,07,34,210,38,13,21,300,35,15,60,045,44*7B
$GPGSV,3,2,09,18,12,090,30,20,48,270,41,24,08,180,28,30,29,330,37*7E
$GPGSV,3,3,09,02,41,150,33*43
$GPRMC,100943.00,A,3859.3804,N,10700.0358,W,5.97,125.0,080726,,,A*75
$GPGGA,100944.00,3859.3794,N,10700.0340,W,1,09,0.90,2106.8,M,-18.0,M,,*50
$GPGSA,A,3,05,07,13,15,18,20,24,30,02,,,,1.7,0.9,1.4*30
$GPGSV,3,1,09,05,55,120,44,07,34,210,38,13,21,300,35,15,60,045,44*7B
$GPGSV,3,2,09,18,12,090,30,20,48,270,41,24,08,180,28,30,29,330,37*7E
$GPGSV,3,3,09,02,41,150,33*43
$GPRMC,100944.00,A,3859.3794,N,10700.0340,W,5.96,125.0,080726,,,A*7C
$GPGGA,100945.00,3859.3785,N,10700.0323,W,1,09,0.90,2106.3,M,-18.0,M,,*5F
$GPGSA,A,3,05,07,13,15,18,20,24,30,02,,,,1.7,0.9,1.4*30
$GPGSV,3,1,09,05,55,120,44,07,34,210,38,13,21,300,35,15,60,045,44*7B
$GPGSV,3,2,09,18,12,090,30,20,48,270,41,24,08,180,28,30,29,330,37*7E
$GPGSV,3,3,09,02,41,150,33*43
$GPRMC,100945.00,A,3859.3785,N,10700.0323,W,5.96,125.0,080726,,,A*78
$GPGGA,100946.00,3859.3775,N,10700.0305,W,1,09,0.90,2105.8,M,-18.0,M,,*5F
$GPGSA,A,3,05,07,13,15,18,20,24,30,02,,,,1.7,0.9,1.4*30
$GPGSV,3,1,09,05,55,120,44,07,34,210,38,13,21,300,35,15,60,045,44*7B
$GPGSV,3,2,09,18,12,090,30,20,48,270,41,24,08,180,28,30,29,330,37*7E
$GPGSV,3,3,09,02,41,150,33*43
$GPRMC,100946.00,A,3859.3775,N,10700.0305,W,5.96,125.0,080726,,,A*70
$GPGGA,100947.00,3859.3766,N,10700.0288,W,1,09,0.90,2105.3,M,-18.0,M,,*53
$GPGSA,A,3,05,07,13,15,18,20,24,30,02,,,,1.7,0.9,1.4*30
$GPGSV,3,1,09,05,55,120,44,07,34,210,38,13,21,300,35,15,60,045,44*7B
$GPGSV,3,2,09,18,12,090,30,20,48,270,41,24,08,180,28,30,29,330,37*7E
$GPGSV,3,3,09,02,41,150,33*43
$GPRMC,100947.00,A,3859.3766,N,10700.0288,W,5.95,125.0,080726,,,A*74
$GPGGA,100948.00,3859.3756,N,10700.0271,W,1,09,0.90,2104.8,M,-18.0,M,,*53
$GPGSA,A,3,05,07,13,15,18,20,24,30,02,,,,1.7,0.9,1.4*30
$GPGSV,3,1,09,05,55,120,44,07,34,210,38,13,21,300,35,15,60,045,44*7B
$GPGSV,3,2,09,18,12,090,30,20,48,270,41,24,08,180,28,30,29,330,37*7E
$GPGSV,3,3,09,02,41,150,33*43
$GPRMC,100948.00,A,3859.3756,N,10700.0271,W,5.95,125.0,080726,,,A*7E
$GPGGA,100949.00,3859.3747,N,10700.0253,W,1,09,0.90,2104.3,M,-18.0,M,,*59
$GPGSA,A,3,05,07,13,15,18,20,24,30,02,,,,1.7,0.9,1.4*30
$GPGSV,3,1,09,05,55,120,44,07,34,210,38,13,21,300,35,15,60,045,44*7B
$GPGSV,3,2,09,18,12,090,30,20,48,270,41,24,08,180,28,30,29,330,37*7E
$GPGSV,3,3,09,02,41,150,33*43
$GPRMC,100949.00,A,3859.3747,N,10700.0253,W,5.95,125.0,080726,,,A*7F
$GPGGA,100950.00,3859.3737,N,10700.0236,W,1,09,0.90,2103.8,M,-18.0,M,,*59
$GPGSA,A,3,05,07,13,15,18,20,24,30,02,,,,1.7,0.9,1.4*30
$GPGSV,3,1,09,05,55,120,44,07,34,210,38,13,21,300,35,15,60,045,44*7B
$GPGSV,3,2,09,18,12,090,30,20,48,270,41,24,08,180,28,30,29,330,37*7E
$GPGSV,3,3,09,02,41,150,33*43
$GPRMC,100950.00,A,3859.3737,N,10700.0236,W,5.95,125.0,080726,,,A*73
$GPGGA,100951.00,3859.3728,N,10700.0219,W,1,09,0.90,2103.3,M,-18.0,M,,*50
$GPGSA,A,3,05,07,13,15,18,20,24,30,02,,,,1.7,0.9,1.4*30
$GPGSV,3,1,09,05,55,120,44,07,34,210,38,13,21,300,35,15,60,045,44*7B
$GPGSV,3,2,09,18,12,090,30,20,48,270,41,24,08,180,28,30,29,330,37*7E
$GPGSV,3,3,09,02,41,150,33*43
$GPRMC,100951.00,A,3859.3728,N,10700.0219,W,5.94,125.0,080726,,,A*70
$GPGGA,100952.00,3859.3718,N,10700.0201,W,1,10,0.90,2102.8,M,-18.0,M,,*5B
$GPGSA,A,3,05,07,13,15,18,20,24,30,02,12,,,1.7,0.9,1.4*33
$GPGSV,3,1,10,05,55,120,44,07,34,210,38,13,21,300,35,15,60,045,44*73
$GPGSV,3,2,10,18,12,090,30,20,48,270,41,24,08,180,28,30,29,330,37*76
$GPGSV,3,3,10,02,41,150,33,12,17,060,31*7A
$GPRMC,100952.00,A,3859.3718,N,10700.0201,W,5.94,125.0,080726,,,A*79
$GPGGA,100953.00,3859.3709,N,10700.0184,W,1,10,0.90,2102.3,M,-18.0,M,,*5F
$GPGSA,A,3,05,07,13,15,18,20,24,30,02,12,,,1.7,0.9,1.4*33
$GPGSV,3,1,10,05,55,120,44,07,34,210,38,13,21,300,35,15,60,045,44*73
$GPGSV,3,2,10,18,12,090,30,20,48,270,41,24,08,180,28,30,29,330,37*76
$GPGSV,3,3,10,02,41,150,33,12,17,060,31*7A
$GPRMC,100953.00,A,3859.3709,N,10700.0184,W,5.94,125.0,080726,,,A*76
$GPGGA,100954.00,3859.3700,N,10700.0166,W,1,10,0.90,2101.8,M,-18.0,M,,*55
$GPGSA,A,3,05,07,13,15,18,20,24,30,02,12,,,1.7,0.9,1.4*33
$GPGSV,3,1,10,05,55,120,44,07,34,210,38,13,21,300,35,15,60,045,44*73
$GPGSV,3,2,10,18,12,090,30,20,48,270,41,24,08,180,28,30,29,330,37*76
$GPGSV,3,3,10,02,41,150,33,12,17,060,31*7A
$GPRMC,100954.00,A,3859.3700,N,10700.0166,W,5.94,125.0,080726,,,A*74
$GPGGA,100955.00,3859.3690,N,10700.0149,W,1,10,0.90,2101.3,M,-18.0,M,,*5A
$GPGSA,A,3,05,07,13,15,18,20,24,30,02,12,,,1.7,0.9,1.4*33
$GPGSV,3,1,10,05,55,120,44,07,34,210,38,13,21,300,35,15,60,045,44*73
$GPGSV,3,2,10,18,12,090,30,20,48,270,41,24,08,180,28,30,29,330,37*76
$GPGSV,3,3,10,02,41,150,33,12,17,060,31*7A
$GPRMC,100955.00,A,3859.3690,N,10700.0149,W,5.94,125.0,080726,,,A*70
$GPGGA,100956.00,3859.3681,N,10700.0132,W,1,10,0.90,2100.8,M,-18.0,M,,*5F
$GPGSA,A,3,05,07,13,15,18,20,24,30,02,12,,,1.7,0.9,1.4*33
$GPGSV,3,1,10,05,55,120,44,07,34,210,38,13,21,300,35,15,60,045,44*73
$GPGSV,3,2,10,18,12,090,30,20,48,270,41,24,08,180,28,30,29,330,37*76
$GPGSV,3,3,10,02,41,150,33,12,17,060,31*7A
$GPRMC,100956.00,A,3859.3681,N,10700.0132,W,5.93,125.0,080726,,,A*78
$GPGGA,100957.00,3859.3671,N,10700.0114,W,1,10,0.90,2100.4,M,-18.0,M,,*59
$GPGSA,A,3,05,07,13,15,18,20,24,30,02,12,,,1.7,0.9,1.4*33
$GPGSV,3,1,10,05,55,120,44,07,34,210,38,13,21,300,35,15,60,045,44*73
$GPGSV,3,2,10,18,12,090,30,20,48,270,41,24,08,180,28,30,29,330,37*76
$GPGSV,3,3,10,02,41,150,33,12,17,060,31*7A
$GPRMC,100957.00,A,3859.3671,N,10700.0114,W,5.93,125.0,080726,,,A*72
$GPGGA,100958.00,3859.3662,N,10700.0097,W,1,10,0.90,2099.9,M,-18.0,M,,*52
$GPGSA,A,3,05,07,13,15,18,20,24,30,02,12,,,1.7,0.9,1.4*33
$GPGSV,3,1,10,05,55,120,44,07,34,210,38,13,21,300,35,15,60,045,44*73
$GPGSV,3,2,10,18,12,090,30,20,48,270,41,24,08,180,28,30,29,330,37*76
$GPGSV,3,3,10,02,41,150,33,12,17,060,31*7A
$GPRMC,100958.00,A,3859.3662,N,10700.0097,W,5.93,125.0,080726,,,A*75
$GPGGA,100959.00,3859.3652,N,10700.0080,W,1,10,0.90,2099.4,M,-18.0,M,,*5B
$GPGSA,A,3,05,07,13,15,18,20,24,30,02,12,,,1.7,0.9,1.4*33
$GPGSV,3,1,10,05,55,120,44,07,34,210,38,13,21,300,35,15,60,045,44*73
$GPGSV,3,2,10,18,12,090,30,20,48,270,41,24,08,180,28,30,29,330,37*76
$GPGSV,3,3,10,02,41,150,33,12,17,060,31*7A
$GPRMC,100959.00,A,3859.3652,N,10700.0080,W,5.93,125.0,080726,,,A*71
